-127,29,-19,-3,98,16,32,-33,6,66,-141,0,50,-6,58,34,13,-162,70,-100,-3,66,-32,-146,33,-15,147,124,-50,-161,23,49,72,-29,-23,-23,-43,105,-51,38,86,1,-56,-80,64,-145,67,-127,12,14,149,37,18,-16,-86,92,15,2,-85,9,-92,8,-10,101,20,-87,-120,-15,26,7,-124,-38,-6,2,-63,-37,53,150,-105,-48,176,93,-80,24,196,-168,65,107,71,-104,-18,-54,-80,-149,120,-161,-10,-58,10,-130
52,219,72,44,-18,163,-87,-138,-139,28,83,-175,-88,65,-88,171,28,110,108,-140,-72,-85,-66,-185,218,-57,-82,-168,-64,97,-99,36,-26,-58,131,71,-97,-71,26,-87,-132,-117,133,-147,42,-27,-63,152,-121,-3,-33,-108,-8,-21,47,-121,127,-96,27,-191,155,74,185,-13,-176,-158,29,-20,-7,67,149,-21,-111,-1,-137,86,5,197,-19,-82,-71,25,47,-37,-75,-45,-13,105,-104,171,-188,-14,91,60,61,28,-34,-14,54,-13
-75,-239,7,35,-49,-6,128,256,55,2,-78,147,155,20,-47,66,-34,17,-20,202,119,80,-83,-120,-15,79,-59,61,30,-39,11,-89,17,-145,-179,90,-39,-110,-17,-113,2,-127,-157,199,-122,-99,34,28,76,26,5,-28,-202,-56,-24,-6,-42,10,-132,-3,-16,96,62,78,-5,19,-88,-68,145,100,-89,41,51,-120,84,-61,105,-49,7,-56,99,-22,106,29,-6,-52,-15,23,-118,-74,-34,80,-62,67,231,185,40,-103,-89,70
-62,121,45,97,78,-56,24,13,12,164,-41,-150,180,-86,-112,91,-79,-57,55,39,-132,10,15,69,-14,-88,97,-47,11,-24,111,86,-11,106,58,17,-20,-123,27,-10,-131,121,-46,-142,-29,-101,24,-23,-47,4,19,-78,-25,269,-106,203,208,-192,217,-100,-56,-107,-62,-155,-41,10,-33,43,8,-152,-6,-37,152,-19,-156,-99,-74,-95,-28,-3,-17,-229,159,174,-103,-5,-81,-91,-124,41,-8,83,91,-151,82,-37,6,-70,69,84
-17,-35,78,-55,-74,54,-15,-67,193,-69,146,1,-82,-55,-102,58,-36,103,-144,-28,-11,-87,-61,159,-13,-103,-9,35,79,-111,80,50,-84,241,227,26,99,184,125,169,33,13,62,28,-48,44,61,29,76,-141,-129,138,-83,0,-112,-126,-189,-176,-24,186,-189,-57,-18,41,-92,-51,23,-44,-42,27,101,-7,-70,-147,-8,115,67,93,-99,136,-118,135,69,-17,57,25,283,96,-123,-94,39,39,-7,-98,-71,-24,45,-44,-6,2
-196,91,2,19,36,-13,76,16,97,-80,-181,-88,25,-72,59,11,-8,12,130,-63,-112,-86,140,-145,-32,115,-93,29,-61,-247,-51,57,59,10,-66,76,60,77,212,-89,14,-27,-68,-28,-24,-159,-59,-18,236,-141,-67,-67,-26,85,114,20,-25,-70,23,30,-119,-160,-73,-11,102,92,-100,29,44,35,-31,-58,-119,313,-202,76,-175,101,3,66,4,54,-125,-27,-55,-178,-136,64,125,22,113,68,58,0,-158,98,-52,-88,-6,18
53,-71,51,-70,-182,131,-6,-41,51,5,-7,108,-26,73,39,6,141,9,96,-37,-71,-2,142,-76,-10,-80,1,89,216,164,102,81,-83,46,-170,2,-88,152,97,34,174,-7,-90,-41,19,-15,-23,-24,-105,50,-73,20,29,144,6,-54,33,-55,-157,22,67,-42,2,67,100,108,19,65,80,-19,-124,-47,-114,80,-89,153,184,-84,-26,5,-2,78,-105,-56,-79,121,147,-73,9,43,46,11,-110,-251,-54,24,30,83,-139,28
-29,-11,5,-51,125,-94,45,-20,-17,29,97,16,96,101,42,238,16,-63,18,-90,-274,133,91,76,48,105,-115,7,201,-87,-152,-94,-25,-70,107,6,51,72,83,61,97,101,-120,-30,-93,-178,21,-78,-49,-101,-87,51,-91,-151,115,89,-63,-135,76,-106,-76,-25,-83,-102,27,53,-18,-216,6,70,-159,-138,252,46,-112,-28,41,-74,11,45,30,-13,96,32,103,15,90,-118,-29,143,-43,-17,66,-91,-116,-6,-23,45,-45,135
58,-130,-25,54,2,-1,16,-115,104,-17,-51,2,7,-22,34,54,50,10,-49,-9,114,32,-179,-27,-50,-125,-26,2,48,122,-2,-41,-59,-45,121,-81,-27,155,32,18,-64,139,-82,41,-90,74,63,223,-26,-170,-171,97,49,-80,161,-190,-185,-13,46,-104,93,88,212,83,-138,62,143,-87,10,91,62,-40,-28,131,64,99,-37,72,-4,62,39,66,1,12,42,-77,78,44,44,-119,-242,-17,-95,169,14,2,-39,-137,119,-67
-46,-38,111,3,68,-133,-5,78,3,21,-49,209,138,-48,-60,-95,209,94,-189,-70,131,-297,-155,30,-66,-64,-81,68,-212,2,168,245,-34,-106,-129,-83,-141,-44,48,-138,-27,-36,46,-111,21,175,-79,52,-127,118,26,35,49,-44,59,258,-74,121,-154,101,150,246,30,216,31,-53,17,132,126,21,120,102,-351,-135,-261,13,94,-223,97,-52,85,64,-18,-114,-148,-42,17,-44,130,9,-152,20,-178,3,-52,-98,-126,-87,44,-2
-44,-68,20,-137,44,46,184,-13,-82,-135,-119,-97,19,-13,-48,137,147,78,17,67,-193,75,-10,-188,-68,-15,213,-109,-121,-89,111,10,-117,101,21,-130,-55,-36,-3,187,17,-183,120,17,-30,-8,40,39,-38,-13,29,-51,-64,-12,-67,10,87,130,58,94,58,-88,43,124,164,-2,-30,53,16,14,-72,31,25,219,-97,-51,-8,142,130,-100,9,-125,104,20,180,-35,-10,131,15,6,19,91,59,58,39,149,18,8,-9,16
44,118,-7,-110,-36,-52,77,-120,100,-154,63,83,7,90,50,-80,23,261,80,27,-105,-3,57,111,-129,101,107,47,-139,-106,50,-114,-4,26,43,-115,8,-12,-85,23,50,-29,248,-51,-33,-112,-178,196,21,33,-136,-46,-22,-99,316,-17,142,-94,2,94,-228,-90,-122,14,-13,-75,-108,182,-25,143,101,42,23,83,-179,144,-121,110,45,158,-249,2,-18,15,55,-5,-143,50,-83,-29,-75,9,-41,27,-141,-92,-101,4,56,-106
85,244,99,-39,-87,-8,-47,7,-22,-57,70,-26,-76,-14,-30,-132,-18,-40,4,-179,-88,-221,110,187,10,-34,-80,-99,86,31,-85,114,61,49,171,120,124,-169,190,62,-7,-72,41,-149,102,-170,53,163,-150,-23,-48,56,2,97,-43,-8,165,-94,-25,-103,76,-25,-42,-64,54,-173,-14,-75,-116,-65,220,60,28,60,32,48,51,-17,-300,-39,-53,-7,86,226,-83,-36,122,-202,49,91,-96,-156,-20,-22,-38,-123,138,46,-25,15
-13,-47,68,122,-54,-44,-42,68,-282,85,102,-36,-68,54,112,43,-40,24,-23,26,194,36,-61,25,-124,113,-149,12,-87,4,-112,-12,127,72,-37,48,-113,-24,-114,0,-80,36,77,106,-22,-160,64,47,-86,17,173,-58,155,-34,13,133,-121,59,151,-53,-28,-31,-151,2,-62,-19,-44,95,16,-3,-133,-163,110,-1,27,25,-14,-244,76,11,-166,-32,186,-47,122,48,2,-10,162,-43,-100,69,-67,30,107,54,4,-68,85,-51
-90,-82,-14,76,-119,122,7,49,53,-21,73,-75,-113,-35,38,-275,72,132,-68,-29,96,12,124,115,-40,-85,-35,193,87,151,151,-120,-91,-67,137,4,-140,56,-40,-12,-61,-30,4,-203,-117,-97,-47,-45,-94,30,-3,39,-42,-13,6,-13,-32,-111,60,54,174,-84,-22,100,-26,159,-49,-20,-85,-212,-5,40,-67,86,-78,-85,139,-142,-77,81,-39,-121,-123,-24,-93,40,-69,79,82,-47,53,-45,116,-15,-62,-40,81,62,-146,37
59,13,-143,-129,-41,-14,191,-11,67,48,45,54,23,-262,-68,172,2,29,-154,-134,133,123,-10,78,-182,64,-73,133,19,-137,80,-75,20,-13,275,-40,138,-88,-11,93,89,-9,-58,-166,-155,-45,-75,206,0,-74,-15,-46,12,-10,-4,-39,-110,38,-25,-15,-171,-111,-35,22,12,-34,-36,109,139,-45,308,-56,-19,28,-4,1,42,65,-107,25,55,-18,65,-87,65,-62,54,71,91,94,-91,-42,-53,-131,51,-156,-39,-39,-99,60
-163,-70,-8,137,74,-29,98,8,-84,64,-80,-60,-191,-119,-26,50,-15,128,-44,-54,42,243,5,19,182,-227,33,21,231,104,-119,-97,39,-26,170,152,50,36,-3,-41,-29,252,-98,18,11,6,16,-35,-7,59,40,-168,17,-80,-10,59,49,-41,2,-10,-31,-34,131,-97,-53,74,-47,-120,231,14,-14,-20,-24,-85,-118,-24,21,123,56,-60,10,-64,43,-17,94,-97,28,116,-110,-89,54,0,-43,114,122,-4,21,46,-6,-115
-78,-42,-38,64,26,-83,-84,84,-121,135,-73,17,-141,-32,-156,102,86,0,-122,-25,78,-130,-56,-28,-23,-82,-24,-145,-56,88,-42,10,52,43,-56,-56,108,-30,28,20,-112,53,-110,-39,-73,165,-8,-159,100,43,30,-56,113,70,-240,68,-32,8,50,8,-32,-49,114,55,-12,69,95,-84,91,-110,-71,80,-105,-25,78,-88,81,44,79,-65,-157,126,-43,-50,46,-12,-6,119,-71,-148,-69,-48,-64,156,-37,114,37,-129,15,-12
-70,-21,119,11,29,184,-102,-132,-15,-42,148,25,-18,-25,109,-85,-105,73,195,73,120,-179,102,128,102,-113,0,105,129,-7,45,-14,127,-72,-13,102,-27,70,24,71,170,56,162,-164,84,-49,130,-142,-17,-56,76,101,52,65,109,187,93,-49,-22,-108,92,270,22,50,2,-33,77,-115,88,-64,83,22,-99,-78,-209,-182,0,21,-65,39,-73,-73,-56,73,50,-13,92,48,89,126,10,-31,-17,-8,-67,-56,1,28,-55,-160
-57,-61,80,103,25,-14,-55,-56,-70,82,-31,91,-10,-28,171,-82,67,86,53,-119,93,129,-199,127,17,-84,15,-25,2,212,-123,42,-104,-10,-33,-80,-37,16,-100,35,102,-84,-64,-55,27,79,114,34,-73,-61,60,-66,99,-34,-85,-99,-11,-111,38,76,23,-126,-2,-19,83,-3,47,90,-155,-38,-74,-74,110,161,7,-56,74,45,-18,-123,-17,-97,-13,-47,-36,219,163,-65,88,-46,37,55,67,61,-86,-35,-85,132,44,15
133,-103,114,132,-116,-217,57,-17,36,-22,227,166,80,133,62,-93,22,-16,-17,-46,-88,-56,-208,46,-31,39,-16,3,-145,-25,-56,-23,50,-7,18,36,-131,-95,-20,33,124,-104,-87,-97,-10,-61,76,66,-29,135,2,-159,71,-166,-26,-14,-59,15,120,12,-56,-119,-303,67,147,55,28,277,-116,-19,-86,65,135,49,140,24,-123,-166,43,-326,73,-80,20,-138,-125,-31,-118,24,130,15,10,-58,-121,-25,47,-58,-195,-207,121,302
106,121,-1,116,30,-177,-145,-139,-183,-86,161,68,-77,131,115,-44,147,-128,4,-88,-150,73,-78,-12,-40,-103,84,-8,63,24,39,-52,35,43,57,-106,-38,-147,-159,11,-118,-43,-124,118,88,-67,-195,147,-161,84,-138,62,-65,-166,-73,-78,13,-73,102,-79,-146,36,-19,-47,13,-181,-35,5,-63,79,-118,238,113,-27,110,88,-48,127,-17,68,0,24,49,-28,-21,-21,112,-25,8,70,47,-76,-30,-18,-31,43,64,72,124,203
75,4,35,-32,-251,-41,0,26,34,-179,117,-245,-160,151,124,-240,-94,-121,-140,-89,5,16,126,117,-79,47,55,-163,-66,92,-18,-45,77,-109,155,28,9,-41,-162,18,66,-85,-9,-38,53,-64,-123,-42,-138,29,124,185,0,25,195,36,-154,12,82,32,-61,-27,-170,-28,-84,6,17,112,7,-95,-19,-57,136,-66,81,-118,-80,-86,-59,-10,6,-163,164,-84,21,-188,-67,52,9,10,24,-37,-27,-47,-173,-54,0,159,101,35
-33,19,-12,110,37,-4,-96,90,-76,59,-62,88,87,175,115,-95,-77,51,8,-69,53,-20,8,93,16,139,15,75,90,19,-100,-6,-4,-93,-154,-120,-188,-341,-146,-59,-60,26,-4,136,61,85,118,82,-196,203,-39,-33,3,-35,-23,34,66,20,41,50,75,-21,185,-114,-132,-106,-44,-24,90,-65,31,85,-38,2,-126,150,-36,-4,193,-176,-243,-9,-115,74,-27,-45,32,2,74,-17,-11,105,-157,-202,-133,64,224,112,117,-10
-64,-20,121,-206,63,142,46,-99,57,-34,-110,-92,-42,-10,37,44,27,-53,26,-13,169,71,-194,118,25,111,54,-129,40,2,71,69,-137,146,23,76,-19,-127,88,176,72,-87,69,61,-4,23,-6,-21,70,-143,-79,-6,-24,-43,10,-61,-69,23,-60,-69,44,162,92,-128,-8,5,73,-8,-5,-155,17,-57,31,43,80,-41,-27,-36,37,127,16,-37,239,86,-76,44,149,-61,-84,-16,127,43,-135,-61,73,-9,-278,26,-137,239
11,140,-4,95,153,84,168,8,-89,-74,51,38,111,39,-66,-15,-5,70,-65,-146,77,26,109,-17,47,-42,-24,28,-65,-269,-5,51,-14,88,-55,5,10,70,104,-52,4,-127,-204,-36,-31,-2,92,88,37,-67,-191,-11,-58,144,149,-39,23,-63,12,70,-85,102,95,22,-41,25,-28,33,-93,-35,39,-24,-90,-15,-47,97,-20,-27,57,54,80,88,69,35,-86,-43,218,92,63,-63,-81,45,-90,-19,-44,-66,2,-118,106,14
-121,-15,-8,-16,100,-126,-42,-9,-141,-54,-55,208,-217,3,90,-92,141,-152,198,-102,28,300,53,22,-84,95,182,57,-50,-90,-35,14,30,-107,-102,145,25,149,-220,-36,37,-75,-60,-178,-50,-100,24,49,121,-84,124,-131,63,-275,-71,-75,117,-76,-38,81,-137,-13,22,-28,176,-84,-130,-145,60,272,-55,-60,-17,-27,-31,-76,-16,-29,-46,-21,-3,-103,-72,-119,203,164,42,49,74,-161,69,-52,129,-60,22,39,-172,82,-65,65
-55,-21,17,-133,20,72,80,103,42,9,2,-16,188,-126,28,-92,-35,73,-77,-16,21,155,-128,103,-62,-78,180,154,15,165,27,90,-243,-62,-38,34,36,23,-22,19,-1,-52,169,100,-61,121,-49,59,54,-98,1,41,95,-221,12,-154,-81,27,-13,102,117,116,-126,22,-26,-44,9,23,-134,125,13,-202,-17,122,142,-53,5,-3,156,118,-74,-10,89,102,-108,69,11,39,-73,5,281,45,20,117,-7,23,-121,-16,-62,-72
69,15,-33,11,21,-95,-49,136,-60,80,121,-227,-73,42,67,13,143,104,-139,-102,-88,-116,79,26,-32,-4,-46,-281,-169,-121,-56,-82,-48,10,21,-97,-93,-194,103,-53,-117,-97,12,127,-38,-13,126,13,-82,205,188,-38,-109,36,-159,-20,133,-58,-68,245,-237,17,-83,-60,-20,-32,-106,180,-176,81,-65,13,-65,-47,14,29,-51,16,-15,-30,27,37,102,-88,-24,-45,-139,84,99,102,-3,-7,107,80,-122,185,-15,-6,80,74
53,8,97,123,30,-16,70,-85,-101,-25,-249,147,-81,86,4,-28,56,98,-66,-60,67,-2,-165,-30,65,-52,-75,-39,140,57,32,-24,-117,-25,4,48,-122,-21,-35,-93,-54,41,137,-11,-53,194,53,-61,43,74,73,-67,9,-204,58,1,82,169,-43,-27,1,167,76,-73,-81,24,112,-3,139,14,137,78,-226,-274,-103,52,-179,65,14,-119,34,-25,39,-149,-68,18,-15,163,-112,-32,-177,-41,-133,156,-193,209,63,67,85,-93
-125,78,-78,-47,91,26,-117,161,26,182,-21,71,-134,-56,-75,-8,22,-104,11,-47,-59,-36,197,121,34,-51,-50,26,59,268,143,-37,-161,6,-12,-181,76,40,-10,4,-17,92,-32,-70,-65,-16,11,46,-107,22,-95,-86,131,37,24,95,95,-129,-16,-141,181,-38,77,-73,48,-32,14,-90,62,-165,158,-114,70,-19,27,-122,139,-32,-223,26,-30,-149,-243,-158,20,-2,-123,-65,36,-113,-90,-191,105,157,29,-43,-35,-24,69,26
-105,183,-217,-1,235,93,-81,-25,-144,-76,-30,-27,-22,-61,18,47,-107,44,154,-173,-41,76,41,-88,35,-171,137,-151,-122,77,-105,11,21,-28,17,50,-8,87,0,22,-36,5,-3,69,30,-126,21,14,-61,-136,-19,-63,6,115,51,-30,58,-132,182,59,-140,-26,40,35,-105,13,108,201,43,61,-138,-14,44,95,25,-30,-52,52,21,-89,33,-89,102,52,-21,-7,147,-201,-81,-63,-63,29,-82,160,156,5,-280,101,-28,68
-55,-37,-98,22,101,-96,66,-31,4,125,-88,185,-183,-93,43,72,-40,-79,73,-164,-142,-6,74,155,-231,260,-38,181,48,185,147,178,267,-7,129,-72,222,-189,72,37,129,137,66,3,-9,-274,-11,2,116,-200,-174,-27,49,97,102,-2,-48,152,-274,36,-42,-44,-50,-227,163,105,79,-54,-29,178,113,-200,-42,-65,-151,55,-85,127,68,119,-92,-37,90,-88,70,-163,-44,89,133,-49,-126,28,-42,-183,15,-40,-107,-48,-177,-79
-53,-55,-18,-57,-51,-78,-71,178,-14,-10,44,-40,-22,13,41,-124,-145,4,-185,-91,3,-66,28,53,-112,73,30,-108,-53,-110,55,125,-144,-59,-77,115,-21,-39,97,84,73,-79,-86,96,-10,-55,164,99,-149,69,-137,17,-58,-99,-2,-183,-14,21,-131,124,122,1,-154,-3,64,-41,-21,116,-21,-15,67,17,3,-37,188,33,-72,-46,2,-33,48,-162,0,-42,-76,-129,-270,90,48,49,171,-34,19,-89,122,-4,116,-64,37,20
6,-111,39,38,47,9,32,62,89,-101,-39,125,68,107,-6,207,113,53,59,-4,108,-9,60,-173,63,138,38,-12,-22,7,-20,-23,-117,-38,-53,31,-28,-74,106,-152,-2,169,-153,-8,-109,120,-58,125,93,37,-72,-93,57,68,76,-282,-48,-105,-19,102,106,-23,40,-11,-124,8,34,-71,-30,-89,166,-62,25,195,-52,108,-105,-35,24,-33,38,-65,-9,-132,25,208,-118,-69,-6,-38,-58,105,-140,142,-217,51,17,-59,265,184
171,9,-6,28,-199,-112,18,-3,3,-10,176,-16,21,76,-107,25,61,-142,-40,29,-139,126,87,-60,70,-13,16,131,-43,-66,109,-66,194,160,-22,22,-65,-21,-105,126,-84,-3,-179,111,42,-64,14,82,-18,190,-91,-190,51,-51,-3,-10,-53,24,33,-66,140,107,54,59,-103,25,71,-152,145,-39,114,66,-70,-60,82,55,43,-67,43,-117,-22,135,-146,-29,13,121,-21,141,79,98,43,-12,-103,-99,105,-66,257,-216,57,82
80,61,-111,25,-172,-81,82,160,-60,63,-72,71,-185,-3,-11,-245,28,-3,-100,-199,27,-107,46,104,-5,-177,-6,81,-24,119,10,72,6,17,17,-7,-37,-64,-95,-49,-241,-65,-35,-63,-39,74,-178,38,-12,192,-3,31,-74,93,-38,78,0,51,-133,45,97,10,-1,29,50,19,29,33,132,-23,14,-56,-209,-104,-15,66,155,-125,11,-11,-184,-17,-34,28,8,-239,-26,-26,135,10,29,-64,7,112,-26,-73,-124,29,-60,-115
22,191,15,33,156,-49,57,-94,7,111,26,-170,-62,44,22,50,-65,38,8,-86,-81,37,1,56,120,40,-69,-53,82,-10,-45,-73,69,-105,120,35,-147,-218,-45,-125,59,-18,61,-91,-3,-20,-238,-89,-48,176,-53,-41,-55,-5,-113,54,236,105,-152,-165,-220,-218,-49,-62,103,-89,-245,8,-8,-5,-43,9,-111,25,-247,-7,-75,97,-52,-98,-43,96,-26,-94,-125,-133,-38,115,-78,-4,143,-32,79,-52,1,22,-96,182,-73,4
56,-51,63,12,-85,20,149,-15,269,-47,-62,-83,36,-301,56,-91,-30,151,-209,161,24,-30,-107,99,-119,197,-18,107,41,-81,49,-44,39,44,209,-28,-26,-174,105,-91,97,103,78,-49,-30,158,3,-142,-33,-23,36,-108,27,-80,60,185,-100,-70,41,-41,-98,-129,-83,-22,-53,95,-148,82,29,-320,139,119,83,-72,-43,109,-55,35,85,-152,104,20,162,-36,13,-89,-58,62,-115,-90,2,-92,-149,-172,-56,6,69,-97,-122,21
-38,-109,4,65,-135,147,74,-57,4,24,89,52,10,-15,180,-103,82,79,-27,101,-124,117,51,-14,-24,167,-25,237,26,43,-13,-132,13,-186,-88,-73,-2,-124,-138,-214,32,67,128,31,-14,-144,-154,255,61,33,85,-31,-40,-73,81,-58,54,30,-115,-165,-35,-39,81,-187,-99,-61,-75,-123,86,312,97,58,120,-112,12,219,15,145,-180,27,15,151,-62,-59,-35,85,82,-48,-33,199,-116,61,68,-19,-121,-35,-38,-11,22,162
103,46,64,20,59,12,11,172,64,-93,-60,81,29,-8,92,-121,149,-120,-60,65,101,-31,-70,203,-144,-183,2,0,-98,146,17,82,48,153,-179,11,-58,110,96,-23,-81,135,-38,16,105,247,115,32,-83,81,25,9,-95,-51,-16,100,32,68,44,273,39,107,138,57,-13,8,-20,-42,161,-103,100,20,-105,-8,247,111,102,-90,-2,94,196,178,-92,-37,126,106,158,-5,106,-109,-55,-54,-20,-138,-156,-162,56,92,-114,-57
-46,-88,85,-73,20,120,63,-230,187,-68,-14,-26,95,55,-38,186,-102,103,97,-4,-74,71,53,-229,56,22,157,219,97,-150,-20,30,-123,56,76,-108,10,104,140,214,-170,-77,-9,76,-124,-76,98,95,117,-49,-30,-56,-10,-13,56,-121,-58,-29,50,-37,-89,5,101,-54,-62,131,130,-1,-12,102,-97,-52,-23,120,-162,67,82,63,-52,-81,157,35,160,-48,23,-7,29,118,141,-248,-6,143,16,-14,82,-70,-112,-138,99,43
-92,-22,54,-92,119,-46,-76,151,-44,88,-151,-114,156,-217,141,-75,-79,95,-40,17,-259,-136,-42,233,-91,138,-70,-172,59,-43,-158,-59,-93,88,-160,-78,44,34,77,4,37,-18,-6,116,15,39,122,-208,-247,-64,13,-24,-306,-93,135,240,40,-120,75,98,55,-160,78,88,141,-33,-66,-68,87,-63,61,0,86,112,68,58,14,-245,-26,49,-63,-3,85,91,-40,-16,91,-250,48,130,4,-61,231,-152,-51,-59,83,141,-130,-19
92,-201,-36,-14,-103,-108,-37,53,35,28,18,-30,-196,-69,53,-42,155,19,-27,107,-84,27,-110,-116,-39,60,-38,-14,90,81,-24,13,-57,-54,45,146,28,-78,-22,-106,4,46,-173,58,45,25,-158,-179,4,-159,-167,-33,-12,59,-46,-218,-36,-5,-4,-29,283,-64,8,-3,27,142,101,-60,-91,70,-73,210,-10,95,70,-2,-23,86,96,128,-77,46,76,99,37,41,-3,189,-96,-48,-48,34,51,-42,-11,108,131,-126,10,67
-59,-108,63,254,-63,-5,31,-128,-18,137,-45,-20,-21,-67,81,-171,47,56,-131,104,10,72,113,-18,-58,-67,-108,199,17,62,23,-236,-50,20,-92,-108,-65,45,79,-179,12,-55,-1,131,-45,43,8,-173,63,24,178,-157,-110,-10,34,-25,-74,78,-42,-76,-33,-134,-143,-62,-81,74,-21,94,46,-55,-252,11,-14,-144,19,51,-106,-16,12,-186,179,50,-41,-46,-51,25,-97,0,-18,-22,-5,15,-241,81,-47,31,73,97,13,3
26,-21,-126,-87,74,50,68,-75,-104,-46,-25,0,-255,63,51,69,-117,-13,-11,-92,-17,227,43,160,-49,60,-139,-45,50,-29,-90,-95,-45,86,-36,-58,141,-57,-50,85,-21,-161,84,-28,-24,-150,179,-16,-25,-43,30,-110,92,-109,26,43,55,36,128,184,64,-36,-33,-100,-42,66,104,-175,11,96,102,-86,95,193,185,23,-38,72,-60,-124,-252,-33,109,14,231,91,297,71,-51,51,59,80,-28,-18,-74,64,-62,71,0,-109
108,129,154,91,-181,19,6,-11,-143,52,-16,74,19,224,66,21,169,-45,28,231,130,99,-98,-35,47,67,-128,-79,-75,68,-74,99,34,37,-158,-18,-205,65,-44,105,-15,143,-28,48,-145,136,63,-9,-93,-71,96,25,14,6,-13,148,119,41,-45,-60,72,84,261,-31,10,5,64,-123,-33,86,48,-139,103,-8,34,17,-22,-184,83,40,-104,39,55,-26,90,104,94,88,-40,-18,-164,-155,-80,14,-8,84,-28,123,-124,-104
-109,-35,-19,-50,98,83,120,-130,-57,20,-261,-165,35,113,-194,93,-137,-28,-55,-162,-59,-42,129,46,28,107,152,-151,-24,-19,100,-95,-72,51,-24,61,241,37,67,80,-180,-25,138,66,-120,-64,74,-129,78,-47,-40,-110,-190,115,106,109,172,-221,69,-65,-32,-258,93,112,-80,-58,65,-109,51,-48,-14,-74,19,-116,-98,-14,3,22,-65,106,48,-60,-47,50,-29,-20,-93,-213,-50,-50,87,4,61,41,-18,74,50,-53,-20,-74
-96,140,-93,-48,109,123,-31,-49,-111,-57,-24,-145,-35,43,-20,35,-141,10,74,-160,-108,-141,73,-62,-12,-62,44,-110,-29,-105,25,21,104,-67,141,-80,117,-19,6,-93,-2,-99,-5,52,86,-54,-101,-137,-97,32,145,227,-182,47,-141,62,-2,-62,118,-31,-66,-43,-114,33,-37,-87,-65,56,-18,8,-44,122,-121,-179,-85,-51,68,113,-14,64,50,-83,81,23,-3,-260,-64,244,-15,17,9,68,31,-17,-29,-41,36,39,-89,-191
-43,37,-65,88,-64,-78,89,-157,30,50,-21,4,-128,33,-62,46,107,38,100,-6,-48,69,19,-160,58,124,32,56,-71,-32,121,-45,-10,-19,-45,19,25,67,-112,63,-9,69,8,109,57,77,-225,149,23,13,91,-13,37,-30,-219,-134,-161,12,22,-94,-42,-24,-23,44,-107,-118,118,11,-75,31,-111,88,-146,-64,-12,-65,-46,-50,-38,156,-89,80,-214,-12,-24,80,75,67,-17,-9,66,-46,-63,28,96,17,-67,69,-15,-133
53,-169,4,80,-4,61,58,-100,137,109,-25,2,-53,32,227,152,86,-37,-118,-25,-109,117,81,26,181,195,-47,72,8,-165,6,-97,0,181,-121,41,-119,-71,60,105,-117,-22,-157,155,-69,-35,56,92,-27,177,10,-92,-127,23,-203,72,-12,-182,50,-54,-42,-57,235,-13,-71,6,127,-296,3,-37,74,47,-95,-66,-43,105,40,122,-199,-196,34,12,-14,-13,40,157,113,64,-5,-19,25,19,-47,-160,-54,66,132,-92,13,60
119,-128,22,-61,-105,-33,110,36,83,-79,44,-34,-179,-15,105,-19,21,-62,-62,32,20,34,1,-11,-63,255,-166,94,190,7,36,59,33,53,54,161,177,21,122,-183,4,-55,-79,-183,50,47,-69,-33,15,-93,50,94,32,87,14,-95,-50,118,-49,20,246,65,195,12,42,88,9,-127,73,-34,165,-28,24,-63,51,3,2,-29,-64,84,118,-4,56,-57,109,78,128,35,-64,-11,18,92,126,-167,-78,-13,80,87,-33,-11
27,-258,-3,40,-100,-39,229,155,62,-76,119,-99,-13,-135,98,67,8,-125,51,45,54,-105,112,-181,281,8,-31,20,12,-79,103,-5,81,-26,-88,25,51,155,-55,-88,-51,-72,-151,-98,-57,41,-171,129,59,51,47,107,-27,102,13,34,-74,119,161,60,-6,-11,108,103,119,90,-89,-139,-161,13,-161,-136,226,93,-104,-7,121,-14,-109,147,65,-61,-152,127,-113,-33,-117,26,73,206,-24,83,-9,37,32,18,105,-149,117,142
-2,58,-162,-22,29,-27,56,11,15,-19,-43,-133,-107,100,42,6,2,-1,89,-208,-95,53,101,-15,78,-117,33,-55,73,-132,-55,-162,47,90,-65,-166,-16,103,-57,-27,57,-50,-51,-36,-46,3,29,72,16,213,48,3,46,3,-113,32,102,-35,-36,56,-173,23,-50,-140,-88,189,40,101,30,53,-77,41,-237,-108,-31,79,-13,-13,-177,-102,105,-151,10,-58,-7,-15,3,1,116,-100,13,179,66,45,-5,27,-81,105,79,29
146,-28,237,80,-32,-126,-55,51,-77,53,167,-78,38,51,-63,-114,78,57,-193,11,-28,165,-40,14,-60,-107,4,-88,51,80,-103,-132,-200,42,-52,-76,-134,-123,-71,-88,-100,-31,-69,47,-123,15,-134,10,-96,116,38,-78,-11,-258,30,-67,-16,-61,41,6,-149,108,54,-25,-122,119,-69,-7,85,120,-57,4,9,-160,71,30,-69,-191,-20,-33,-6,98,176,-115,-72,246,-24,128,-109,-24,100,18,57,-112,-23,160,-52,96,174,92
32,-3,-27,-16,-86,37,82,137,30,-21,193,-101,-46,-275,-64,37,-84,94,-130,72,-43,103,337,-66,95,-145,-100,116,81,-21,-24,23,8,203,59,53,46,145,42,4,-32,25,-87,-15,78,-77,-41,106,83,-158,-94,-142,-32,215,194,73,95,117,80,28,-48,-84,-24,164,119,23,-176,13,210,-65,-125,-11,42,39,-38,31,-50,-26,125,-10,68,152,-115,24,-23,-32,46,92,-61,146,83,44,96,-37,167,-1,84,-83,-156,-104
-151,-105,-113,-44,-122,-104,-135,175,79,215,0,-58,-11,65,108,73,223,10,-21,53,86,-33,15,63,-42,98,-198,26,-52,-26,-4,-124,118,1,-4,-189,-135,-57,-104,15,55,137,-43,-38,-50,-3,61,117,-13,-68,111,2,-54,23,44,22,-99,-25,-92,42,161,67,-56,-17,42,86,80,-28,30,-196,50,19,82,40,167,-123,64,-31,59,113,71,45,-135,-30,-33,2,-54,137,42,-21,-70,6,-29,111,-98,-106,39,-147,-137,-56
69,-9,161,-138,52,105,98,35,-30,-80,260,118,28,106,51,76,-33,-96,-44,43,2,-2,80,62,29,7,-35,163,58,120,8,242,52,-216,29,-7,36,-134,-77,-108,334,-8,130,-129,81,40,-76,5,-63,67,57,119,235,52,63,81,42,153,47,-109,72,-63,47,51,177,-72,-134,-88,-55,40,181,-66,200,-26,-62,7,70,88,-180,-57,-71,8,-65,-55,86,-79,-90,103,-63,101,-112,-144,-78,-349,-50,-140,70,187,89,-158
-23,-54,-10,158,65,-28,-34,3,-5,-181,-95,-72,-199,37,81,2,-140,174,300,-109,-20,-66,-138,56,-7,30,79,94,-7,-119,-167,203,144,63,-58,287,8,-143,10,17,6,55,85,-176,81,12,291,33,76,-18,-7,-11,3,-57,-45,-41,34,56,47,33,-46,-44,39,-46,56,-190,-122,-61,-75,-166,28,-32,115,291,299,-24,5,113,-73,-13,-82,27,-153,44,38,-105,-7,15,8,28,124,-204,94,-98,120,72,95,77,23,-96
42,-64,-44,-43,168,41,-65,0,41,2,-115,123,-107,-68,0,28,-6,71,23,191,93,-83,-155,-63,-60,-18,78,153,219,9,87,342,-136,-6,-34,-6,30,63,125,85,57,-46,34,-11,-50,121,123,-74,6,-156,5,100,109,25,-122,-201,14,-6,-68,223,72,98,162,76,97,13,27,-42,-57,91,41,-53,1,71,-89,-46,44,200,67,170,40,32,-26,1,-53,10,-5,76,-51,-172,112,-167,-168,78,-47,17,98,-81,-56,5
-45,45,-111,-11,-33,0,-12,32,-41,98,95,-73,-50,15,63,-37,74,-72,-211,-127,126,21,203,40,130,2,-64,-3,86,36,39,-112,-47,-7,111,131,-160,-90,96,96,-57,61,-47,25,-33,87,-49,99,-186,95,31,88,-29,4,-45,83,-133,-22,-210,-98,-8,190,53,-154,-188,-68,47,-29,-7,-75,-27,-68,61,-271,-11,35,69,95,-67,116,-3,-1,-26,39,-6,-40,-103,1,-94,97,20,-202,46,-55,-43,53,103,141,-77,-84
-40,-109,56,4,-84,-101,28,39,-119,-6,-290,-58,-151,-54,-1,105,-18,-24,-44,-5,-68,-162,-32,-15,15,44,-77,-130,-6,104,52,159,-68,2,149,-26,-50,-87,81,170,-36,127,57,-7,-3,-40,-32,68,-74,-2,148,-87,-31,51,-114,90,194,95,7,18,-91,-119,-4,0,63,-46,-20,86,21,68,17,61,83,41,13,184,-84,0,-133,-18,21,34,-82,10,128,-127,-87,-71,-109,75,-145,-48,-91,132,66,130,89,-8,-20,-88
-5,-19,-191,12,-4,165,-70,46,24,56,-58,107,-16,38,-126,41,21,27,55,-125,87,143,100,-69,65,59,110,-55,-140,91,14,-64,-109,164,-35,-53,-61,50,-25,18,-264,-220,223,117,-105,-55,166,266,103,2,20,-129,16,-34,128,-70,34,-38,-85,116,-90,49,-26,-203,-13,-134,-20,144,-11,2,-156,-132,63,-36,99,28,118,-2,216,-103,-4,-57,31,-82,-27,-17,67,-8,-124,-22,-96,-30,-35,138,-13,-3,-137,-103,-117,9
18,36,84,79,25,-18,-87,123,49,-31,-24,54,73,39,64,-283,75,-65,-54,-8,49,60,91,166,17,14,-70,14,139,48,9,-210,28,-109,31,65,-121,-149,-75,-220,81,17,-70,-38,25,18,-47,-93,-75,159,-143,36,-21,-181,137,124,-38,-72,-75,53,-54,24,38,-61,-150,56,-126,-46,1,-132,-51,-15,7,-35,-26,-27,-55,-79,74,67,7,-42,-167,-17,-59,-9,-65,-277,-17,31,-4,-127,87,-63,-151,113,5,153,63,178
-59,51,-212,-22,108,-86,-148,40,86,-27,-183,2,15,-167,105,21,-24,-46,124,-60,29,62,-66,39,28,-26,54,-36,59,-67,107,160,-31,73,-81,76,-23,86,126,134,-173,-66,-247,167,-16,-96,198,-57,-1,-101,-227,75,-166,22,7,-9,-140,-146,-21,85,-65,253,92,-61,25,26,120,-73,68,-7,-17,-84,69,147,-16,23,170,102,132,101,-36,0,74,89,-91,184,218,-163,18,-115,128,36,-23,-52,-10,216,-32,-65,-85,-25
-19,128,92,-47,56,-103,21,119,-25,97,13,43,24,-68,-91,13,116,23,-10,118,145,74,-86,-88,-67,-125,-76,19,139,94,-30,196,-235,-15,-58,-71,103,103,4,-103,117,-29,132,-197,72,-44,20,51,-14,3,-13,82,296,17,84,66,144,48,56,88,53,267,2,47,127,69,52,-25,-25,41,101,-146,-66,24,-134,-208,-92,-78,7,172,-26,-106,117,20,-3,111,117,156,-83,-68,56,-1,-76,-127,86,35,-37,35,28,-97
32,105,35,-102,90,-105,-47,-59,80,-5,65,13,-88,28,-137,79,-148,28,-41,-182,-64,-29,-11,-123,94,29,29,-16,27,-219,-192,-56,2,112,0,5,35,-51,-14,113,39,-111,50,-6,-104,-41,33,12,197,101,-137,-8,57,16,-166,39,101,261,-178,-76,-173,-11,-71,-226,73,118,11,81,92,66,35,92,0,-63,-79,129,-47,154,-53,-188,-45,-50,80,-184,43,-183,33,8,89,-170,166,60,-32,17,-36,107,-96,-125,101,-55
-74,57,-7,119,48,-52,-75,183,19,150,13,79,-99,-193,108,-1,9,-105,-110,-60,-85,196,96,41,-12,131,147,218,-181,165,-2,26,103,-7,95,86,43,-223,-75,-101,6,6,153,106,111,-33,-39,20,45,131,49,-129,-86,-179,11,86,-82,0,-199,135,129,-35,-8,-181,-36,-55,69,-188,-33,114,105,-108,11,-4,-111,13,-17,135,21,81,-36,-158,-15,-151,68,-127,3,114,13,40,78,43,146,-284,-26,-28,19,-16,-67,-245
208,-85,-9,-120,0,-15,-55,-38,81,-84,50,56,-31,-30,-136,-23,-156,147,80,9,-110,-148,206,-193,-73,138,-68,82,-33,-51,-96,86,-106,-67,85,89,70,-43,131,28,188,-15,52,6,50,82,65,-169,50,19,-96,-4,2,149,81,-23,-198,74,-115,-158,-65,-37,-137,-165,111,19,62,73,21,-56,76,-23,4,4,1,3,105,78,118,-79,-52,6,-44,-46,-209,-116,-22,67,-68,-48,99,-247,21,-85,17,150,77,-49,66,-43
-71,44,-85,-45,94,-70,-92,-144,112,21,-11,-33,-305,61,10,138,-180,-97,161,-105,-182,-44,133,-41,190,154,55,4,190,-167,-17,-111,365,51,91,73,52,132,-2,279,-55,-86,-25,-15,32,-103,124,-22,93,-29,-90,55,-30,39,-100,175,105,-53,4,31,-52,48,64,-25,86,89,250,-57,-1,22,40,44,-101,-48,-206,-81,-124,68,-149,-167,36,-42,44,-30,54,-79,-49,47,241,-97,-61,-22,30,-64,-45,38,105,-88,-105,-192
-63,84,-151,-3,2,-155,29,-17,106,-122,-61,-24,-75,-154,-39,71,30,-50,5,87,-192,28,112,-23,4,37,66,-52,-129,-132,-15,-86,202,38,40,174,34,-1,11,51,-7,0,13,-48,145,-123,-68,123,-18,55,68,-88,0,90,-108,109,-162,96,12,20,-67,-224,-218,-20,49,-64,20,10,55,8,-30,9,7,14,64,5,-132,23,84,-34,-33,25,39,-123,323,50,-32,-112,86,12,56,-86,88,59,0,-1,34,18,-108,-109
-306,-74,69,-162,-83,49,-128,17,142,-19,-267,-19,160,-25,32,-101,6,60,52,18,135,-86,72,121,15,-223,-10,-4,92,-10,79,84,-138,-83,-72,-69,-87,20,-14,-26,6,-40,-25,145,54,-88,-16,-135,89,-81,119,99,80,13,-55,-66,87,-112,93,-97,27,81,-72,-46,-134,-35,-145,24,67,-157,-67,139,-119,-114,84,26,103,0,-201,139,-32,118,-18,167,86,59,-44,-102,-104,-56,45,67,-92,119,1,69,-52,117,108,75
127,-236,15,40,-69,-142,69,-105,150,-260,38,-186,-93,114,111,20,-15,6,67,73,15,-85,52,-93,-11,49,-12,62,127,-391,-24,-19,90,83,146,69,45,34,98,-22,-91,111,-191,104,52,-55,34,35,-3,-53,61,205,-175,25,-77,-163,21,22,6,90,-131,-23,8,97,78,-89,-93,-32,54,11,3,175,-81,-17,-2,103,-64,-35,-31,-35,313,52,10,131,46,-191,20,103,82,58,77,-48,-35,-52,51,-53,167,49,23,105
-147,61,105,-155,-72,164,53,-39,93,-156,55,-64,240,-4,-144,98,-138,-19,6,-82,170,126,47,70,5,-176,48,79,-43,108,73,-54,-45,23,242,-34,-45,78,4,52,20,15,60,102,-38,-49,-10,-35,181,-90,61,-55,44,166,-10,23,2,-23,108,-85,40,-73,-163,-82,-144,41,-12,11,45,-92,-38,129,-61,19,-220,28,-72,-57,2,-224,19,-41,154,-5,-47,51,109,48,-174,-21,-78,251,-9,-151,46,-166,-200,89,-42,-34
-1,39,-88,94,85,-16,-99,-192,75,81,-71,-151,207,-157,-19,44,-38,-50,-54,29,-287,-41,7,-154,-25,109,25,-80,4,40,87,101,-51,20,-145,65,35,-37,14,103,-122,-109,28,64,26,-64,-15,-30,-84,12,134,-165,-8,194,-107,-10,-20,30,13,-141,55,21,-82,54,-51,-76,83,67,58,60,41,240,-36,57,74,-44,-201,48,148,-151,45,24,5,-18,6,112,106,-61,-74,82,119,30,95,22,-95,17,161,-44,80,29
-69,132,-33,117,92,43,-5,215,-128,-24,-210,-8,57,113,-262,38,5,-184,100,-47,264,-51,87,-66,15,-161,90,-164,-164,212,-27,-62,-83,-80,-8,4,15,-27,80,-163,-220,73,-13,-25,-50,56,67,-61,118,34,-72,-14,-53,83,38,-7,112,48,-173,173,-47,-39,5,4,-75,49,-69,-115,-69,-9,-33,-177,-32,192,-89,-106,4,-66,-77,127,132,-110,-135,63,-43,-34,14,-110,4,-25,44,56,196,88,48,-27,-2,113,76,-62
120,-41,-46,20,76,-56,-38,-125,-93,-16,0,95,-12,160,-38,150,78,-183,73,-253,82,71,-65,-13,-80,-138,62,-16,10,67,207,100,45,38,31,85,67,57,-153,77,-109,138,-77,96,-38,74,15,108,51,-1,51,46,61,63,-166,-158,-110,85,54,53,15,143,125,-30,-143,-25,300,-46,164,118,7,1,-153,-30,88,-45,106,-13,21,-63,81,85,-52,-110,0,83,274,25,16,58,-101,53,-121,18,8,-27,-165,-73,106,-11
-87,-21,65,-28,-123,208,50,-123,46,-64,-82,-2,101,-40,-145,-185,61,149,-118,-147,-26,99,149,108,40,-117,51,-94,3,61,81,-112,-123,114,-43,21,126,59,-32,9,-33,133,37,311,27,117,-70,65,53,-57,55,-86,-201,24,125,27,-238,-87,-76,69,-183,-137,8,-213,-225,-7,-10,103,106,-92,-265,-59,56,-121,160,148,46,168,177,68,-48,82,-40,-32,-129,-89,102,-135,-213,129,57,-16,-29,141,-24,-30,-194,122,-49,-10
96,98,-159,-9,135,-40,38,64,-41,-118,90,15,-41,9,-4,147,-157,-133,43,-2,102,-169,78,20,-21,20,42,-162,-77,105,-3,24,202,-65,67,-165,-67,-111,-97,-24,-12,75,128,56,-67,186,84,40,-6,91,105,108,78,-127,-31,135,0,137,32,124,-94,-66,8,46,138,-95,108,-56,-154,-7,22,-47,-9,121,-144,-132,-126,-9,209,-51,-52,-55,87,4,-39,-210,-177,19,-16,102,4,-72,-139,-50,-85,-113,-29,74,-60,-83
-12,-32,162,-163,172,101,26,52,58,-10,86,-135,64,26,-85,204,-121,-27,148,115,45,-45,78,31,107,172,125,-73,-70,-29,-35,-75,165,-117,-31,82,15,26,-40,79,-83,82,124,-178,14,44,8,-95,153,-137,23,22,3,93,-5,76,125,71,57,-4,143,123,-58,45,84,19,-84,-217,-45,-52,121,-103,120,199,-132,-230,-108,5,-4,78,112,-42,24,89,-54,-71,-174,64,131,57,50,-5,75,-2,-8,-123,223,-120,-34,-59
59,109,42,-4,158,5,-84,129,-273,-33,98,131,21,-33,56,9,57,-100,109,-71,108,-44,116,88,52,-153,-15,-145,-149,-14,-189,-7,-66,127,-164,194,-17,179,115,-34,85,75,-59,-110,80,36,138,8,23,-30,-101,-59,-70,137,-66,59,130,-66,15,-89,-38,-73,-140,22,132,-36,37,-123,80,41,-110,-131,-42,-54,-27,-82,-105,-56,-88,28,86,-214,22,64,21,199,74,-249,73,-60,58,-39,162,39,107,17,-121,22,-83,-45
143,-69,48,69,-71,-119,17,-134,-113,35,48,74,-66,-68,-74,-79,229,39,-10,19,-14,-157,-55,-91,-3,-51,91,82,-33,-55,-7,16,2,36,-6,-16,45,36,-117,-44,-114,-98,-73,9,42,125,-74,79,-24,60,32,-42,-216,85,-103,-6,-24,-41,-36,47,59,-91,143,122,53,28,33,-12,4,25,-74,112,-139,84,3,94,66,-21,107,-32,-9,-24,73,141,24,-116,17,157,78,2,-172,66,-14,-51,71,-15,166,-32,-184,-197
108,10,71,103,-69,57,70,68,-86,-142,34,-101,143,7,-44,204,-17,172,97,109,-8,-18,-206,84,3,14,-19,126,-83,5,-73,56,-5,60,-92,-69,-89,-40,127,39,180,-10,39,19,-133,144,109,-18,49,-48,176,39,75,-170,50,232,27,80,-42,-60,-59,143,-29,21,16,-97,-133,62,37,41,-26,-161,4,145,-200,-19,-89,64,26,-43,19,65,34,7,17,235,-20,26,-66,57,-51,-116,21,33,-100,54,20,56,47,24
58,3,-42,14,-30,58,-9,-91,12,-215,65,34,-37,45,93,-16,-45,169,6,-42,8,-222,240,-70,35,-20,-39,81,-105,-96,20,-51,15,53,-97,-38,-105,-34,158,115,-67,-131,164,36,-90,89,9,-40,16,162,124,118,-162,-106,-18,113,9,137,58,91,-72,-10,151,68,70,-19,8,3,0,-30,-48,72,-202,132,-46,30,-15,161,-143,-129,-68,79,-112,-126,-57,-34,-78,7,16,-44,48,-47,66,-103,64,200,-94,162,-21,-60
-32,14,-105,-40,119,-60,-4,-118,104,3,-120,-107,-21,-74,-10,91,-74,-87,-121,-44,-64,-108,15,13,-151,26,-63,-198,33,-9,131,228,-31,-120,137,-74,89,-233,100,-112,-76,-111,-63,21,46,-63,-23,-120,45,-64,36,9,-137,49,-13,-38,-64,17,-14,76,18,62,-121,121,134,132,169,-32,-152,63,-5,111,-191,35,-55,-60,-244,61,194,-7,46,-74,199,62,-122,-255,6,128,-159,-7,-22,217,22,18,19,37,-76,14,-113,-23
-20,93,32,-10,-215,101,-19,83,-164,2,203,-172,68,-71,102,-174,150,-138,34,34,15,-87,-10,96,132,-151,33,-36,-14,72,68,92,-131,117,-66,-4,-53,67,-55,-14,85,-64,-92,197,12,300,43,-47,-198,73,112,-26,34,205,-92,115,-93,-220,67,-104,136,120,80,18,-72,-67,-112,-92,140,-209,16,44,111,55,68,-163,134,-46,60,9,62,-71,-44,89,66,118,213,-122,-82,99,29,44,70,-8,-182,16,17,94,45,50
-65,54,-105,15,15,-8,-147,-227,-239,-83,9,240,78,83,56,-93,-61,-85,51,-97,-109,-47,-9,46,-81,6,111,108,9,-168,19,-10,-26,-95,-113,-76,5,-32,-33,60,65,78,-94,-62,8,27,-61,15,-216,-110,-40,62,7,-332,75,-91,-230,-281,62,-35,-53,67,-136,42,5,25,8,155,24,-93,-20,88,-33,-2,309,166,-18,1,115,-92,23,-16,22,74,35,7,22,2,-7,60,42,40,-65,-35,-191,-110,117,-25,29,-37
-148,-59,12,12,81,-88,29,72,147,158,-147,-139,7,-30,62,-169,-91,85,-133,-117,41,-43,-62,44,-113,194,-96,-138,122,-26,-248,-153,-177,-139,-27,57,-56,10,135,-132,-129,-125,22,-171,17,-116,176,29,-232,-1,136,-68,-44,2,-56,188,77,-64,-85,-36,-95,-104,37,95,-50,6,-145,-70,56,115,-7,-58,78,-180,29,45,-92,-166,-122,-32,61,-6,168,62,183,-160,170,3,10,-122,35,-106,55,-18,-70,24,-32,95,31,-96
59,-77,96,119,-155,46,106,6,-259,-52,-240,13,16,-46,101,-128,273,175,-41,66,16,111,74,-155,1,106,75,144,-121,-91,-66,72,-66,41,-192,42,18,15,-37,-58,49,163,111,-26,-105,35,-28,-7,51,21,310,-21,142,33,86,57,57,156,1,11,-76,-85,-58,-25,-46,8,-81,-15,-51,-21,51,-123,18,105,-6,-87,-55,-101,49,73,13,-86,-35,-100,-7,129,-138,-24,59,56,26,-192,-69,122,-204,166,85,43,220,8
-42,58,9,-75,45,49,27,-58,24,-117,-30,-19,26,105,-7,21,57,29,-51,-17,66,89,-3,113,56,31,-104,46,5,-150,-79,-80,134,105,-55,-88,-33,26,-60,-165,39,258,-124,164,32,-122,8,73,104,-22,-15,136,72,-123,-13,-83,-147,67,-16,72,-107,84,-29,2,-156,92,16,-101,19,-11,-8,-42,-68,-237,37,166,-193,128,-48,114,68,77,-17,-52,71,-75,5,-45,20,-71,-47,-11,-231,57,55,-114,-16,108,9,80
59,8,-61,29,137,185,33,-26,-208,-58,38,154,-116,-1,-81,48,44,-107,43,49,107,-76,-69,41,162,-114,49,-52,-55,89,63,134,-65,106,-72,113,1,4,144,-50,22,40,-3,191,5,164,94,58,-38,-8,-112,-66,-78,-131,85,-60,-136,-201,-19,-28,6,235,-117,-93,-116,-67,158,77,2,-106,-7,-119,83,33,174,133,6,37,87,83,61,-106,56,72,-104,24,-27,-78,-50,73,-47,-94,-179,295,4,53,-91,-215,-51,-50
-31,-127,54,72,-208,-40,5,168,58,33,-139,-69,-57,57,47,-177,-36,-87,-24,41,-14,14,-69,-49,-81,-129,-24,167,-36,76,111,114,19,-53,-25,68,-130,-184,41,40,-50,-61,33,54,14,-180,5,74,47,92,16,-146,-25,0,111,81,-77,-183,257,-84,111,15,-35,16,-76,144,6,51,-4,-51,-47,21,16,23,115,236,88,-68,-231,-183,-29,147,-22,-20,4,-16,-141,72,35,-141,-65,-21,-90,11,34,138,-7,-280,82,73
-146,-101,37,-153,-66,-61,16,201,222,-77,-59,157,203,-4,-34,-72,32,-74,-12,100,-48,-25,50,74,-160,75,-4,53,-106,-15,92,78,-66,-89,-57,-292,144,78,-41,-69,117,115,-128,189,71,23,34,8,71,-123,-11,257,-121,31,68,55,-146,-139,2,83,-50,90,-87,-127,17,-30,72,-37,-67,-45,-41,64,65,-84,-74,-29,87,-2,41,177,98,101,61,29,59,-52,-49,87,-55,-55,-121,114,12,-144,-10,-72,-27,-71,32,15
8,13,99,-74,126,80,-42,-13,48,14,-128,-34,83,151,-124,158,-38,-79,145,61,8,82,-30,-79,-16,0,200,-5,66,-178,-89,61,-95,-36,1,-6,24,295,-6,167,84,-88,-69,15,-6,149,138,-136,175,-46,-23,-58,6,135,-142,-102,35,-284,230,-79,-49,-35,186,-130,-141,-59,72,-116,79,3,-84,-64,99,59,-95,-84,110,-46,-112,111,-56,-47,-61,19,24,30,39,-204,102,-205,41,46,-29,-4,95,105,-62,-2,220,46
45,50,-33,-45,71,105,-169,233,-109,46,68,-16,-148,-210,-82,77,-97,-58,26,48,-39,-126,-4,139,-38,-44,-127,-154,9,139,-115,-98,107,78,82,95,117,-60,88,-148,95,152,210,-135,138,-32,-80,-20,-35,-85,-33,193,22,-20,100,106,120,53,-110,13,-73,-47,29,-99,193,-76,-123,103,-3,112,49,-56,-41,-128,222,84,-17,1,-42,256,-122,72,-70,110,38,-46,-71,-218,14,197,-39,-103,113,-46,-10,102,6,-66,-214,59
-73,-145,-17,-147,-86,20,-204,-36,220,22,-54,60,-106,-3,-211,48,-170,167,115,-109,132,-115,-17,-26,-91,-20,-223,-93,103,43,-88,-34,119,49,225,-41,115,139,-30,74,88,-171,145,71,79,-129,215,-208,208,-112,127,-2,109,163,69,19,-176,50,-69,102,-36,60,-11,-96,-137,153,16,75,77,34,-118,-79,-22,-161,-19,-42,84,35,-51,-34,-170,172,-6,-137,50,-123,-32,67,99,9,-93,28,9,7,-22,37,-75,30,-159,-176
-5,0,51,60,23,-39,22,-232,7,56,139,-71,40,69,71,-162,36,99,-48,-118,92,-51,20,123,-125,-122,15,-121,-45,-72,-30,-82,-61,111,112,3,-98,13,82,-43,-102,16,-71,-135,-79,-98,68,190,-207,-120,-64,151,-44,-50,111,-152,-1,-273,2,-2,-176,-31,-43,170,43,-125,-26,177,-121,-87,55,-158,83,-137,85,146,-11,-79,-101,23,127,64,96,74,-15,-48,47,-49,-35,73,-53,-192,-16,54,46,-108,-71,46,-88,64
-57,-109,-37,-98,-113,97,206,119,102,-114,104,-236,16,-45,44,44,4,-43,98,-96,-46,-15,-14,133,-51,-33,183,-75,4,-27,114,-80,65,43,8,-8,28,106,-76,142,53,-54,-75,-10,-82,-13,91,28,66,-140,128,-35,-33,163,23,120,-171,-117,324,272,-37,-15,110,117,-137,138,-13,4,102,37,49,-179,58,49,108,-95,18,-109,-33,35,-5,-69,45,14,67,94,95,82,176,52,-84,195,93,-230,-220,-16,5,14,-90,74
22,-263,113,-123,-134,107,40,21,184,-139,-101,84,93,-89,-73,4,128,195,72,106,-18,135,-10,-87,-39,-12,-4,95,-150,-74,-2,134,-57,134,-203,-96,124,154,-29,21,193,157,-27,32,-39,-17,-26,54,105,-106,87,52,80,-24,221,98,-18,52,-73,22,63,148,57,-83,21,27,2,57,-9,-57,-24,-153,-72,158,130,-27,-1,32,44,103,-74,144,-73,-57,-83,101,-117,80,31,-13,-132,-105,32,16,115,17,-68,-70,48,46
4,45,0,25,-52,54,-201,-101,97,158,105,-86,-1,-15,-7,43,-25,-7,50,-62,-64,-134,-81,-37,34,-35,54,-203,-102,32,-149,-23,212,77,129,-123,-37,37,-151,-15,-92,-48,-12,-18,90,147,111,19,-186,0,41,108,-82,21,-184,-79,-207,-180,-73,81,-37,-98,189,-30,-116,-87,84,87,-17,-112,66,70,70,63,95,-94,310,84,42,132,79,121,39,-75,-117,-250,143,99,-21,123,-101,10,45,-159,-5,-111,184,-22,-86,-119
