4293818847,4293114193,2909213,3035056,4294791187,5790358,707603,4293969714,1544822,713968,2929622,1575615,4292862704,344889,570488,3340835,799941,3180594,4294761672,2014502,4290864935,4291263455,4293081492,1713288,525490,4294886823,4294054118,4294849694,387890,4293801916,4292819834,4294465947,3058859,1792593,1332087,2772867,4292664970,4292132826,522652,201935,4294697088,1801947,672011,245181,4294910563,4293469996,4290907917,4293580057,4292738761,3218259,1239676,63121,1177766,4293432195,4293192855,3429959,889864,4294763713,1412442,214994,4292231527,4291961490,1170573,4292142076,4294260531,4293401416,4294731395,4291980259,250346,307957,4294272882,742386,4293636357,4293115107,2515702,1711410,1026432,1914329,4293835711,2634149,4292544475,4293960997,4293866310,959955,4293497858,4294240706,911538,283020,4294205967,4294332480,976128,4293248393,939447,4294524918,1001631,1548953,4293188916,3048624,4291926712,66100
2880945,4289641137,4294122810,497787,3630666,1303798,4290714670,4291981446,4294087465,1121949,3515881,4292956136,4290436868,1452124,4294633473,2052338,4292301213,784836,180611,3725018,1144627,4293489976,4294548323,4291929926,3337901,2357115,1723617,1923571,1488802,4293327851,4290076981,4292810629,3253653,4291720874,1594259,2547297,4294675695,4292520311,1247551,2647889,4294063956,4294066997,4294207957,478403,3070287,2763867,4291383968,1277776,4293916849,2637632,2296141,4294920809,822243,4294045442,4293520032,4294661990,4647437,4293947133,1361456,4293071342,1555512,284442,4293751027,1205934,4290683631,4292553538,4292023690,4294655654,2466572,4294763124,1389883,4293255539,4291623480,4293487805,4293606961,2289834,4293552073,4012827,4287717580,1064500,111284,4294254576,4294762680,7083186,279847,4294246692,743048,4293822236,3362450,408740,4294829084,244795,4150723,4887246,4293919715,4293917457,77239,20807,4290538268,1617751
416403,4293403048,4052177,4294669282,1647544,4293331630,4292833593,1630612,500902,4293426983,745405,4292826090,3049791,4294771167,4294350433,4293331189,4294816655,4293071420,388467,4293384593,1290134,4294740122,1817602,967948,4291398775,4294758407,1235497,1097400,4292653605,4293635541,855673,4294098711,141690,4293185225,2136917,1016088,227451,2368643,4292462667,501129,4293625200,4293001572,1927010,4292661878,2539873,4291203384,648798,3099285,1272375,4293971528,4294775334,4294482514,4294532942,3208127,4293526645,4294876168,434292,4293197791,3361784,4292004076,4293627497,2975887,597522,4294358431,4294154994,79847,387121,4294695966,176508,1627484,1376081,1482483,2559911,4292812184,166893,4293876935,4293563110,4290576055,460478,4291940523,4293669507,4289502709,1285778,4291696245,1258604,741445,2913913,603026,4294814374,4291848196,2583867,4292585017,4292534453,4292710940,4291870484,4293533821,862279,4294786132,4293394262,495756
2001476,764527,4291486336,4291223931,56052,4289210453,331803,4244211,1647924,4293893375,4294944469,4292202867,3407378,2206672,4294805354,1337837,4293294752,4293579417,1783056,4294907882,2018960,3195558,4294139576,2577525,2089907,4292366525,4292989598,276286,3077774,4290214059,4292580991,3294527,4294340008,444932,4290692390,361389,509512,1129863,4294318915,2805501,1963808,2284999,4294444223,374470,415250,4292627115,4294543960,4292958060,4293054190,1420034,124924,4292514015,4293292439,4292466565,4294896661,2592240,4294863780,3559903,5109438,4293073906,5153081,4064208,4290855935,3788101,5572709,4294937430,1791205,3431937,255800,4291555337,4290646782,4294592084,1215658,4293787664,4293952104,2070735,4291604196,4294848948,3026398,2383359,4290861171,1695730,2668730,4974946,2200264,659780,250619,61385,3744387,2172995,4291119239,1489598,3071146,1038976,4290490320,174982,431554,4294053760,4294402887,1921617
422453,1378791,4292753256,4293317625,4294195302,4293077103,4292248258,569659,4292757354,492060,4291830285,4293089536,704505,4293348172,4294543890,3274263,4292511949,1414254,4294679354,4291884877,3615164,1619476,4294331540,4289765768,4292278891,4292180534,3581598,1696256,4293047495,4292982399,937465,466327,2975197,4292610124,4294870595,2776583,4293480072,2748335,725829,3044841,4294067483,4294586416,2714263,4291908834,4292958056,4290502613,4291475689,3458781,4291380948,964436,1407556,59068,285415,4292895933,2640444,4292614265,4294960528,4289992267,3318192,4290024166,4294933336,4293552181,4294625891,4293507584,4856086,4293616500,483583,488707,3839836,550930,4294941979,2847128,1753526,407709,4294589130,1662371,4292067612,4291729557,1992654,3099067,4292876511,4292826938,4291494938,4293868885,1436044,4292642685,1993654,923324,1167929,4293702777,4293136488,3476970,4291654687,4293744951,4292681460,3092438,4289814672,1485122,4292429484,4293715029
4292270582,4291841195,4294948559,4293612331,1272847,4294485094,4293405370,2515889,1320576,934909,759425,1470622,4292803604,1171921,4292706161,4406788,4293649279,4292616954,1039729,740746,4294269494,3526270,4294434013,4292626908,6524236,4293889427,984358,4293535563,792,4292874546,4290367085,1356318,2257445,1910164,4294256953,948547,650821,1938494,4294027174,4292315634,4293026978,3333085,4293483848,780494,4294046976,4294093448,3794476,4290416821,2686844,4294766768,4294772312,4294653733,4137966,982508,2004278,4293941987,4294355307,3912984,4293154615,4294228365,3555888,2683110,4292525894,734169,4054189,4293687958,4292673610,911222,563495,4294552075,2799041,1161977,2328860,1868155,2525515,5292648,727299,4294114447,4294933817,3097436,4294444447,3241908,4292629936,2500839,541275,408882,4294360266,3276271,4291192082,2915184,1606534,3523789,1960314,4294036819,645789,1320207,608864,2447583,4293553284,4293662506
669699,4294494028,1340576,1971429,4291932419,7095758,2172153,4278879,709839,4294522346,1002207,4293683131,4243406,1623766,337700,404955,367899,4576170,4293729463,6430276,4293481675,749162,3220324,2816275,4294357082,4294743848,4293660725,4294241330,919399,967392,4294570343,4293327213,2382147,4277983,1472210,4292713589,1187020,1844587,302092,4293369916,845597,971290,4294100984,4294701399,4293095828,4292774610,4279559,4293116911,882202,958347,1034966,43833,4292845429,3523196,4294383439,3169810,4293132158,313248,4293115800,3532332,4292261308,4293431215,4293449481,1602514,1242034,4294803172,2525778,961430,797872,4293459664,848162,8880,1051562,4293640565,4294330901,4076462,4294637274,4292093200,593707,765630,3251065,214018,4294374573,1756364,4293169316,4294938571,702468,4294934125,4294147645,3725156,144938,1755037,1833306,4294324847,519243,4289387592,3826144,4293696412,4024435,4291020353
3218375,2831210,4290700869,3332574,4291534435,1748685,248898,4292967652,3370962,4294831652,4292588418,5375272,903560,919032,4294956099,874720,346434,4290140883,4292720394,2320125,4292273494,4293122294,4293817890,615137,4294343945,4292968513,4291692204,4294658136,798834,1232694,2881016,2447409,4294177029,1536690,4293849636,1672139,4293615059,4290931979,591352,9206,4294730233,4294390059,2763916,3617587,4292949164,1858265,329040,634303,4294849911,3145205,185774,761072,4293998986,4293794654,4294139084,982334,468936,957785,4294382305,4293622262,4294191346,4292233962,2275118,454623,4294290617,1092776,4293601273,4293896957,4292829600,4289666454,4292147561,571423,4292409654,4294613727,4293732506,4294789032,4292803997,2386195,4291514897,4293369842,3269580,4294859473,709747,4294021541,4294195200,4067598,1258823,3194688,1895220,2817532,4293398615,1339446,1362356,4294395726,2734428,4181255,4293014208,4294085364,4294378402,4293959146
1144437,4292735010,4291090590,4289891452,176233,4294620017,2904060,4294214010,4290489934,4290603415,107332,4289404369,4294849450,4294112442,4294612706,1064601,4294327487,2531695,1471356,4293546595,4293895783,112734,3473190,999119,4294448433,4293970146,2961659,3987613,1573925,4293514069,2091412,123443,1517569,1154186,4524850,4293478711,4292932311,4291623112,3166646,4294819901,2555314,4289426307,828178,924863,4293991396,442908,4293687730,4294289634,4294703151,2260052,4294908667,4290694393,4291816936,4292883021,4292299652,4294787622,2988064,1644106,4294709515,4118466,4294198283,558993,1233684,4293889517,4294152703,4294905613,2225688,4291280315,2361922,4291798935,4294758762,2820439,4294166853,3914985,4294821524,1405447,2108265,4293181025,4294117367,917377,4293590485,5503477,4292059327,513629,4293093368,781878,4291603500,607789,814291,4292256401,1179114,1702676,852341,285818,4294888868,2598535,4290386390,4292066289,3341654,4292449386
4290231254,4294436618,4290468482,180259,4292709236,4294849389,4292209969,4294770459,5030023,3080870,4294935178,1480213,337557,6291738,4293987692,567202,4292843559,4289785729,1069786,2518648,2291729,1043804,4293817332,2929286,875686,4294749018,4292435575,874847,2804111,4293206648,4291837899,4294193884,4293348318,4292966864,4294109541,703792,4291598369,4291681905,3700463,5047161,4294266412,2441728,4294329554,2409641,4292447493,4481639,231536,4292512656,458625,2708875,4292324808,896288,914246,4294443292,1215544,4293251501,2462818,1832819,4294262248,4293524340,4293792247,4292839000,854118,4293302844,4294452070,4294882320,827905,5659149,3217234,4293638138,3296537,4294004130,4292169807,4294187570,4293454098,3126940,4294811736,3055480,4287931976,4294226642,858590,4294939559,3197509,4294826397,1572481,3332301,4294789469,3096042,4291812249,574159,4291860110,4294627607,1593183,4752060,1043242,1557685,4291500119,4294752495,4291840758,4294912245
4291072855,775150,4293195594,209991,4292194936,2773263,1194611,4291451921,807495,2249004,4292151345,4294496986,4292645592,4294079882,325140,4293560169,21800,4294834532,4293121006,4292099841,4294659408,4294734107,4294347094,789534,4290917427,1013476,2353304,3010163,4291818677,4294099488,1453232,325896,1329152,4294355192,493196,4294220073,4292080002,4292414608,176302,1186213,4293093912,4292797964,2512922,4292255560,4294163037,4661669,376951,1296767,1228278,4291319492,4292996859,3334372,4292793228,260369,4292079724,4291912167,245255,449062,1423267,3131468,4290724376,4293731080,4710990,4290358896,4293651940,4294693831,4292895484,432689,604789,4294134014,2210873,4294095123,675482,7536318,4293440280,4291750530,453349,1214766,4288874390,4293109429,3253830,2173969,4288047255,4290409781,844583,4292408137,1110792,1100604,4292354348,4291731772,4291696268,1092885,4293550926,3045808,3998026,2719142,240620,4292682450,1274219,4293984533
4293499407,4292986690,4288254,4294292046,1309714,4388110,1194947,4294131654,425694,4293263954,2412917,1160210,5544303,2820281,1088681,644005,4293039182,1333179,4294253833,1491155,4293926025,4292778510,4294838931,5134475,4294713598,725802,4292311773,4293491627,333297,4292339874,330852,2763812,4291563937,2692504,4474860,4288105356,755103,226458,1514237,423223,4294805305,85146,490879,4292643103,4293630157,1075645,2092044,4291981619,4294236060,1000513,416789,419568,4294519958,5524581,668903,4294489455,4291039793,1929554,4294309015,4451466,650102,4292610885,2494183,4292392324,3330085,4292598914,3631525,2931260,4292998599,474191,2748116,4293490332,1799597,4293692976,4293983558,863510,3027059,4291484409,966452,4294154505,4293928735,2198267,4293709335,4291805839,5281175,4293664506,1345574,3062943,4289446860,619894,4293090474,4293037375,4291217980,4293749558,568562,4292455841,559645,4292651344,4293206560,590372
4292987755,4293739024,1362196,512107,649116,242098,4294677463,5966015,4293045713,4291841406,4291351965,4292939985,4291967882,588749,4290406951,4289490602,2089580,4294401709,2160405,4293295151,4294616034,156255,4292925512,1664869,4294357632,4294077143,1991165,4257077,5557933,4291954036,1135919,1759012,4293918137,1309281,788780,4291532361,4292191628,3021773,4293816104,4293674059,4292280052,4292792764,4294050713,3298204,1341701,4293916357,4294370726,4293405407,2566158,1901202,4293586722,2833588,4292716866,4293511123,1269055,4294297173,5585104,4294154032,3582309,831187,281935,4289853792,4294523297,4293904385,4294689342,4291884221,1488744,4293768722,5035324,4291384590,3291479,426922,987949,4294404020,4293332779,2215512,971275,4294180423,4289393612,2453806,2519644,4293863122,443199,4292014838,4292604341,1358295,1846157,4293014742,4292311237,766444,521349,4288259176,4294695812,1100733,4294814082,4293445502,2315764,4294128480,4293534130,4291598673
4293754791,4291441842,1213524,4291110705,2815902,4293866991,2527097,4292676733,4292292008,4294966998,726143,4290923811,4292645918,4291638027,4293703425,539272,572578,5857107,1378702,4293282657,4293970990,3525881,317218,4293585996,4292093083,373035,7204829,4294089291,4294272735,4291185457,4293827439,4294595444,3573631,4294945201,1408981,4274274,1450782,999364,4293120594,4291470752,3533315,4292903875,4293241736,4293436847,640303,4291914891,4290366151,2775283,4292576116,4291754581,2417815,4291282901,1201454,4292036452,4293415581,4294637563,3471113,4294446442,1580059,2196355,4293615053,3918858,4290921428,4293037570,355488,1567504,4293825424,4290932011,4294173350,947589,4293775470,837205,1823528,2081735,1648818,4293043580,4290275306,4294064277,2471632,3516503,841753,229184,4292724107,6193880,4294863567,4293655362,4294114916,4294893599,3992279,4292642807,4293501081,1724142,1395987,2477159,4289092320,4290175804,4293592205,884596,1269749,1363533
4293444351,4235460,4290343617,4293605923,2569391,724223,1222808,4291300048,2686862,4294198493,3746345,1546958,4290322699,4293804759,2373443,4291576383,4292639349,4293198509,4293157970,4294371822,4294540183,4291265217,4294093099,4291693913,4293945618,1160214,4294618513,4293391564,4293909415,238917,4291683200,4293968449,4292828270,4292452002,4294746477,2257983,196147,4294844370,2839668,4293468823,781243,4293950005,4293606745,4293714989,119504,4655484,4294078540,411118,4290983173,4294288408,456953,4291366548,4293670196,4289972717,4294592777,4294699836,1380666,4294747934,2184929,3195610,4294001376,4294448765,978724,4294325185,4290129480,4293221969,4293475418,1472974,1412669,3593035,4292053399,4293335655,4293849871,280704,4294532125,4291358553,1810342,4293319585,4292682957,2455817,956201,4294813441,1887433,1111217,4291435261,933213,4294519876,4291949259,5319303,4294516797,4291346112,2166793,2134365,4292599957,707685,5370788,4290635771,4291603295,1041537,4294444953
2648029,4293147515,4294745417,2514783,4290127853,4293523782,2988280,7991445,4294058228,4291431602,4293215176,4292581396,598155,2464916,1673721,713536,829233,253679,1755955,4293782334,4294356334,44921,4294838716,3285073,5742133,4293295734,4294086440,3880859,1832365,4293812279,2186286,3298531,4294196218,565965,4294154810,4293252905,4292590580,507959,4291715987,4294912329,4294289041,4292995757,3819125,3037627,4291474171,4292331283,1349701,4294552285,4294848868,3912835,2477535,2634984,4290550214,3535190,3289719,1209059,1701483,4293169995,1767973,4293695547,168218,93239,4293490638,3369139,3691865,4292492079,4294954148,4294443511,4294202162,4290539183,647652,3764401,2570507,767433,934706,2121943,4294832586,4293349982,4294615823,4292938078,4289438539,4294922170,4293764070,4290469761,4291640829,4292028070,4294502775,3159418,1671012,3255872,1987094,4293162444,4293978899,4294152848,4294870543,4293366210,444439,4294091068,4293842696,50597
3496947,4289523732,3246321,4294739566,1686921,4383667,4293622444,4293800620,4292564354,2996864,4294833084,282999,4294346193,4288702454,1132274,3768240,526919,4294602213,4293429248,4291705116,4290345896,4293905803,504338,770274,4293292712,4293695315,817880,4293194912,4294579691,4294374609,3700258,4294341334,3285390,1337984,3644649,4293496680,1407821,4292167452,4292890010,73700,4291113652,1430961,611497,205396,4604516,4292850566,4293252467,4294623495,638229,4293688279,2115105,1102936,81926,1286719,4293486988,2478972,738730,5385808,4293796895,4294626100,2477385,780996,4294684278,1603216,4294575450,4290221134,134131,4292589991,4292825186,1359037,4293305617,2227550,4293336536,3787526,4292918686,483993,2538225,394393,4293877828,4292866575,4293035208,2611507,4291565476,3314386,1193847,4290189010,1885499,4291519263,4294616162,3178850,4292231947,1303622,4123292,4294749852,4291829679,796440,2390652,467559,4292424963,903410
4294522317,385884,64749,1428154,4294488367,4292596876,4293775573,3024067,4294314554,4292415939,229988,4294098025,1233136,4292101468,4294052578,716187,4294897993,4293442775,1306526,338597,1499370,2525646,4291254064,4291615231,5650926,4291884034,4291516777,4294663760,1829388,2129579,4292398346,168658,4291683439,4292657170,1000320,345048,4294868140,4294603502,4291921689,2152928,2796136,2949276,213009,3462958,3464228,4293738224,451513,4294861690,4294798790,1542462,1921356,6270692,3375625,1663724,4294954788,630138,4291259382,4293938102,1725582,4289998811,3665776,4291130965,4294406269,875410,4293685672,4294436643,1665019,3692195,1980566,361874,4292268216,4294688803,4294866819,4292240238,4292520873,5149675,4294254336,7177029,4294085630,4294855371,4294271350,4294229715,4294722126,4293844591,1590661,4289717437,4290297886,4292887096,4291967364,2820577,4294590778,4293876077,1526424,4773540,279536,4293617468,4293578655,2004379,4292834676,4294596488
4293242517,4293010783,4294593411,1821221,1861665,515077,4290975157,4288694114,4292845302,3362145,4294659097,592021,4294770945,4258307,2388534,4486813,4292903085,4294769549,4292858229,2415634,2167441,1552567,4292795048,1804451,4294614129,3596933,1863901,1797141,4288449237,4294609140,4292361690,4294423582,7614317,4292955111,4290548276,4294228342,873795,3511454,1493937,4293611049,381318,4292556509,4292909221,1520457,2764837,4292377341,4232008,4292752529,2329083,3170570,1219812,4292014611,4681537,3291339,457120,4289864432,4291474649,3489386,4293252140,4292728679,4291911207,1636483,4290986968,4293939555,4551965,4294555249,2154587,777571,4291141689,3665599,703318,4294946120,4289080186,4294739353,4293912519,410722,4293320254,1708522,16109,4292498148,1844843,4293762609,4294744116,483577,5273542,4293317631,2231804,5314746,4291244559,209136,152672,4294890326,4291293608,4291683535,469740,124793,4294359417,4350764,4291660634,1569169
4294902101,1615812,4294259462,4291878582,4290688409,4823193,1585753,4294864091,4289400951,624412,603834,4294013890,4292412607,4294810935,1869844,981862,4292981007,3736284,4289286727,4716607,4294285839,4294146996,4294603464,2641621,2404681,142525,4294736801,599943,4292553830,531101,359154,4290052175,1136612,2083098,4291498238,4291496588,4292103279,918426,4294600607,4294673070,1002501,4294639644,1532320,4294784586,2733535,4293679236,1785797,874891,1694437,4292751950,4292783425,4294900463,765334,1069434,1580520,4293672725,4292259147,1308644,4293004514,5194209,659289,4294263188,4294372900,2646369,2155943,3545273,2264557,2268026,1524896,674555,4293136396,1415673,4293725618,4778941,4294016446,4294906108,4048987,1932029,544620,2173165,3750324,5283474,4289196776,2391532,4294595844,4292946080,4291946946,269392,4290545245,4294462250,4293902149,1265521,2691161,4444473,2386854,4292898013,933684,4291268017,3182866,4293464185
4292191646,4294798288,4294631641,954841,4884216,523886,4292636797,4292442289,4291520170,3299729,4294268698,4294619570,1805190,4293236954,4294535146,364861,4294488527,707850,1491254,4294575319,1798686,4294496280,4293500631,4292881800,4292796457,155548,4294083497,4294444934,845316,774971,4294736760,1565745,4293561653,4294441923,4293486586,4292601814,2188673,1999104,27310,4290662779,884354,4294902700,4293746740,4294870810,4294718645,503350,4293697175,4293604342,4293285691,335738,4294622751,3443624,3587553,4292056687,163137,4292998024,4293593116,4294652253,4291709108,201290,4293785486,4291552032,4293542904,4292059531,4292145505,4294111113,4294385880,4293774039,4294659869,3824154,4293946874,4290568810,1671919,4290790721,596938,109934,2002983,1624891,4534158,1397502,4292544979,4291849572,1595554,1031778,4241308,239281,4292760284,4291989960,961220,4293098296,1021630,1464771,4293285041,1422683,4291202054,4292622849,1243006,4294139968,4291279518,689846
1161414,393784,2231309,1218932,1869942,2999509,4293532350,4293200640,4291881894,1984076,4294669948,2935048,183204,4723249,4290918462,1108549,1486018,1568543,298915,2066557,1571335,4294140052,4294000119,4290103124,4294655154,4294912360,361117,408837,99138,4290814458,871927,977354,4047813,1132896,1035759,2520719,4294335531,1166959,1136649,170680,4292378451,4294938945,4651150,4293795813,4291142223,2172004,4293572442,2722736,272151,4292303526,4293881658,4294963339,2673611,4291076609,4293346073,4291754112,2046771,4294719562,394761,425744,724727,4293256820,431404,1257382,4294076186,724941,877390,1238941,116895,4294178543,2396331,634243,4293511886,4092000,743599,4293605570,4289616494,4294233813,4293478371,4864143,2010645,4293328114,4290096618,4294722215,1385070,3105196,1787017,1786081,1077179,4294863324,4292563733,5888784,4291164188,442444,4294701893,1115589,332028,758039,1758414,4294635576
3169133,2555664,4292688084,4565539,4294947867,4292569734,360445,721817,1972628,869621,4291321371,3018695,679736,4294175251,4292097192,4290190555,180117,4290839810,4291826965,4294353427,374049,3743252,4289670250,4294509933,4292826966,2369773,3312345,4293791721,4294608913,4293102703,4291751604,1907674,4293311982,4290123353,4294047247,2872354,573661,4294478179,4293159403,1747269,1085579,3519377,4293922071,4294047763,4294216065,1144741,192879,4294176714,4294674909,4290271286,1609683,1147054,1802755,4289615084,4292701129,1202889,4294859198,772566,4294680348,4294501972,1549584,356110,1445590,4291998233,4294594930,1298564,4294128563,2625411,720090,4290530258,967263,4291796030,4294462838,2830776,214911,4291391684,4290478434,3610884,4293172536,4293361130,2504990,4291289196,3136483,3869399,418382,1914997,4294479299,1189539,2918861,3460418,4287662700,282454,116085,3518322,4294196480,4293777059,4854073,4699323,2643691,5202324
1302962,4294635906,4290877077,4291543211,4292259335,351065,4292687407,4292071863,2593212,4294839627,1785819,1465607,4289611620,3294967,4294228967,1939967,862539,621262,4293694945,4294836877,4293753755,379185,4293951720,4294825147,4567648,4291850040,1495450,4293797056,4293621312,4294804464,150,383248,3385757,4292326225,4291666375,4344979,4293502420,4293266108,2942804,2131728,2681486,4291220361,1517037,1741962,4294577083,4294541978,4293530920,4123103,245369,4294383168,1127912,163119,205773,4294772257,4999486,4291420719,3447621,4291390556,3302203,4294609830,986498,4294569778,4292293728,3234180,1746711,591409,4291050836,4292481360,816069,133588,172023,4293345976,4290881547,2611262,34073,4291752612,4292526310,1601033,4293735184,343774,1480077,4294134636,4289924603,4294927665,4292630537,4293379405,2136573,525649,2239804,4293855898,4292946479,4291390205,4292633758,4541121,1792309,34784,4291185537,4293560705,4292297263,2084831
397950,4291515134,842279,3046633,4292866707,4292158463,346913,70081,6152127,4294951089,4293816529,647259,1326550,4291400244,3220172,4292694501,408768,4294425748,4294101510,2486212,4294754039,448552,4291662675,789272,2667196,722245,4292619518,2483910,3032634,4536961,4292484949,4836669,4294441568,4293653480,404433,2081374,4292500196,2692230,4293926642,2266373,4289195618,1520811,280008,461778,4294557744,7337169,4294412594,4292445804,1343864,4294170248,4292555987,1250818,132413,1829986,4293031670,4294445209,4290748169,4291834904,2954436,393778,4293071221,2064788,4478157,270935,2054455,3985385,4290846559,642586,1256426,4293615041,4293699092,4290313498,3051800,4294279246,4292334984,1324917,4293645981,5229709,4291465957,1098255,2365491,3598002,1285189,2415087,3313341,4292990201,1619146,931710,4294496649,1921492,616075,709299,3644339,4294340636,3968897,4294061267,1910218,4294965089,4292869038,4292063815
4290743374,1230574,3124487,4294835737,259044,5258928,4154972,5204458,4294328759,2818007,4294653948,1780787,4291080647,887363,4293632340,367077,4293342739,4294063805,4293555443,2183557,314333,2422951,4292795784,79194,859414,2596791,1297223,4294858854,4294779426,4290400136,4292595627,4293057629,4292874617,377512,4294580205,4290448865,266221,2165301,68903,4293482800,4294313366,4014637,4292297955,4294552332,4291608682,1045177,4400573,4293263735,2299853,4292080938,1787570,820440,1665195,764671,4166719,4292421492,16576,1334584,4292474656,2481766,4293680399,4291475711,4293991247,4293508761,2621386,4290704522,1739340,6290310,1451419,3487666,4593712,610304,610032,2020329,511750,3847949,3688983,4293116449,4293003583,2717576,1205265,2904540,4294748318,507215,4293696221,4290710442,4293463276,4293762021,4289969889,1342121,4291847570,2437274,4294185927,1925835,4292681849,4293606392,289066,417402,2290716,4293748660
4293612471,3117535,703281,4292677151,4291880976,4289380001,2074605,4294805479,4291051531,4294768518,4293310169,4291560572,4293314457,4289147897,4259084,4292045285,1109564,4291695858,805733,4290977932,3396779,4292770649,4291811154,789175,4294769343,1515191,1231634,3624843,1235878,5209515,4294077810,2387258,4292340711,305975,172705,4293429567,4294366815,4294359129,4290153296,4294395341,4294207881,1831316,4292800713,4290792190,4821821,62190,3135305,2549484,2810918,4292027602,953748,4294483010,4293555925,2507,1177492,4290897033,4291436665,4294718080,679027,3002550,4294167331,908297,4294932063,4292436500,1909675,1367859,4294966425,1434780,4293021357,15778,4293435864,97906,1344582,4294804642,4294508273,4292183037,4294054634,4294178896,2065912,4292632232,434855,2813321,4293707848,922828,3473572,4288964867,4294664377,1861076,4293343038,2147982,4293184146,4294686519,4290570644,1544366,4293417536,580211,2042768,577916,2044657,4294335507
4291575997,1992390,4288306492,4290625779,374557,4287574927,4294003992,59294,1047356,4290839208,4293295478,4294762078,4293269954,1805434,4292584867,4294445543,1700723,4289943600,4294912489,4292720249,47094,4294499571,4293739605,4292182323,1833902,4290845754,4294160580,1790573,919514,1774397,1081861,1428640,4293321885,52238,4294419809,409800,4292970546,4293169374,1574996,4294821616,4294101986,2253536,1619899,4294952744,252106,4609103,4291830839,4294296767,917924,4290747147,4291093226,4294369156,2553356,4292396827,4292991195,4294708650,4294416995,3210210,4293683016,896120,571210,2022447,1764982,4292835336,4291414936,2765160,1497831,3180546,424167,4292132193,4294055092,130207,987013,4338115,4294062796,4289774921,4291440637,2904855,4291149715,484185,2825838,689361,4294839964,132168,343294,3915356,4290105216,2964504,1316226,1049674,4294755970,3063513,2576161,4604529,5523783,490741,4293302365,4293616960,5334032,4291003601
4293367399,4294716103,4290091577,1018799,5518608,4293713634,4294203630,4291979018,2027646,4294649124,2287057,1362455,4293460358,4292211780,2395227,2833957,4291593206,4290343502,4291229632,4292835452,2347158,5054933,4294096451,1057694,4291748075,861996,3994653,4293232293,4294519093,4292963686,4292041560,2423108,1622555,4289336918,879768,789889,4292519684,2291827,1595910,4294303824,2769374,4292318953,4292794227,598548,4293212905,4294604341,4294263083,4291523701,4290779455,1160653,4293763681,4293667056,4294240239,4292029652,4291700703,4292115588,728839,2070841,616555,4294450082,678597,4294672102,4294060982,4290877304,1760699,4291597956,4293401169,4293397060,338034,761078,4293915704,4292840265,4291984635,4292399607,4293407105,1517269,456709,57122,4293713652,4291330700,4290921743,4291458800,4294458067,4294083735,2545284,4292714590,1762855,4294095336,3953207,4294613129,4291520796,782312,4291985068,4293229104,4291443034,4414717,4294064729,4044485,4294955412,4292897347
4291215158,4294904872,1348468,4069305,4289915795,2964990,986727,4294767567,4294132168,1884173,4289311030,911961,4294363244,802447,4294860519,4294847497,4293244648,1992279,1403284,4292927533,695860,4292870582,4292172539,404920,4293425610,1182967,2768023,3860032,3243068,826602,73562,1957623,4292271413,4294876449,1243631,4289835008,4291685369,4293105683,569335,2875797,4293615810,4294144850,4293344677,4294604606,876468,3840357,4293792250,4293055876,4293642582,2516986,4294900317,3262207,4292108979,2100686,1356632,4292346211,4294953669,4293106965,1354141,232404,4292210916,4291002326,1822006,4287960951,516196,616545,1069533,1923499,3644755,4292343055,4412158,4294231414,3201306,4293619374,4289955201,1637721,158748,3041604,4290857303,1656994,2876820,1444043,678006,4293250050,4724895,4293506407,355591,3026469,4288851299,1817667,4293909224,4291859424,1673023,2253858,2374395,901909,4293790819,68442,4289926128,4293097969
4293547054,691194,4292306853,4291346939,3555217,2820436,4292631763,4293251291,4293162166,4294426063,1086721,3355965,4293341858,3847370,4290464198,1243408,4293765083,4294284854,50576,4294756545,326804,4733823,731833,4293678080,1991905,4292576588,2530533,4289692418,4011478,4294320661,1778293,4293841477,4292660910,2428551,4294040112,4294061073,1698687,4293736735,357908,4293451675,2299323,1650822,4291902352,4291781404,4293517900,4292910286,182534,4293119328,4291280368,1213677,4292986077,4294459828,4293950634,4293018213,4696629,4292482505,599609,2466866,64477,826764,3560339,4294492221,4292845868,4293777236,497690,4293386609,1763490,4294924133,4293541860,1361465,264267,4294887423,656171,884311,2023845,2217274,1397063,4294468714,313411,3535024,4294668912,4294905227,4291991302,1205132,249148,1301898,4294859661,5416615,4293098874,4293210395,4294622646,4294135372,4294707642,3308566,4292178748,4292645799,4291462791,4294962125,4291727157,488426
4291864572,4293977782,742391,5403701,4291902719,4906801,4294940002,3225377,2413069,2786359,4294215894,4217386,1438370,364535,4291402550,4293900103,3770270,1097482,4365218,1282308,4292011953,1112659,1097219,2215860,4290460899,2232480,1693722,516221,1595803,4290389894,4293813097,4292455723,4294463921,975578,4293910766,4293841572,1162156,4293458959,4293076211,4291059162,755363,4294427331,4293895734,4370569,4294669939,3384211,585386,4293938565,1912736,4292902613,4294712092,1665700,3534875,4291335600,4293188019,4292272286,4293961757,1625530,4294070718,4293718911,1016211,4294788538,4292448871,4294337790,4293017891,2297348,888533,220230,425046,4293346476,2552468,2950341,4293364706,4293882107,4293904130,2309367,558994,3880877,4294464320,3334716,1460739,4293586874,2528721,4290791047,779883,2545980,772110,4293917737,4290120232,2392338,4294019307,4293304989,806054,649677,921943,4294763511,2671769,2293216,284765,96976
655914,148791,4292950591,521763,4294332749,4294133974,4294655432,674775,224043,606633,4292718737,1423113,4292651707,4290077224,721323,4790274,1842487,4293023853,2903000,4292938260,285893,1021116,1102025,4293292266,4291456575,1880629,5156049,3632471,803822,1857403,3943709,555732,1895688,4294945909,2233696,4294757767,4294743882,963964,4292214923,4294075762,4292815900,4294830490,4293827334,447166,242265,4653666,4292651710,4020470,4294862510,4294203329,2091711,516637,4293797320,4294879052,357522,4290123858,976059,1480984,4294650773,4292059333,4292658975,671550,4294721286,862609,1125997,4293085172,4289804666,4293708054,4293980915,4292983537,1459996,2123215,98901,4292566175,4290987073,515653,4293411044,3046007,4293330200,2808634,4293138798,76470,4294666829,518853,3164306,4292859721,1659086,690704,995493,4044921,4294426674,2173622,2093143,4293294287,4293115511,4293960256,1152894,1365931,103123,4294458023
4294055887,4294145562,4291810929,1523297,4292772840,1205123,293520,4294310311,2994748,4292453718,299397,59411,228966,2274694,4291214783,4291353785,455545,374436,4294747556,4294266697,300936,1984182,4622563,4294715418,4292916637,4292505785,2198926,4294020255,2240705,3586928,1157171,4294468767,1641403,1948664,2081826,2247996,258102,4291351625,2498203,819196,2381121,4294907617,4293114634,4294642915,8414,4292473698,4291413217,4292425318,4294509559,4294361824,4289654181,4293460545,4293089128,4294217960,4291847529,1487735,4294491654,1328764,2362402,643764,4292599888,2342009,673518,4292654345,718954,3699318,2860530,4292312540,2069521,4292356495,1534674,4292682271,4291144791,4294902304,2787137,565039,4290860462,667405,4294167363,4292620578,2033639,4293836772,903841,4294046666,4294445653,2741257,1228582,401316,1149800,4292561697,4294005019,4291602272,4294004897,1203478,3113667,428707,255897,3829390,4294884386,4293588753
1734092,1268263,4292257594,4294168815,4294637268,4292838131,160174,5345214,3086639,4293584628,178410,4293572815,4294153975,4294183914,4294784624,4291721598,4294180909,4294387347,2039161,4294903810,1639518,1344931,1521051,517870,4293886389,1519306,4294778047,4294645733,614125,1039101,2570474,4294010354,4292946804,4294418313,4293284828,4294718624,4293810897,4291829507,4294210031,2631906,4294083520,2502396,88787,4293862192,4294820920,2115629,4292264315,1668749,4294436683,202724,4290499101,2480742,4289628704,4292103047,549467,1033211,1939313,1747302,229687,4294105296,4294090375,790229,60336,3932442,200050,4292166388,1590320,1495319,2735158,4293607970,139771,435467,4294481479,1501672,4294850264,2843378,5066851,4292029517,4292549445,4294788846,4291770518,314696,2454872,4294579978,4290764217,4294963950,4293058438,4290409586,2635278,4294807130,4291652502,432953,4294228231,5163431,4292183585,4294204497,4293191627,4292031188,2387144,450622
4293786046,920996,719820,4293497451,4294210359,4292461523,4292134411,4293967494,1749977,1549276,1393484,2719058,4294026740,3057911,4293076458,4293267586,4290213818,4294925489,4294390992,4294519550,4294031090,4292507505,1782734,4292499998,1165466,4291032816,4293002640,4291808592,4293654832,4292028102,47158,4294330386,4292670132,4294387140,4291007103,1121252,1740663,4293592809,249383,1304302,941120,2127953,4294750932,4294901667,1538075,4294925469,4293549969,4291836087,4293659180,177201,4292285244,1303010,4293991665,3508905,4293764783,1537869,1164686,1510102,1134509,4293533461,4431178,3692659,4293034599,1239126,517527,2683658,287927,2094727,3542728,3347499,4293946085,4291729140,4293736125,772017,4292065191,4291802273,1753232,1256353,2280766,4294322715,779137,2191553,1987516,1282775,4294146044,1193013,4293834012,4293008967,821179,403590,4293859277,690650,3994437,4294763676,396928,5424751,27023,4293943661,4294189826,3157544
4292246029,2791580,707018,4291180868,4293098900,1933474,1364313,4288333188,4292119533,2800118,2102483,5359892,4292632446,4292784172,4291621523,416566,2168528,4292195289,2854263,4291890048,4291191307,4294232300,651754,2445837,4291998540,4292779454,601953,4291960793,2023118,893006,2489835,4292559625,4293239019,2072095,2007102,393002,1473168,4292905941,4293208230,4292513816,114621,2759268,4294067920,1198407,1409759,803734,665856,1135392,475731,4293714467,363864,4292391767,1124872,4291964956,21424,4294568638,161252,6522308,4289790331,3179920,4294440833,4293234945,1600088,475369,4292970657,2013163,1421568,2022469,4293299095,1748885,4293333769,4409899,4289603789,4294763921,4294477653,4292091183,2498893,1416165,2423014,2233700,903967,2074578,4291830193,606870,1111953,2668632,4291865362,3313902,4291637728,4294578872,781987,1104591,1578274,4291479761,979816,286486,4292085557,814259,1223781,983173
1912253,5979814,4289945754,4294221813,4294608306,4157258,661411,4291264528,1447299,1222927,601896,4725821,4292364557,4294836035,716172,3586068,336192,4293796461,4293318442,3171363,359775,4291828365,4290276621,4294590680,4294221586,2369385,4293907153,4294834643,4292406311,116817,4292288044,4293029208,115110,175678,4289191264,4293248455,3166999,4292459637,2927252,4290541594,2065437,496376,4291799227,4292303525,4294114928,4294930478,6414254,4292750560,220888,4291039943,3571949,4291671044,1006191,4294552837,3529061,4292057131,4291367129,1491440,4294243952,2407047,4294868766,1904724,4292996691,4294213980,279257,4292894162,4292757541,1196179,4293238026,1838534,381285,4292217928,4291437516,2370524,4294316081,4289694997,4294776145,687390,4294586846,3422006,1126422,3508956,4292513376,5050196,2121379,4294413675,4292410063,1148888,4294587024,2597153,4292127462,2313381,1090593,1837901,3383477,1492558,1225947,4293117389,924902,2129624
2450489,2808993,4293393279,1575810,4290935232,4293515956,4945809,890570,4293794481,4292408844,1733791,4293961115,3203465,4292265249,5045532,4293171192,980741,661279,4291043999,4294321261,538285,413570,2735994,1058531,4293884589,2178588,4293857700,4293245651,4293942009,2584790,4293942081,4292516187,4291751708,1904150,1966894,428465,4293967307,4292774774,4293516227,1348339,5073908,4291518424,284177,1169537,4293940159,4294223007,4294526319,2668945,4290575468,3319700,1577321,4293919169,4291733411,4293611197,4293503488,3558904,4292697505,4293285548,4294262154,1724436,1568197,4292647182,2601498,4294480437,4291586095,772091,1057951,4294067398,4291727433,4291599378,4293425568,3971910,4292320129,4292724855,49008,1435761,4294417668,1155749,4292747101,4290532226,4294044962,2274254,877253,4290862892,4291757188,4294054112,1574687,4292747116,4294603870,1798074,4292205892,4294127878,4293252910,4292258401,1685034,1958116,4293975302,2846734,4650625,1538358
4292361362,5624227,4291345225,4291479130,4294718277,4291790408,2542840,4294279275,356707,4319609,4292698228,4293385129,4290357646,1680579,4290914386,4291742120,4292296619,4292215501,2101037,4291815933,5757966,4294347530,4289366905,899543,4292952505,278080,4294236533,791476,1506260,4291895133,4291413273,2179220,4293617894,4293809799,4290476010,4294578590,4294025114,976528,4293819806,4293701669,842339,1266348,4294707975,4292838712,4292002376,4292239158,1611610,118870,391332,546463,4294057600,1121848,4290893157,4289976526,3875010,1063811,4743704,1857957,882915,3904284,4294434402,4293714817,4292835413,4293070462,1896697,4292810131,409142,2554695,1435199,4294268368,1816983,4294754666,462386,1472293,542031,4293033124,4292330786,4287772443,4292092138,670185,4294599793,4293618010,4293253334,3383753,4293787477,4985152,4294341763,1046026,5363607,4292338832,4292066142,1436671,4294705931,2632974,4293854552,243826,4291618688,4290382451,471194,4292487047
3584890,4294592726,4293616199,4293187231,2521983,4292717079,4293456873,1283331,2569168,4292864216,4293092695,4291237228,1222450,4290006984,4293184729,818317,4294736898,4293025830,4294741045,4293220323,4293579416,5709274,1988730,4293978731,4294658437,4294882669,5276546,2281923,4293472608,890277,4294612342,2240146,987457,4293858274,592913,3226087,538258,514581,4293388433,4294006546,349494,4293830580,4291450375,4291844969,1973999,4293327850,5369605,4293970709,1872367,4293844318,60381,4293315003,4294228859,4292898437,4290175868,4294470149,621025,3459072,4155695,1042345,4292736749,4690144,555686,4293210513,3685569,4292579994,4293399617,18198,1865021,4293309849,172344,4292637045,1374629,3244838,4294351251,3164107,4294053329,4293109851,4294612168,4293471412,4293752952,3040509,4293415350,1870515,820291,4294575559,311527,676976,1632596,4294155211,4294313890,3661065,1035987,736150,4291355913,639517,1553312,4403679,471210,112936
407029,3777731,2911454,4293452834,2471431,1708393,6175984,559089,4293373724,4291998031,2441351,4294871495,4290823001,2947941,263280,2678668,2206578,4294904713,4292380533,348316,4294650349,4293208307,451591,1851967,335170,3257599,793927,537905,4292837881,4292504271,4292141330,4291923665,2686515,1360527,1201669,4294806625,4294869650,2361043,2934978,4293439103,1520147,137792,4293394030,783661,414372,4294199483,2001621,2790026,1785244,4293121703,1069293,4286967478,2020331,4290900596,4294365086,2188167,644784,1431151,1527046,374883,4292692229,661982,1320264,48261,4292906830,4294001766,4290490931,2241721,4292746404,4293622044,410845,79608,4291630354,4292514737,3441072,4292266099,4292095108,4293695581,2826041,3173666,4292815057,4293468457,4294821633,874224,4294631409,1236614,1485005,4294020146,988425,4292874582,1437149,4294459911,4292287040,4290044846,744385,694789,3715326,2169173,4389809,48877
1325150,2497417,1120577,4291159793,4294832139,4292585315,4294832257,4291632086,4294157766,4293251396,1176457,3959196,4292899815,1250305,2212886,4290626312,4294385958,4293383368,3546641,1199216,152280,4294883054,4292196356,4292131002,141749,3020270,1981235,4292839101,4293897772,3127604,4292132942,1530573,2258459,1850543,4294173417,978858,4292623985,2449823,4293741334,4294070547,4293551176,435497,4294053020,4291179428,4579404,988633,4293129669,2965983,1793350,1058219,423130,4293496375,4294661445,4292566241,4293454680,4294512898,4293630845,4925607,4290440923,4294757849,4292963557,4293016461,1670461,673951,793783,4294758760,3122932,1774314,668540,4294887113,4294127793,2055617,4291561065,4292526367,1386258,519157,3207176,4293335674,4293002088,2121134,2602487,890864,4294164801,898849,4294446928,1255652,4293732656,3318849,4293183831,2448285,4294931649,4294286507,4292675730,4292772163,1949801,4292782798,4291606449,4291814164,2325284,2022165
4292263151,4292824956,4293459594,4291720824,4293548938,4294381421,4293903568,132336,4292754577,1867196,4294531648,197705,4291682430,27081,2176196,2683197,1686014,4292976027,878581,4293605514,4294582420,4292393677,535660,957102,615927,4293403114,1458524,4294924674,1446707,4294853126,4294419645,4294041581,1124998,2388405,4291764889,820288,4294614067,4289614382,4293356532,4292766777,4293515886,4294952532,4294674423,4293821173,382501,4292552491,951482,4294243277,3725970,4293763092,1140042,4291107841,630348,4293146811,5144214,4293514093,2546863,3794655,4292513965,4294068828,1308285,3888862,4288545556,829984,4293492627,4294792444,175939,4294148983,895397,93463,1370492,3622968,74317,4231002,3784553,4291845180,579027,4293891606,4294359403,1540434,4292619590,2305125,4294128065,2060506,4294043560,1645717,94110,2898442,4292913948,206258,1338289,4291491290,1594251,2294274,4293831787,861856,4291966375,4293411534,4294339509,762819
4292857345,4292491931,778641,879780,3883417,4294274467,4294866851,2375525,2264236,4292181812,4293257079,4292817919,952440,4294261022,4294036904,4292109193,418626,4290545954,139693,4292263316,1869896,4293661991,4293999003,4293517155,4292244085,213925,4294235838,4294338053,4293852576,4293780343,4294274050,253392,4294490420,4292116390,49297,1014022,984103,597921,4294962484,2508388,4290061984,3071537,3991004,21262,4294700141,276655,4294313376,1943054,4292762122,4294302367,4292344804,2778386,297110,4294262874,4293889711,3078228,2361825,4289947212,62833,4293539673,4291177975,4293828918,2632576,4293726317,4293181021,4293041025,926742,281261,1163728,502568,4294516350,3090511,5091329,4294250904,1013149,2163694,5354440,4288701992,4294498550,4293584067,1278065,4291508963,2960340,4292232885,4290797918,436125,4293234589,4289479188,4294505942,4289888917,1484531,2364024,4288065896,1016006,4292541163,3175323,980931,4294294547,4294641546,4292687912
4291068984,4290303662,2733690,4293570683,126162,4637380,985831,721339,4290909936,1043871,4294774883,4294562340,4289150086,4294617434,4293477017,4777450,1668199,4294152701,4293944569,4293996288,4290396739,2603857,4293682057,1069573,623148,4293395894,6361724,742260,551741,4291090922,4288553912,4290862064,4357091,4293729700,1014892,2567122,96396,4294550856,155403,4291229576,4293502324,4294854991,4290366186,4294846997,3373176,4291480506,4998675,4293499463,4823365,4294406763,3828453,4290314956,5221626,4290556946,370112,4292342137,4294249596,494515,2010945,4293531473,75836,1132484,4293370330,4289270751,4292212287,4294643140,4289686908,685629,3551956,1293238,2121595,460035,617383,2199335,2344293,2049255,112007,3522418,1679698,4688300,4293382100,4293855346,4287469330,2325538,4294644061,4288282135,1003911,2514731,4291735168,4293420006,5091969,4294083291,1419315,996960,4293688870,4293409778,4262330,4603554,4293948726,4293606629
604267,4291076996,1277454,4292211129,4294537999,945938,3722597,1926398,411761,4294691355,4293001204,689885,1521172,4294126438,1530811,3100451,4128238,27561,4293800457,4292108031,4292287384,4292042997,2440543,4293237058,4294885424,4292405757,386808,4293225059,1848214,1136942,1466470,1142764,1159702,4255770,1746741,350120,626201,4294126445,4604303,729918,4292415042,4294151571,1708566,4294643915,4291614972,4294184863,4291386194,4294805516,179203,4290393424,1171216,4289119070,2446751,4293669997,2651711,4454825,874828,4294631929,4293908369,1866583,466998,3454047,38631,837850,4293996146,2504815,4294913013,4292291571,4293944751,4293613553,1923233,2859040,4409321,3443827,3517719,4291009099,4292387218,4292598904,3009604,3249736,4294220718,2842422,2137865,2026716,4293329964,3449913,2406558,4291888140,591021,68511,1338047,4294643669,2187414,4291656798,857739,780360,425981,902175,1444561,4294677391
4294846587,4293461713,4293795137,1999182,4292662325,974486,2517556,3843414,4294107644,4290002206,4290368654,4292387663,1415876,1050742,1470419,3894469,353845,575082,4291582939,1095671,4291416283,4294702373,4294486441,2062596,285187,4294690698,2793790,3320644,4292432106,4292824491,833049,1212149,3101115,4561300,4293698474,4293789468,4293684884,4289566660,4294798671,465871,4292959824,1788702,1572397,4293210284,1409561,4292685259,1102446,4292385501,1627818,124634,4294797048,4292045383,4293905355,545200,4292701892,2604354,4293411647,2708914,1401889,4292948124,4293179005,3136660,844021,4291076174,1258101,4294679171,184645,4293884469,4294287974,4286092488,4294663144,2102014,6683452,5748415,3379977,11585,4294773616,4294956776,4293438416,1439863,1392670,2171324,4293794468,1397589,4294741199,4294197737,4294175812,5068774,4290506822,1087761,4294863065,609943,1802946,2885934,1467754,1392462,2462315,187263,1674069,4294757400
4290711740,1257445,4290239597,4292855545,1559029,4293217689,4290925069,4292871008,4294359328,1305956,2769633,1922583,4293859187,2417717,4292308762,601520,4293932966,4288426817,2935787,4291823825,1462451,4294522371,10016,1145857,4290411653,4291716794,248516,4293178747,1736714,4292835519,1676367,4292494764,1620768,4292670485,4294064097,326660,4294627659,4293903473,4292887387,1196530,4292201282,5364034,1191764,1515784,4282001,949297,4292105125,4294614378,158195,39332,4291219444,2032866,4294878995,4291257385,4291598131,4292195987,1107948,9339858,4292899720,4292481014,3245745,4294941451,4291521126,1403032,4294027563,4293834101,4711904,4696256,2257929,660446,4293042517,2955989,4291967334,4294698697,4291883715,4294120194,2575185,1601673,4294228910,4294260084,4291620856,4289609362,4293564320,4293545950,1707367,823558,4292829624,4294951485,1804669,789114,4291600121,2068805,3054927,2686138,4292901002,170306,595681,4291884050,958861,4293518899
804540,3044577,2687813,4293748623,4293297602,1063203,4292812396,1364680,4294676287,3519350,4294849398,4294096578,5069749,4294888861,4294584845,4290418663,4292210872,1937470,4292513899,1114540,157437,4293253672,4749197,4294888149,4293278480,4293749878,4292042720,4292355398,4294352477,2276600,4917675,4291796776,4289811869,4408414,1406291,4293797179,4293993218,1461555,4293290810,4293374073,3663767,4294018292,4293736433,4291644158,4294150716,4289511018,1005824,4293674344,713562,4293253734,4293188162,2103612,4294671288,7501107,978576,1819171,643313,4293416703,4293552599,3691620,2884475,1406547,886846,4293014533,1875724,4673050,1716980,4291654584,4293473993,3797085,1010536,4293671446,2006231,484710,1029758,4293038058,4294539018,4292186259,2872184,4289340487,2248838,2660879,3774947,4293214515,4293935071,5219967,2542491,2055095,4293228003,4294936140,371253,4292044517,3783869,4293859784,4293374932,4294848162,673141,4294004410,4294517066,1905792
4294318754,1091207,3976572,4291772105,4292388177,4293557422,2012839,4294408063,4291534088,4293883357,4293964868,881545,1035449,89925,1671353,4237076,215723,4291809221,4294136575,4293545747,177697,4288954370,4291052198,446064,994653,4293085614,4293257003,4294637641,1903865,238526,4292873296,4294734287,4289398994,4294860287,1844298,1722386,486942,4292555588,4294715407,2817254,4294613182,2625665,4294490065,1332048,209559,4293183029,2226099,3827896,4293658652,6403969,6313668,4292934245,1955667,4293646305,6903375,216198,4294524937,4291206884,4294938053,4294232605,4294086225,4289524775,4294835256,4292420898,4294040693,4293734456,4293751354,4032453,3256849,598948,1974071,2915877,1100077,4290194764,4292801057,2328665,577050,48782,3200135,3584739,4292235397,938497,268991,984193,1677072,4293825142,4294609044,1567357,4291162367,474445,825485,4294609878,4291748697,4293645502,4291868031,1376547,4291122170,1985529,4291926612,1792159
4293743505,354322,1355892,1983173,4292900338,3030903,2025200,4293277177,2450675,2907520,2684384,2433782,4289309342,1973754,1232070,2112579,4294270970,2089769,4293526991,4294783497,4290957659,4291160297,4294460378,4293518457,639074,420171,1300553,4293049451,4290850690,4293871380,4291829173,4292078730,3067437,4293438389,4289727226,4073996,4294930117,4290492920,986506,4294691949,4292967113,3164317,4294749284,4294365573,806514,247006,1104860,262309,993127,4294270124,1210365,4292559480,53694,4292659259,1220538,893599,4294759125,4293986546,4294669613,4293573357,4292606052,2138171,4293476193,4294054628,4293672913,585361,4292480320,1333335,1364523,2060259,4294544670,1710743,4293675639,3967319,2195324,4293669646,3875008,4294387272,1298760,1734198,4293624946,133837,4292646466,1383315,4290144077,4291559728,4294215168,4294526325,321944,4292983688,1052320,1325727,4294551258,1530681,1068515,3129869,4293346680,1056222,4294686558,805277
4294142364,4294039140,4294602709,4294528016,4294635449,4292243452,4294841607,4294007955,4294689610,4294950211,392362,4292346236,4294795553,4291275513,789726,2417396,1756103,4014782,1168291,4293963389,511588,1182030,4292521840,4293965461,2466505,4294491186,4293639455,1464750,4292629886,3447484,2848265,2272519,3995960,1884652,4293577887,1815899,4292943253,1766514,701221,4294717029,241824,4292682190,1447315,4544188,876876,280150,4291791570,2636306,4293856937,2783489,4291378285,3101489,678940,4294585918,1172879,4292082964,4294549167,4293766083,1601319,4294788366,4291995926,4291396907,1222977,2670351,1991851,4294087281,4292869545,4291042721,4293230542,15839,4293525331,4293567924,4292991080,4294092959,4293651486,2516297,1020651,1912828,4294593826,2157380,4293832233,2458421,4292361641,4294092560,1465513,4291382760,4294312326,4290209118,4292584522,311971,4292300648,2151066,4291624140,1887492,4293426699,4294172353,4291199842,766491,4291623888,412754
91108,2431893,1535018,3736836,3080565,4292939312,1492598,4294300645,4294143420,4294580705,4293106182,2863351,180270,4292010931,4292168582,4291285141,2689900,4287569141,2597125,4291451117,1217536,2261207,4290296141,4294865834,4289366845,1399802,3463584,106013,4294684576,4292851850,4292099488,4294732044,4294654694,4290953192,4292236830,3851977,4074733,3721241,4290438199,4290483533,4293458448,344711,4293821434,792260,4294742804,4290446028,6840890,893194,1323680,163640,3429544,4291705511,2724053,4289529440,4293902992,4293415968,4294518853,467064,1210935,4291589733,4293092631,1502476,4294122948,4292981046,4294143400,4294693784,1493126,3021952,4292289286,1580522,4293630492,3962743,4294080539,4292596531,1902139,4291909576,4294546125,4292867131,2260180,4294898946,4293165830,4289211659,2702693,4291783745,4293189915,353849,211305,1864050,847342,4293270822,2108897,321731,4290382276,4289165824,4290641348,580782,962493,5871067,163201,2313059
2810647,2564980,2215441,187911,267743,3510696,1116951,4293480725,4291466468,4293927668,1469057,4294508956,4294831307,4307917,4293064819,4292994196,176031,2779206,4294675633,1652985,4293730612,4293845616,256069,718713,2230827,847961,1653918,4293086173,1818450,4293453821,4292916567,4294959004,4294886005,3235373,1151456,1505099,1261559,4292918546,4292611349,4292131974,4708115,4292493311,4293490400,4292518436,2109615,4293725504,4685285,1195069,677574,2983428,2402747,4293608084,4292065957,4290592734,4292909667,1699715,1938908,4569821,2859303,3898385,2873976,151202,4292131932,4294932144,4289888062,4294436907,4294333424,290577,4293355101,4291557344,4294837517,4293132177,434911,2176224,730496,4293230033,4290557141,4294676600,4294754096,1196844,894809,4292204528,4291415114,635044,4293768346,3581391,3598784,5221904,3190141,1941800,4293049040,4293871095,1933922,498314,4293390408,4293285934,1805271,4293407235,2407909,1181115
1453299,4290764195,368162,4293863819,1286162,4042906,215620,4292405794,108964,4294521352,4294262170,4294423473,4293598088,4290478069,3391531,4293170968,4294885705,773623,4293721484,3127743,4293915544,4293622490,2492452,4290845371,4291377645,3400447,2321005,2428395,4293460298,2029335,4294138735,4293751702,1807422,390308,4305127,4293524403,294218,4291667390,856298,4294196961,1409193,4290691288,4294061874,4292816163,3687890,5136710,4292369525,2823339,2635856,4291488150,2881862,4293869651,2711456,1694240,4290918896,4293977031,4292221153,4294605212,4294539304,1019279,4291741810,1313581,1000603,4292963167,4291072349,1223541,1856367,4293343646,4294274454,3001174,4294057703,878008,4291111521,2700908,4292434818,1266709,4293909607,3594361,4289032561,4293671093,7261816,5007346,1159354,1252411,609263,4292074923,1700204,4293042149,4293873709,111079,4294121221,4294328628,169885,1676856,2244456,2098970,4292334478,4294490970,3165282,4292065945
1007397,5424078,104335,4292749259,4293634741,4294331204,4294705113,2660111,2584426,2339075,4294723713,1723742,4292620158,4294814876,4290745471,2305377,152051,4293748813,3271228,4293927439,611175,971586,977084,4294911203,1620772,900214,4292646522,4294289271,4294714651,4294780031,1323714,4291214226,4290521338,4559790,4290544268,4293985586,1363700,624984,186292,4293918788,2715032,3437699,4292152239,4294591895,4293615125,4290715477,1299015,1044534,4293499717,1743740,460419,3894898,4294414350,1532669,3802338,4399238,4294653068,235535,856439,4293904865,1912048,4293713241,3062977,2535306,3081788,4292016956,4291304116,1097098,4291410835,4294517474,1588123,2781270,4292588843,4293166276,876943,3393649,1491899,4294736465,4822,976382,4292576011,2289233,4293815686,4292538829,4292419703,1671668,1978714,4294723610,4293115989,209644,2079349,4294505758,4294937576,4294043433,2094834,1216952,1390134,4484050,4293140047,2104479
4294128924,4292131139,6281854,4290887626,401167,4293612941,947174,611724,4290393769,4293140521,4293211076,4291239035,1300997,4294797122,727126,545984,2100382,4334320,4293349338,4293725910,4294745284,4294057326,1322773,4294872855,4294908968,602800,387452,1402952,4294028827,3732,1486898,4293987420,4294913685,3921845,4876648,4292574914,635143,322406,4294783809,4293487905,1562692,4293097986,4292606135,4293073508,2180150,4293574556,971175,2254514,1408631,4293484580,2144607,4293277190,1497492,6228668,2679296,4294697256,4292827060,4289742748,1090596,996494,4293996411,97334,1976404,4290791414,4292941377,497781,4291170234,4292177942,4292170057,1713163,2237114,4294707259,4294030082,611098,4292994065,4294960077,4290818148,224656,376124,4294756523,4084389,4660306,4292193930,837046,3302891,4290583389,2732765,2275001,4288708769,937697,1611213,4292755332,4289189352,4294409254,57770,4293607668,2220228,2692870,1164478,4294297023
4292699281,4293937198,4293998472,1439237,2177200,4294140343,4292144121,1356192,2317630,4291324700,461084,556800,4386546,3220901,4940181,1572761,2050968,1585879,833128,4292408820,4294712015,4293075616,4293234590,1399170,3225037,4293342216,4290544017,4289566484,4293257736,1795129,1917040,1596185,767902,4294304587,5697,1799583,4294241625,867198,4294903094,4294250634,634718,4293698146,1422245,2707933,4294802801,393075,4294339152,4293824915,4290333502,4339240,4291288452,1874172,1647496,4294937646,1721185,4293462922,333298,4294653915,948768,4293347038,983117,4294954965,4290832020,386382,4294730966,4292595501,215376,4292379058,4292904435,3763783,4291980759,4293065422,1996816,4292642849,4294449159,4293925258,2666204,4293345455,5195254,4294399650,4289213763,4292640355,2408393,4288470997,4294458396,4294829639,4293545659,4293052268,237770,2431120,4293050607,4293977221,4290897725,4294048690,4292271974,1570284,4293036090,4292854171,4292311234,1940838
4291308518,2521873,5247004,4293757408,4292887493,4294482335,1592443,3371856,4292198625,1447092,344616,1014144,4292199298,3561888,4291586020,4291440344,4292216098,4051768,491130,1508585,3786566,2041807,4292797322,4294458331,4294630296,2362378,2779113,4294325120,1609609,4290176889,4290117665,4292982866,4292472770,4293870977,4292596557,4292244147,4294462412,124115,4290729079,4293004244,4326856,3124160,4292117734,4289652600,1921415,684130,1606644,4293377947,978039,4291163513,4292715271,2871291,4293126115,499887,4294712165,4292299561,4290767871,4292396601,507888,751673,3684044,2428080,4292093837,4289903776,4293896770,3958669,171965,996495,3237326,2903850,2438756,4292956295,1539740,285239,4292827612,2235427,4294779468,1256194,2122339,1840130,3255895,4294162742,4292209301,1622440,2670168,4291983445,4293815168,3542371,4290665940,4294010927,188138,118362,4292060856,4645597,186231,1316911,2410683,4293736786,5326762,4291037917
4292825503,4294056492,4294738198,3287853,4293804704,377144,201416,3133280,1583023,1741089,461491,685412,1117209,4294079706,4293735690,4291888591,4294313759,4293091284,1705093,1222719,2538517,5899897,4292577355,4294862386,4213214,48943,4293330905,649971,2166296,3766117,4291292448,1865755,4292870571,4289057939,4294780657,4294257292,6887,6482799,4292957740,1826084,4294817255,4293828215,4294241330,4153927,4293512185,2079814,5704302,4292873692,2112474,2468361,1151239,3606034,114897,1890671,5030872,4291182276,4291027724,4290840475,1414271,4293694851,4294516334,4291440983,4294516963,3214599,1702189,2012419,1284683,1251085,3284060,4324399,503236,18549,2926222,4291855109,4293278126,8042937,3494161,1920549,1098889,1388462,291278,4291877437,2481841,4292615592,4294028786,4292053368,4293422707,4294048396,4292233767,4293254248,3829170,4291874506,4294878153,4291709282,4294429232,4292168254,4291157286,67086,4291154886,4292651748
267779,5882134,4293482260,4170053,4291965885,4292989589,4293307156,3095783,997058,1397705,4294381617,2303951,4294893973,3728208,4294936213,4293153013,11660,4293025078,4293230698,4293707822,2128827,4289574687,4291232433,352398,4293925995,26629,4291458933,4294458673,77499,4294016556,1107035,4294286412,4292697420,4292420804,4294628127,3005779,4294440939,4293480746,4290952525,2097588,4293085095,4247918,918568,1015235,4292495648,1672780,914948,1597528,4293237183,4192121,831510,2648943,4291942129,4292883653,5058538,4292464543,2724130,4292064453,1371741,4292943516,2070686,4291201268,4292674100,4294256477,4293867362,4292226547,4292511332,1344094,2359591,65101,1896967,4294059647,4294075859,4293050923,4292428238,4292845014,4293270597,4294001261,4293949236,4294764031,4291673504,4290909193,2419824,4293461429,4292919417,1385317,1590299,1023429,2619996,4506726,4289499870,4294920802,4293888201,4294271001,4293520619,2783665,4294926853,4293876332,4294918889,2370321
991172,4293159260,1514079,4294353519,4294303566,4293533008,4566030,2433046,4294832843,1211907,941359,4291438151,4292468964,4293847319,4292872514,4289945671,1563686,4294307116,1249664,4294939407,3610705,3158013,4294774076,4294744657,4294563116,3984856,2102837,1025264,1913535,4294023226,430980,4290922148,489293,4294120837,4294845131,2310240,425008,2664597,647835,286690,4294605118,1199949,810665,5201971,4292883300,4293782315,4294594017,3713702,3334770,4292852155,1006133,923704,727046,4293387799,2396469,321351,1760479,4292035429,4292805809,4294492697,4294849100,4293978003,328763,5333193,4294614350,492376,4294601572,4294427489,4293938837,4294025280,2550292,4342384,4293244810,2542331,2975005,3635655,575210,613829,4292055481,4292854071,1977575,4293699433,1431131,4293633771,4290039443,4293964673,2414929,4291843060,4294429420,4292479893,4292709543,4294907656,4294081424,1420167,4293172123,4292753733,57294,4294004152,1979261,4293130648
4292917504,4512846,4290692469,4292453083,2223492,4293466747,4294464983,153586,4293680098,2509770,64642,4291168009,802213,4290520557,383059,1225587,2063559,4293516010,1631828,4291620921,3483502,3117448,4294778264,4476426,4290706909,3146422,1456121,2553442,4189579,4294389647,637703,4293293185,4292171869,446238,4292344174,4289743427,4292109933,4294499887,2292565,2482980,1221563,1844872,4291246981,4294374248,1247176,4293647887,1084173,4293709144,4292597301,4291236200,4294149750,4292094338,4293029849,4290469923,2099370,4294712065,2014679,2451331,4294345127,1687705,827671,4292362431,4294570306,4294602778,1341697,4291379577,4022221,2658419,4293423946,4291928580,4293913633,4866330,4292919561,4294926189,4294262475,1554166,2458941,4293190661,4292397013,635589,4293832627,2060000,2876545,1781345,3375636,1302296,4294705851,4293326713,4289512268,22935,4290196045,4292549746,4293301190,3450608,4291065123,756887,4293635685,2907821,4293901503,4293637633
1876858,185244,4294646966,3669643,4291060062,4290936027,249965,2722689,4643690,53868,4292915795,1605686,4293605632,4291255053,1430827,4294018588,1527991,4293754099,4294841843,4292530523,148663,4293400577,975405,4292366329,4294748375,4292459325,4293431721,1096470,124950,2708296,4294527063,2699183,129976,5893,4292885226,5261058,4294556810,1740565,4292417045,4294888870,4294158124,4293241617,543431,3290782,4294414560,4292271779,4290254446,1411433,4294276699,2177327,4294875634,1064130,406438,4294168693,123202,2017879,4294904634,4291126710,5913387,4290647372,4294851476,1576887,4293763810,1950268,3958992,2297039,4291333765,4291719415,1723020,4294265738,4293670332,4294245139,4292727553,4290155913,382725,544048,4288852363,2028189,1323768,4294253860,4292445708,4294505713,2682485,4292521745,4293811125,417188,4686083,4290190201,5607686,792581,1339936,4291693874,399346,4289515561,2212867,3811260,974781,5422224,4291713062,455213
3619604,309607,4292893766,4293463123,4292869707,4294349977,50011,3861962,4294669471,4290993179,4292820690,4293756574,2260048,505364,4294714229,4292555114,4294709804,4294624480,4293995475,249099,4294253049,4291875176,4292417296,897214,1822146,4293025315,4292159144,1822273,128270,814416,4294442327,1710196,4294417189,1833578,4292921976,4294493544,623700,1036051,56169,4294898920,4293909561,322466,3722605,4293013678,4292899439,4291141944,4293594314,4293063216,4291491805,4615660,1330273,1664194,4292506772,4293815312,1936337,7467307,4293383794,4292786825,4294637265,1144902,4292980634,4293079242,3099982,459835,4294525781,4291935197,2447931,4292166891,1820195,4294034015,4293963376,1392940,2712907,4294071801,2443683,717749,3802700,4291558524,4294600670,709409,4293484143,4294855187,1400691,317567,4290627661,3386934,4293856255,213880,593909,4294409272,1937225,556806,294413,4290862105,4055000,2359112,4292654085,4292016988,4294677366,4294688172
2644662,4293790096,74536,4294571592,6353293,4293393356,3181386,2748577,4289075896,4291785285,4292794416,4289427771,3970862,283334,147478,3823027,2134766,3651955,4294620950,4291481459,1258887,1816562,4294239173,1731894,600876,3258576,2514701,657770,4293930063,4294251374,2686743,281237,978312,180153,224155,4291276282,3466456,4294807273,37686,4292451126,4430013,4292107457,4292783261,4294115774,4291533237,4291901138,5686581,4290776418,4292123608,2572181,2748732,4291372639,4292338462,224200,2343411,1587218,467464,547632,4293191114,3097411,839482,3690511,4291504937,4292560780,4293080891,4291403286,2305750,4288968054,4288850705,983115,809050,2490696,4882817,4339127,331051,4294041843,2861248,4291055391,4641921,4294136166,4289436823,1544889,3026735,1140388,4292370766,272123,4292096926,1312189,4294559781,4294029980,2000303,1400687,4292558484,4292603215,4289411852,378254,4294264913,2343876,4112532,1021993
4294008081,1351096,4290206903,4293099532,418833,4292682081,1956365,384907,4293248535,4293049938,4292441370,4291675557,393082,4293721207,909091,3729303,4292551007,4292682855,4291972759,4292251506,4294025804,4098828,876915,3784637,1563065,4293096053,2078633,628102,462650,109059,2758432,1229097,4291166505,4293993821,289314,4292332969,4291310568,4291012391,3218967,4264612,2785976,1435011,4294698605,4293889224,4292027059,4294543381,4294408186,4291730473,4290783716,88820,4293013665,1216245,4291216255,4294953659,4292452347,3899065,3738044,3201988,4292162978,2633811,4293253925,4293440339,4650077,4291467634,187002,4292524515,4294421352,2317228,703433,4289459975,4294506201,4293370296,2740632,3726070,259001,4293568628,3697369,1337824,4294278501,4291308187,4291308800,2254190,4293640014,1129441,4294364491,4294022718,4289078511,804029,466393,4294147609,4293278677,2028776,1464364,5838688,4292969366,77257,1116805,2421397,2020590,2486602
683643,4294957041,553780,4291005158,671539,4294358024,4290867547,4290681484,677863,2771168,1271281,896999,269662,4292167222,5923009,4850921,728867,4293931275,4292017366,4129681,4291494852,4292004561,315975,772276,592925,925169,4291184628,1082257,4291364115,2896573,4294511457,4293585032,54599,4184027,4292842372,4294254801,4293438129,4291542879,2076533,4292866364,4289986000,1145545,4293275694,4290421598,3467065,3689147,2279706,1776344,3372377,4292644189,4294181657,4290796897,4183819,4294546472,4294789212,4293713443,4290896040,3287161,4292203144,30177,4291965452,1170224,4238346,4294176352,4291954930,4292708803,4290996301,5534985,4291968181,1213064,4293127169,4292566926,4290825739,1682846,9286,4292485980,646099,1305409,4290499761,952731,840830,6958559,4291229401,4155366,5644920,4293150021,644692,2711860,4290937066,2724633,316933,4431923,515479,3301471,2290624,4293044134,4294891829,4294628717,4293849452,753300
4294240694,4294020025,737948,1881219,3405946,2930200,4292903245,1114406,3065178,5290,2678939,3298578,236944,4293964169,4290495817,1573163,4294124181,4291358257,1922638,184482,4292237758,4293539532,1029273,4293719556,4291901056,4293165659,925712,4293266211,4293162302,4293673564,4294566814,4294242746,1057422,4293658459,1820952,820695,3192057,1486178,4292203031,4290561895,4293320332,1967853,4293782380,1988647,4294259749,4294819537,5119806,4292704630,3875599,1945616,2301410,4207397,1253504,2319136,4293025747,4294366844,502450,4992088,4292321132,4294446768,4294919123,4293955346,4293669574,4294701055,4294676236,4291282351,4292707855,2039535,3641308,1907686,4217478,4294234758,4293197004,4294016910,4291697252,1165160,4570907,4294295306,4294771760,4294592320,4291102376,4292576736,4292845662,4292053947,4292877471,75167,4294362590,4293087653,1064777,2518324,1799385,830653,1468588,4292994984,4294399101,4292533880,3889768,1326264,1554875,126414
263673,4292267402,1718993,2498734,1657067,4293630244,4291587787,4456751,5087172,1245835,4294773834,918269,3480216,1254870,2589571,4290969429,2951956,1988156,4041921,1598513,4294714596,4294654608,832004,4292978294,1548499,1454398,4290947349,4291382290,1433313,4294180512,4293457599,452621,321336,1355349,4291221808,2981137,178183,2313233,4293410981,4291120002,4293205946,4294614296,4294912985,2093300,1058981,2352782,802681,4293722289,1161131,4292572799,4292067349,1327111,3278694,4293767214,4294158200,565064,4294657483,4293234772,1425124,4292468251,4183526,5262833,4289890869,4616050,4293507027,2582762,4293489961,4292907236,4293120777,2112441,4291625668,347030,1805243,1144194,4294882023,1642613,4294352015,4294269488,2204317,1400194,1248723,4294942009,4679792,4292594635,4292686928,2684268,2814327,4292221148,1399467,4246298,4774,4294941071,4294580191,4294907870,4293080046,1803799,2899790,4293322352,4294962189,4293522547
4293500712,4292589385,175647,2309383,4291764339,6480163,432961,4293090601,3313702,4293064065,4292162331,4293703950,4292877684,446240,4293243576,2343235,861348,1416612,4294725737,4294740373,4292945993,4293993254,1788409,2582148,865415,4292363621,222772,2506211,4294755513,3026591,3861576,1939258,1503428,4294804903,5754014,4293473341,150952,4293143867,3553819,1846325,4293216722,4292236620,1238774,1439501,4294492555,1377373,4294674597,564572,2011947,865758,4293294576,3539879,4293015172,3973370,4293114690,4294063771,1993498,4294914967,3827735,2397564,4289222522,4292572992,2160801,4294263164,1852140,4292569867,4293480671,4294091210,2445236,4292881948,3739971,4289588122,2153241,751590,4293777143,4294617143,4291052059,4294350864,4292621125,4292605395,2666967,4292289303,4289844436,4290914589,1755397,4293966641,1259723,4293887647,2789119,4292428409,1388489,4293374841,2052878,1487999,5307359,4292291810,2228860,4292468703,4292170068,4290566607
4294769452,4293768297,2900876,4291982384,4292511009,4294025212,819543,1593549,1927572,1815681,861802,4293738643,4245829,4294955730,282463,4293944543,2819041,3508173,2615621,664030,4293256869,4294429680,2725018,42739,791161,4293513032,4293025234,4292237060,1411932,2957379,2803663,4294478084,129023,7846539,1632133,3379689,743822,1359552,219131,4290308994,2652016,4293771023,4293890664,46438,4292138231,4290854390,4293303973,726063,1428128,1329357,152882,4294494154,2331158,1379182,2000693,2503375,4294467505,4294965395,4292672747,2241317,285908,1109620,4294352066,454785,198142,2541281,4294268997,4289150720,4290491877,1280297,1284707,104367,1930114,4293687137,4557512,4294957782,4291756798,4293445323,2996746,4294041909,4294731289,1427925,2144721,4293430335,4293211919,4418967,4644594,2137549,4294378917,1748692,905641,4294660519,2728439,4292047288,4294389447,4291976040,4292726403,4294016355,63628,4294829103
2044259,2665538,681923,2385218,4293386934,4293796605,4293187018,2471226,905465,475723,2373395,4293422821,4294051287,4292972707,2332420,4294412895,4293547047,1743013,4291419631,308879,2160911,24914,262960,1551910,321625,1070777,4291698745,4294711064,4291985908,4294589517,308953,4290418968,4292646685,4291388939,4292896306,1990784,4292856523,4291904230,643222,2637465,4294668738,4294526178,803939,4293892670,1292188,4290841324,16608,1194978,4292308305,4293577317,4290920352,4293529347,4291118995,362205,2795236,4294737875,192306,4288015556,5222193,4290573660,1236620,2096543,1476530,2083054,4292715572,4293761668,4291848079,4293101334,1918050,1916141,4293545997,4294003778,4294020613,4294895682,1873155,370341,796979,4291649929,4294675834,4293308392,4291963068,4292339467,4294878769,334777,4294105825,4292083918,4294624106,4291068238,291672,4291862994,4294479333,4293841914,4292561824,2109108,4292839752,4090311,4293677370,4294790186,4291411588,1431371
4292735427,2604712,4315951,2261750,632952,4294015198,592469,1182903,4294756458,3624560,4294715873,336224,1182485,188877,4294670072,4290778724,1001767,4293725071,4293687602,182872,3998000,1392945,4294129628,4292323302,4294423593,2233336,4292508782,4294247444,549024,3466256,4293344088,4294583897,4293134525,4294777035,4293961986,4294692736,4294670896,3970054,4293632689,303522,4294056625,3985456,4294158065,4293780896,854871,863637,2412429,297476,1096562,4291305989,4293371894,2789725,963929,336221,17676,1293035,4290785192,4293204060,4294162888,137851,4292824462,4293043007,1470741,63813,4291980750,1540971,1158342,3077447,4293881674,3374123,224154,4294845577,4294803692,4294805723,4294277761,2997555,4292583817,573386,4294516917,4293385304,4026203,4291702096,1773020,4294256254,1379968,4294314128,1891666,4293889633,4292857891,69825,4294281856,1465352,4291069974,4293823310,4294684471,79756,2372359,3214156,1949827,4291153054
4049324,691626,4294923990,217739,1748219,1281442,582570,4294855220,4294761419,1589281,3098525,4294023316,4292193034,1677103,4289877527,4293525584,4294243430,437903,4294471160,254809,61124,4294464426,4291359674,6444368,1213236,2883223,1236434,1519198,4202319,4292961322,4294613165,4294257155,4290571171,4288847842,4294309070,4291915889,697929,4292974344,963895,2329766,3856648,541957,4292122770,2531150,4293965354,1867961,2306955,4294429797,4293254769,2549958,3073066,1224907,4290666827,4292531209,4947432,460619,3792566,4293072803,4294688727,4794543,313177,4291287990,4294065904,568718,4292642929,4291432555,614065,589786,694052,415016,2932356,4293479398,4290732702,4293671842,4290668735,599144,3732335,398915,4292611982,4293203165,4292869844,4291935088,3118607,4659890,4293842781,1015133,4293955007,5836,1725538,4293888641,4292362785,4291232576,4294264043,4929253,4291487129,4291680248,4292981120,652273,4293232638,803336
4293617607,4292103045,4293751577,1196816,4294171959,4294423516,2208300,63221,1235285,4294053730,4294359660,4293982122,3398894,4292769652,4293762388,4294027270,1998498,4291924924,2243771,639040,4292639027,182845,162227,4293921774,4294511167,175701,932867,2580322,1929361,1272228,4293996748,2296069,4292485949,579501,2298552,4294087995,1249869,4294077256,326565,4292445466,2401843,4292951614,4293467289,6087569,1185817,1509334,1906597,4293032107,3744865,4294431758,4921299,608033,4378215,2092504,4293258300,4293428455,4293316119,943275,4292315205,1975831,4294539279,4293298564,4293488014,4292849782,4294623547,3213533,3325601,4292461185,4294618620,4292543301,1580063,2415377,2357155,4294324020,4293868349,4072547,4294094892,4132542,4294044562,4293054963,4561329,1492562,5094951,4294587661,957587,1522717,4293141045,4294828119,4291713029,1604361,597870,4293570723,3141519,714854,76586,4293701348,4294482306,891587,4294549736,4293495063
2767479,1114661,131212,1370008,4294194482,773524,4293745033,689202,4292803828,503390,927440,4294142969,1513668,4291003013,1027467,4293686737,4294591231,906550,4290675793,4294428877,2247305,4292603669,4293090347,125948,4293062787,4293905848,4293387174,4294946368,4294472402,1041857,4292653196,4293668160,950326,4291804764,4293500143,4294894057,4293009379,4292672944,4293495887,1022215,2543988,91629,2527672,4292928407,1537480,4291550094,4294585059,4293800891,4293802474,4292263368,4293405536,2712443,4294897379,4293098647,4292655172,3075696,4292253093,4292169653,4294229074,4294840797,1196264,4294646123,244503,4292659367,4291726730,1098092,1236021,4293236126,3351325,1940911,4293092941,4293585524,4290519244,212168,4293935119,4293246049,2070072,1384336,920583,4291290045,4292812765,4294387517,4293656830,851736,998207,4293442189,4293300347,4290540013,4293837125,4293952715,4293062874,4294138499,4291104196,2928274,906440,4919701,1030607,1719637,2188383,4293752076
4292697715,42973,4293721199,4293166629,4293842679,4291377774,946121,4293731754,4292393550,4292580373,4293839306,4294242436,4293227848,4294958775,2866766,4294611524,4294286092,4292160596,871880,4291568255,3765066,4294440817,4292766805,4289369432,742349,4294107022,3277757,4294708231,4294105489,1356805,4292007453,1353593,4135712,2475762,499338,2769539,1466176,2254742,4291149914,4292718170,4294095040,771264,4294904753,4292648983,2750165,4293528183,4293894405,2135389,4293885547,1342750,1364417,383913,939350,4294833239,4293043656,4292558380,4293762799,3667522,506704,4292993783,73107,1482701,4292493241,4292543207,639524,4293165370,4294442105,1972568,4293764483,4294863848,89918,4294767099,104823,4293096618,360928,4292904619,4290400710,1335470,4293083846,4294557059,4294650730,896698,4291845300,4294191417,2254280,4290799383,1455291,1772181,396881,4318256,4290892717,3872122,4294880916,4293292355,257485,800491,1533688,4294267157,626265,1143542
4294579952,4292496251,2264629,2480117,842856,4293977865,4290475726,1313196,308949,4294676241,114640,1019598,4710064,4291890110,4589085,4294322344,4291493901,3356263,396888,4551500,507369,937014,2595270,4292851700,1252814,902095,4291248244,4293358452,4290905634,113304,4294867812,4294763551,4294132137,1739106,270480,4292858341,4294717600,2728339,4291560329,4292008633,1185325,4290891312,872002,92049,2863809,1595403,466326,4293536488,2185299,271938,4291401077,3282433,3800910,6573745,4291528563,4292140719,4289001197,462420,1100902,4291468621,6108844,4472447,4294108016,2925785,2119074,4624756,4294043892,4294870302,4293335374,2635936,4291568208,4293193159,1044032,4294787691,4292465104,1208323,1113608,2850634,2324852,4294742989,980880,3788091,212348,4290005613,3075645,4293042386,1115044,4294564198,4292442903,3799674,2035248,4293988444,1288094,4293383539,1277820,1018077,1491613,4293874759,308896,841811
4291496573,1593018,3273612,262117,296386,1214019,4294654677,4294205620,1754494,3129678,787140,4293333766,4293325097,3235952,4291999316,4290438125,4293345784,4209974,707273,664469,4294233076,4294109198,2019722,4293322409,4294961361,3550476,1805150,4294488334,4294071565,4294697690,690093,4293308113,187679,2090570,608822,277411,4293211901,1443341,4293436463,64525,4294248925,3495869,4294185654,4294013242,2955657,5986630,4293967864,2092957,579008,4292600798,4291071455,1675826,4294419459,4294827302,4293111461,351431,2735459,1046140,4293824693,3259037,4292367435,47109,916333,4293906804,4292673732,2719773,4294247530,1402669,4294335776,4294900141,915947,329722,2697421,1974255,4293495798,1599237,683504,4293579560,4292599410,1207215,7195399,4294956346,2966798,1359465,4294447996,4961497,1208867,2593264,4291858922,4294781950,4292204275,2426222,2288598,2068625,4294222806,4294673761,4294126630,4292358411,736874,4292318794
4294269688,1522197,45332,4290139870,119048,4293559767,1345200,1923656,4287487305,4292264330,4293830900,4291102649,1725889,1011183,4292394047,1143030,4293561697,1304584,4294213496,4294055277,1731703,1963922,3738915,4291739547,4294952075,4290844677,1987627,609833,1417932,2747431,2402225,4293520901,4294635920,2573534,2524243,4292948108,2281297,4294939814,4292318669,4293964297,3963928,1852163,4293192705,4291914230,3473494,4291375848,1456256,991913,2471514,185990,1413687,4294122913,4294235722,1426735,1363411,4294682711,4289452329,1181890,637140,4293008383,1309540,1186894,4293031898,4293332340,4293272510,3550754,498649,4294966492,1607697,610089,4293090365,4294908754,3116361,329230,4294881341,2776488,4292559695,2543814,6854599,2052416,4294660640,4293825970,4292169065,2162434,2430331,4292124658,4293577908,4171575,4294086260,4292913949,3770398,4294604580,1049274,246037,4292834246,4292036366,187507,4293602163,2931483,4292038429
4294123713,4293846300,4294801644,2564068,614141,3805423,376979,2350651,4294941814,4293709501,4291463935,4291787054,3055122,2022889,4293548134,4293411149,4291868512,3998334,4293118602,4294663314,1035625,1674922,3986352,458692,4291978112,577750,3749422,2306776,852790,4289124612,3081588,98491,4292222871,4292937745,2313778,4292347649,4292815761,1146062,675744,2547739,3343899,4290231358,2636305,650376,4291968651,3516947,4293624141,673797,4291884929,4294875123,4293712344,3061654,4293295640,552528,4291780383,4294052550,2778012,4291738409,5069510,890051,882354,229344,4294847889,4292926750,591487,2002077,636192,1159912,2190275,4292617281,696884,4294935269,4753910,3569141,4290896005,1159493,4293698681,1083199,4294464038,4294517762,1780146,4293852491,1053381,4288318142,477028,1954679,3406680,843532,577508,4292151106,4292176855,4293941389,505752,1803342,4292844030,2770379,4294916982,4293932170,273903,4292458623
2514257,4290428059,4291114757,2905560,62756,1878674,4292336879,4294454986,4157023,4292666256,4291546686,876179,7802642,3544753,249931,200688,551371,4293746672,4292573164,635479,4292625844,2146924,685409,4294856314,4294551100,4293225484,4294212888,4292045889,4292390338,1494642,4294101426,1697537,3941080,526783,201093,2961740,4846028,4293683715,559322,2114805,4291466878,1402795,925650,4293038347,4294073982,2467843,2991229,4291569346,4292990523,3036738,4293529679,4294745025,1183449,4294045524,4291318162,2362835,4290091661,2970403,1664496,4294385039,4293941314,4316563,1535351,4293665018,513766,55122,1090532,1637614,4293582480,4293372173,4293988053,4291941789,2755579,3509529,4294207300,522710,4294215910,972284,93045,4294418228,413940,1142481,4294965945,4294874062,28176,664147,1347087,1939520,828694,1674223,4292502892,4990316,1174291,4293464757,2263125,4294267659,3589735,1181010,4294520242,3031985
4294076696,2405838,1494670,4290670356,4294626512,4290561486,4290936995,4294450576,4291753215,1275224,1718456,4293451442,4294451908,4294360752,5345926,4293039252,485187,659572,1262979,4293631655,4294433036,4293675182,2356692,1415688,897283,1239156,4291072295,4294192845,4294117295,669469,743602,4293506199,4291059663,1238593,1697099,4294092926,4290839353,4291841740,162789,4292790425,407634,386327,4293207685,4291804812,3025225,4292080282,4292817663,966316,109064,4293730352,4294349045,4292656069,1096579,4293885606,1920981,4294881129,347600,4293415670,4290433393,4293802902,587798,4292835664,613190,4293443329,4293206635,4291782155,935547,4293381159,4294449812,3298476,4292393111,2297620,4289801583,4293659841,4395552,1789091,1018149,4290285682,1373315,4290945515,4293830936,1402043,4294746089,4293939696,1250191,4294643311,4293238293,2680489,4293043665,854700,1437861,4293279871,4288540912,4294867265,4294558047,3251044,4291233518,4294410049,4294485640,4294662006
2589094,4294721830,4293900415,4291302109,2313485,4404681,4291738636,4289003522,598677,4292686877,3128658,2564617,1171299,4294211391,4292346700,2388994,4293176170,4293929234,4287950115,5322401,4294400854,4294311081,540284,641121,1788252,4292615142,4292090459,4294517778,4292099167,4081319,721405,4294578822,4294813994,855435,1352515,4293597921,2885782,2791003,785757,4292156084,716196,4292351714,1341921,4292959997,4294391735,548181,5154301,4294917015,75033,1260136,4293839432,4294928858,1897974,4212732,1684475,4293899583,4288290058,4294596257,762353,5427421,4292503103,4294522053,3778311,897049,4294929933,306843,4294129111,342943,4293492255,4532700,35498,4291578822,4291297077,9723,4291802540,511858,4294952699,4294838511,4292704391,4294878255,4546061,2375491,4288857471,949866,3878751,2247401,1420479,3949379,4292874725,4291628437,2783758,2577248,4293643914,4292241037,5961205,4293628890,4292346776,4294411663,4294336669,4290481303
4293136745,855369,1527873,1186544,2332152,2203760,5849315,4294044036,4292388634,4291174404,4294355634,1500997,4293996633,2678374,4293986747,4289345061,1364935,4294681595,470014,4291347948,1646411,334589,4290250899,4294313629,4293159500,986063,1558896,4292029769,2389003,852022,1568624,264561,631707,4291308686,3081271,4294762201,4291983178,1712169,1122356,579016,4293306930,264024,2695260,2524724,4294879735,3191983,4294519824,2235900,4294908015,4293990931,4291585336,4294553259,4293973807,4289445048,620403,4292453729,4294481648,4293733575,4294411727,31164,4292248341,4291149000,2223136,4293284779,4290815892,1645764,2222690,1700463,1229913,558115,4293538219,1635044,600006,2356530,4294826277,4294624178,3954396,4294180338,1436118,2459883,4294844620,4290312611,4293504572,4290101938,4293135376,4292961365,4291901974,115513,4293833476,4291539333,4293010894,4293975856,4288686774,1283384,4292712879,4293954552,4291482230,4290268635,1824762,4291466926
4294593867,1639584,5964771,1839496,4293615493,3540705,4293164197,3261107,2127123,4294732850,4294520810,4875735,4294806094,5628131,4294190058,4294802340,2785443,2214603,1887083,4293373248,4291394862,4294282738,4292988262,4293710201,4267483,4291964786,4294487140,4289506954,1431830,1907988,4294411609,2680812,4294918774,4293180609,3774098,2790374,4293864656,4293442341,4293320262,1238571,1319955,603809,4292094433,4292863720,1785407,4294723624,3179886,508570,2705201,1029334,2482391,379860,4294426841,4294820511,4798449,4292822753,1630797,4294207253,3248735,4291987566,808095,4292777959,4290172107,4292695677,4292915301,4293487977,4293832065,4294557837,4005362,3715449,2393282,4290804293,1782996,4293685876,4294563172,4294900510,4291946570,4293562669,4446246,2544979,4293360305,4289161594,85936,4293153606,4294294653,4294087787,1291823,2971854,4294695336,3606074,535207,4288082400,4293109022,4294587665,4292483976,4293007484,4292521695,4294675111,4292999333,1612489
4293238307,4293000297,4290276705,4293907728,4293326231,4294491982,1044526,4293035166,4294429946,4291401752,3599426,1285270,4294854125,2630884,2457619,2833340,2490057,4293107008,152649,4293143405,4294510898,4290944159,525915,4041350,4292776118,624446,4294373711,4293393040,4294336336,4293729234,4293395258,4291704974,1614655,4294299316,4293857557,4292794034,4084618,4292606259,4294714032,4294368548,4294528987,1709409,947544,3483063,2367242,1563622,4292045717,4294554552,4289921782,1434561,1557040,4293422500,4294197010,261791,99775,980780,4293220621,1850046,4290661630,502848,1162504,1102228,4291319944,1116878,4292248736,4293073805,1826169,4293551176,4293027781,4294362590,4294350230,4445195,4292401023,4290244000,4292924508,4293205622,2927909,1106441,507865,4293805939,4293320155,4293584922,862462,715359,311800,4294188760,4291693230,4292183703,4294649443,1692287,4294239002,628942,4294856017,4293180985,3839785,46945,3697980,4292307225,1970564,790807
4292210841,4292150614,117525,2140716,1648557,3163464,4291451717,4293759572,1085347,5104233,657497,4293617488,567007,5188852,4290304295,4292556992,4291155124,5592333,2554868,4293843781,4291764450,2101357,2943437,755233,576554,1359823,2241859,4292230278,4293100926,4294607766,4294550062,4294154660,788454,4293307454,681779,4292882444,852123,4292761903,1623467,545406,2758176,4294864468,4289839357,4293229799,4529950,3253328,1419596,4288569843,4294333257,4294054199,4290648410,2404533,4291575137,2692145,4291734714,422580,1478432,5065907,1298418,5436782,1296706,4608508,4293347720,4292608186,4292783417,2696732,1366368,4292962001,1099964,2491426,2121016,4290823246,2930999,6560213,4290485560,1251233,2168767,4294164537,1544381,4294760939,2733261,4293825475,1091871,4176183,4294146386,1420186,4292923580,565613,1667285,1331987,4293628150,95892,5062441,4195212,4292368264,4293030265,2894395,510913,4293722274,2238408
4294809508,3768949,1500189,2847069,4292888720,4294120196,4292841959,4294689542,4294253385,1862614,4294428660,4117910,4293384669,4292800459,1118686,260793,4323028,4292965348,4294195964,4293352037,4293491423,4294130602,4291503960,4292118610,1959490,4291878250,4293104386,4293924875,1609730,1771771,4292910849,121470,847227,4292358137,4293070576,2878685,1002848,4294902156,4290731523,1195454,4289659304,5993908,64501,4293073928,2238345,1755366,3662315,233123,3368502,4289650198,2319047,4293842170,3673710,4291860486,1011328,4291876815,4291756417,4293390076,494663,4289899527,3797952,4294827413,4293327777,11518,4294000423,1468626,4293540840,4758116,1312020,1717224,4291392814,4294009637,4294568600,205601,794815,4290212294,4292554236,4478370,2825010,2384631,4294949767,4294302304,4292647567,950720,1928048,4290538657,4293852695,1153306,4292766989,2798669,722579,4294892294,939332,4294171104,2750285,1038349,3120769,1836632,411115,367429
2219445,4291233972,2198480,4291432173,4294522034,4288880760,4290314655,4370803,122988,4291938443,4293652076,4292196364,2053297,4292302723,3521982,2033988,4416549,4292885914,1417582,1381668,2358452,162861,4293453421,545125,4289017,4293493703,4293227150,1968906,2644004,1750374,898642,1257040,4293447666,3312378,4292652827,2952294,4294671837,4293663704,4293391892,4293723907,4294523906,4292522017,1458820,4292681398,4293844619,4287954979,4293794699,1030659,490803,1373836,1369757,88694,1712298,2072503,3779753,705080,1226725,4291153537,656966,4291675285,1896684,2628744,4291489977,2175634,4294826034,4291786339,1807448,4289289111,4292623363,546634,1268819,1881831,3290742,4293283601,5004753,4294792718,4291801662,4293213304,4292063273,4291997854,4293337378,4294805044,2016526,4293688905,4294572343,1527573,3022392,1659704,4292891882,473989,3767032,4292178953,4293690530,1470313,4294119876,213282,4291940691,660851,4293053985,4294299550
4292501298,1164324,4291581394,4294215932,2174025,4292946593,1973190,4294503096,4292921475,4294788957,4293398631,4293312897,2075215,4294323434,4292243153,3317719,925635,4293534595,2126797,4291964385,732649,1601502,396957,4294277830,4292007141,4292046130,982568,2508972,1422870,4293901098,524313,2908747,4294781297,4294632907,1969348,4294030434,2126949,3579392,246926,122512,1753137,4293403599,4292976404,4877782,4293609942,4293853738,272753,4294547490,4293781449,2887910,4773076,4291672107,772252,4293242311,1681471,4294472554,1741713,4768836,3028706,267749,4293271885,4292318803,4291215177,969444,2225331,4293374930,3312409,4368441,1320257,4293703573,272232,2304658,4293840548,4292994036,4290866265,807521,4288322086,850731,782049,4618632,4292835616,4294172083,2234619,1742413,2887246,1914246,4294117454,4293826824,3411175,1901733,4293116048,4294523225,3093105,4290492578,4291464699,4290786285,4292460935,4050800,4293673351,809871
747896,3578663,2270161,3823715,4294164864,5360527,4292151926,4292822959,5001398,4166356,5993390,5677393,4294666829,5403770,4290969642,4293803298,4292721424,3351707,4294013638,3692329,4291910639,507063,4613689,3418435,4293550415,3699052,4294924550,4291009692,4292910411,4293746554,2524074,4290098547,4294569569,1600856,1268483,4294542657,122144,4292511159,203748,4293978081,1073303,3385162,4291928352,4292311449,209239,4686797,1478057,4293421620,4294596517,4293012940,4289281458,275826,4291664032,2021275,4292289888,4293531426,4294348561,4057649,4293703533,1786081,1227238,2586538,3256183,34729,4293094982,793471,4291486461,1040503,4292107134,466333,3037497,4291171286,4289896294,192710,4293783394,4293877487,1337073,72986,4293157467,4293318591,954344,4293192728,4294515083,4294701325,1510281,3453472,3081583,4895459,4293233581,2312859,4291759378,1252183,1986456,316278,1751092,4294384409,3159267,708177,663852,2094876
5792187,4294217111,750800,5338324,164714,1900729,4292289185,1467199,4293091956,4291767318,4291308736,4292861098,4987636,4291269828,4292893638,4294672003,2028348,1039557,1467427,14472,4294353465,1691760,4293921400,4293193520,2959418,4292034180,4293265822,1765079,514778,2685060,863445,5369222,2096641,2444980,1499646,769500,5045568,4294172568,4290512130,4292986709,4293887303,4293941964,1960874,4293281006,4294617027,4289160367,4840285,4293587377,4294885347,4982279,2476069,3638294,4293916959,4294602643,4293005645,2470921,4293366714,4294773810,2902359,4292540681,4294250863,4292905446,172004,565220,1838379,4289862312,1807290,4292689309,4293326208,4291688466,4292911149,4292247657,1853745,4292891972,3307431,2220623,4292334773,4292514641,1065104,4293354048,4293418901,4294061011,4292516474,4293582498,750154,4293989259,264356,823918,920975,1287412,1604912,1349353,4292574512,4292308575,394097,4294293809,1531545,2301874,4290762657,1424027
2913469,4291544056,4293552405,4292998354,4293793094,1424982,4293329451,3431715,4293423966,4294643680,4294560836,4293122969,4294722205,2051601,4293494863,4294629879,4293717084,1328536,4294200912,4294826576,148588,607290,2008458,3664340,1797241,4293324578,4293736681,4293612718,333778,4293430213,2152744,4293711850,3895255,4294935379,1492966,4294067081,4292966207,4294090235,2672193,1452677,1799073,4294128780,2110070,3431498,401464,4291074391,4290944443,155730,259736,1458222,4289868695,234887,974016,4293129268,1378152,2252806,2498487,4294917125,4293596686,3041,1808429,175406,4294051553,3363978,3220788,457856,775404,4291232446,1147705,4294396991,4293965338,229311,4289037454,4294830434,1544554,2738568,2204845,4291875524,3827144,4292860961,4293039632,175927,519513,617255,4293223918,1594432,283342,4291927565,1214494,49402,4292942284,4294004304,4290474690,1580051,4293347505,2771597,4294607847,4294684182,4294589886,4294398742
770866,1509606,1091509,4293230749,2880071,4290528157,862018,2381005,1215285,797752,4294765048,4289912921,4334160,4294334182,4290400123,4289910654,1430182,2702050,2355775,4291486117,4294212483,1896947,4292883603,4292689375,758323,4294084092,4292780591,590014,1640390,1690688,2516119,353370,4290462785,4293702341,914816,341415,4293899795,4294424941,3156132,1206711,2202586,1589329,4292680473,572357,4294497304,4294271404,875359,4291834101,444039,4292664227,4294901174,1229387,4294831049,4293863104,450582,3130511,4294780876,4293927831,622805,2443273,4294601262,4293414839,2912793,4292422854,4291315830,4294577537,5282597,168234,674041,2563949,628790,4294356004,1783845,6044497,4293976310,1426811,737534,4294626863,4293615969,4293421625,4294907474,1079403,4314579,863048,4292621018,1136390,4291086948,4293374780,4293609655,4293669890,4292616058,607027,2177379,4395739,4292208454,4292999635,4289403931,638000,4294963454,4294097874
4294891434,4292938936,4294461269,4292256272,3982854,535301,4292850559,467111,4293661992,4294827732,59599,931479,1068047,268802,4293537177,4341824,1401951,4293513724,4293393478,2433007,122177,4292512539,4291746934,4292899123,4294955756,4294651408,4293087107,1238570,129356,4290607931,4292751178,4293656518,4292602954,4294871198,640699,4293068150,2432941,4292081105,919429,4293785104,4294279905,2805551,202468,4294051190,4291977574,451360,1522448,4293531487,1937790,4292061678,6913991,4294027297,6518725,393244,4988627,4294903196,4292451040,390693,4292508358,4293939031,2793195,4293912112,4292888218,4293671892,4292576702,4290766615,1756212,5020860,673471,1715539,3606802,2466244,4292758805,5054549,4294252564,4293977147,4292490385,2688875,4290059104,3290550,4294615985,3139166,4293618496,2820516,2493612,4294959319,4293668443,2623898,4291351348,2324778,4293345209,4294859334,211031,3916270,1982971,4292582215,4292755015,1577597,1032183,228923
1966396,2343565,1279515,4294647241,4291876307,4291792428,3161654,5857910,4293759135,4290132929,4293160237,4294435608,4291548010,4293361494,4293613332,4294772386,3678913,955311,624444,4291447340,4291245194,4291694079,2292610,4291663930,4294220747,4293022473,3826298,2993338,4294797122,1047155,2894996,626503,4294932219,3085800,43789,1290498,1763864,4292201975,4290567345,4294357345,4292677495,3360362,4294094781,4292158607,2065312,4293245105,4291500576,1087409,886016,4292616942,3090693,4293278476,4291024046,4294604238,4294312413,2561676,1556979,1119096,1806609,4293740840,4293833329,2535483,4293090038,4294360162,262693,4293545762,111023,4292470633,3578150,4291616681,1834899,1745081,3434562,773825,1837437,4292135132,4292818409,4294584357,1242506,2496295,4293111232,964613,719644,2330809,4291263379,4294121492,4293009558,4293080444,2442522,1558256,1942706,4293627432,3877058,4293065031,1763210,4294367668,3891089,1408391,4338656,1849517
1088417,1354772,4292936593,1634821,1788966,4292368162,4294226365,4294138707,4294168213,4293160379,875806,4292623449,1632601,3946242,4290166589,4289871643,4292208111,4294905128,4294729994,4292971868,1813436,1635260,4291852060,4293013054,4293281533,4292723923,2988544,278780,918211,4293822853,4293415350,737976,3505915,4290001009,174667,2445036,4292577737,4487958,4294500591,3234506,1818564,4294389632,1240220,3271662,3031957,4293051100,4292554804,1687694,346450,4154783,78055,1874579,198314,4291262464,4292904948,4294508247,1148985,4294280240,2537763,4290941840,1042578,4290546088,268993,4292141019,4294454550,2509850,2519517,2035504,3794472,4292434471,4293725253,4293778580,4293486929,4291424569,4292914923,453535,4294265348,2931061,4294343427,4293928868,4294296151,4287361689,2059118,4293497146,4294722878,956940,1000507,1161777,1307512,4293221968,4292156995,4291181178,461397,1631933,4292752274,4291424713,4292261364,4293653635,4292154411,328363
