-7,96,73,11,-80,-10,-26,-5,-92,10,-26,-70,5,-13,-26,10,39,-95,-17,-151,-49,-60,-88,80,24,-41,81,-5,-7,19,107,8,-88,-54,-85,85,69,37,-75,54,67,69,-27,23,66,-87,-19,-17,-32,-46,-62,93,-10,-40,-6,-20,-4,51,49,43,-40,-62,112,-15,-9,-42,-20,2,-56,-65,144,-5,-117,15,12,14,23,93,63,40,104,18,-50,-1,46,-49,78,106,-92,-57,78,-55,-86,58,7,82,-9,-64,-12,-4
14,22,-17,172,83,-232,-69,97,-23,90,-34,58,36,-87,-23,-71,-46,-91,114,-20,-22,-60,94,-70,-26,43,-49,-2,-53,117,87,45,41,23,-35,-99,-47,-139,80,-44,65,114,186,24,90,-17,-71,33,-7,-69,-19,-56,138,30,40,-74,10,-10,-7,-45,4,32,-43,-56,47,108,70,68,-46,-77,-46,27,-165,-53,-2,-63,-69,-43,2,-44,-76,-57,18,-117,-15,-133,72,-18,40,66,-41,30,-14,-41,-32,80,8,117,12,75
13,-3,45,-116,54,-22,-59,33,20,65,-39,75,29,-32,-2,95,-9,-23,-69,-82,66,50,28,-75,-34,-199,117,115,33,-137,-7,63,102,-16,-17,43,11,-22,5,-102,53,-29,184,52,-3,-136,-72,13,24,103,-31,27,-103,-19,59,154,30,70,-5,16,-4,42,47,109,36,41,-32,32,16,28,2,50,-13,45,-43,79,40,43,-72,-122,55,-101,-130,-27,74,-126,24,12,-57,37,33,33,-1,106,-24,-69,-86,121,-95,5
37,-136,-93,200,41,8,-43,-10,31,-33,118,-42,-3,14,-47,-153,-11,5,14,36,20,-22,99,-55,-26,89,21,-56,11,128,42,32,-47,62,34,-128,-82,44,130,24,10,-40,-41,-10,-48,46,22,11,-19,50,-55,-100,26,-30,-71,-50,2,-54,-9,-46,146,-4,-25,92,-21,-21,58,116,-126,-9,-89,-15,-34,-8,10,-55,-68,-69,91,102,17,145,105,-20,-34,87,59,-94,-5,70,-155,47,6,-99,-47,34,39,-19,97,1
90,82,1,-5,71,-57,32,-6,-17,41,13,0,94,18,-20,120,83,-18,60,88,-34,16,-27,6,81,-53,43,91,-174,-68,-6,-37,-11,15,-78,-58,-48,-81,27,-200,-45,-106,197,16,123,-16,-90,77,109,-33,0,-170,-34,40,158,-47,-30,-20,9,-16,-39,193,24,74,80,96,-16,37,3,-141,5,-50,33,-76,-56,84,74,79,37,37,-77,-96,81,-74,57,25,33,-80,-157,65,-73,12,-39,16,-4,-83,16,122,-172,-43
-54,-61,11,-31,3,-34,-78,62,-19,-106,-22,68,-26,76,-40,71,-99,-22,-54,-93,24,77,-34,0,-73,-101,103,49,92,18,70,105,-29,42,51,-56,-23,48,114,57,47,-117,-30,71,-2,-41,39,-34,30,117,46,4,-37,-86,-100,1,-19,46,-109,-20,-29,-19,104,118,29,-93,-68,49,-32,10,64,-100,89,44,-49,91,51,50,-23,67,60,2,56,-61,131,43,-28,28,-50,-30,52,-100,87,-115,-75,-71,35,-20,68,-120
-92,-20,-50,-6,65,-18,-58,-50,70,70,-46,32,0,111,169,83,-7,85,-246,32,194,17,-121,-37,29,62,-64,-123,-65,82,-67,13,88,-117,47,-25,-98,18,12,134,-13,38,-72,10,84,-75,32,36,-57,128,73,26,-50,-10,-42,31,-67,-126,28,17,18,-78,155,-58,22,31,89,114,13,-1,-74,94,-59,-93,97,18,65,-29,-189,40,21,30,48,44,7,32,80,60,74,-11,18,98,133,86,-15,24,-8,-81,-19,-57
-77,10,-100,6,43,63,-67,6,9,56,-56,-60,11,54,-66,-138,53,-31,-88,-52,-18,52,-122,75,-83,-85,23,-75,-129,-97,27,-13,-97,-56,39,0,-19,38,31,-114,22,-149,-58,90,80,11,-57,-10,-55,-51,-66,-38,-124,48,-117,-48,130,5,49,-7,72,3,-89,67,-31,34,24,-64,-61,133,9,-68,122,19,-20,23,-3,6,-49,11,-72,101,-29,43,30,60,-103,104,-82,6,-76,-114,139,-96,21,70,-63,-51,-20,-4
22,-73,-21,-100,2,89,34,92,46,-181,-146,47,116,202,49,5,-80,62,67,72,-20,42,65,-94,44,20,68,-23,37,-84,-88,-72,20,58,50,12,20,76,39,98,-33,72,42,39,-139,-49,6,32,-18,105,96,-38,128,8,-104,23,29,-60,-95,22,129,-126,-68,-53,-95,-34,-54,-8,46,173,199,73,-8,65,83,67,-107,-1,72,71,104,-90,60,41,-27,-48,64,-127,240,54,32,-38,34,-2,81,-14,-24,-14,-17,-3
46,6,-185,17,-32,90,-12,-5,-48,-74,-50,-187,6,61,-79,-91,81,77,66,-17,-85,-5,30,-138,-10,109,82,-12,14,-3,9,-60,105,25,-93,63,104,93,43,42,-115,45,65,70,-87,21,-172,53,103,10,30,-54,123,-1,-56,-109,-54,-113,-6,104,92,40,-13,-48,-2,65,-63,9,45,21,118,-14,-135,-100,-34,-1,-74,59,81,-125,74,-16,60,-116,-56,22,4,-171,96,66,-77,-20,112,-73,46,-12,14,109,-46,29
-3,-209,-27,14,-39,78,6,17,96,-54,113,82,52,-74,40,-63,-17,35,-20,62,137,113,56,-11,-5,-16,-66,39,2,-10,53,28,53,-18,92,-40,-109,114,16,-107,39,14,32,-48,-86,-82,17,-13,33,-29,-9,-107,-67,8,-27,-3,87,26,-32,-45,-32,-87,-80,57,-2,-7,85,34,-35,105,-109,-88,90,36,-48,3,8,-174,22,33,-43,114,-8,40,-7,33,-89,-36,-1,29,-44,37,39,-65,-8,-28,-9,-26,86,140
94,66,8,58,37,1,-3,-70,-83,70,54,-4,13,-2,-68,6,-15,-40,-53,-70,-4,-16,-40,19,23,-12,31,-3,50,-11,-25,171,64,58,-16,58,80,-46,9,29,-5,-38,37,-31,-183,-57,-21,30,-18,18,64,12,113,21,15,-7,-23,-32,-67,-51,-7,-66,53,48,-30,-2,-45,-97,-12,59,13,24,-22,88,71,3,119,127,83,-139,49,41,-18,-79,-1,-34,-22,35,-82,-42,-92,8,-40,23,61,103,113,-26,-15,-26
-8,-17,-29,112,96,-13,-24,11,-69,-9,-65,-8,192,-60,-43,53,47,-68,-9,-36,-5,57,21,34,16,4,15,30,-121,111,57,171,-53,-115,-101,-62,-47,-21,-61,70,-27,-85,-10,131,35,51,-43,-4,78,87,5,14,6,-1,-76,-30,-17,75,22,43,20,85,80,130,29,-30,-42,111,21,-29,-64,15,13,-88,95,28,76,53,4,17,-33,8,52,19,-74,33,53,-43,-49,34,130,135,62,-20,-2,-17,-9,76,34,29
38,-12,-11,164,51,50,-48,47,-71,-74,10,15,87,-7,16,-132,-10,-29,47,59,140,75,63,-176,-17,-46,-34,-12,102,-35,155,-33,-2,89,-14,13,25,-2,-33,-182,-3,-223,35,-63,9,-10,-13,105,9,23,-92,-26,26,-40,-47,102,93,-32,27,-128,-57,-134,-52,57,-24,10,-138,52,4,89,7,34,11,-13,-33,91,-41,-103,-39,-16,-36,-210,-36,36,112,-89,14,64,-57,-87,-102,-114,-33,42,90,-126,-52,135,-22,-23
-16,42,-34,-84,27,86,-2,9,106,-18,-15,27,18,63,143,53,62,49,-12,-28,119,7,-45,-44,65,-25,37,99,-32,-43,16,99,5,-25,50,-37,-10,112,-17,3,11,47,-80,-36,70,-96,97,-33,-43,66,-102,-79,-110,31,-108,4,188,3,51,26,0,10,63,176,34,-40,79,85,21,60,36,11,135,-65,45,103,67,-71,-17,132,121,-31,54,74,9,-32,27,42,22,9,57,112,105,-27,5,-88,-81,-72,25,38
-29,-16,78,-67,39,-60,-54,22,61,56,-38,66,-55,28,84,42,-10,94,-116,-73,158,84,-119,68,-52,-1,-85,45,10,74,52,-13,32,69,99,2,11,4,-36,-48,3,-33,-30,-21,19,-126,-44,-23,-22,61,99,28,-51,-58,88,-20,-23,-2,49,-75,-104,82,57,-14,22,8,130,115,-35,12,-81,-57,-13,-20,-3,9,-1,-34,-151,24,58,-10,-27,5,181,18,-27,-3,-65,-55,23,18,-28,-1,-36,-91,-50,61,-81,74
-3,80,5,-9,-30,-44,40,-85,34,48,122,-5,-124,-129,12,-38,67,-36,60,-54,11,-118,15,-31,46,-10,-20,-83,121,-75,-37,-19,26,6,90,43,-22,-41,71,-41,25,37,55,-32,-34,30,73,0,107,-83,-94,-79,-2,-79,217,-16,-103,-19,15,123,-26,-39,-74,-29,-76,30,16,-46,-140,-68,-57,21,-154,45,-188,-40,-20,-47,46,-36,-62,126,-83,-50,-40,11,-14,40,43,87,27,25,-17,-32,-87,-78,-19,58,45,113
115,-138,110,-55,80,-71,27,67,-176,-30,-110,-5,13,102,-20,-6,-4,-15,-6,81,-77,-43,-2,5,77,-82,22,51,-57,-74,33,-146,24,24,35,145,129,-140,-53,65,-41,76,-34,-10,-152,44,-117,109,83,214,24,46,39,-64,-35,-41,-40,10,-24,10,203,-4,-7,-100,-5,-24,-36,87,-44,-22,57,3,60,-39,41,-31,46,34,-41,94,77,-68,30,51,16,-7,-23,-68,-73,5,-74,56,-90,104,31,49,5,46,-113,10
4,22,-5,-99,-70,107,-40,41,4,-36,-4,76,-133,44,57,63,-56,-3,56,97,23,0,8,-18,40,-65,22,-52,-4,-199,-9,-117,27,-17,152,-78,-148,-88,13,-7,61,-15,59,-10,26,-39,-8,-55,15,-76,-84,-6,-10,49,4,-7,-13,28,-13,-16,7,32,-24,-62,-72,74,-63,-175,19,61,-2,-93,49,142,-28,-68,-38,73,-4,33,-138,-40,-43,28,87,65,-143,83,15,-89,-20,-146,-68,141,139,-37,-15,-10,-74,65
53,-185,-82,-7,-96,179,-102,-17,39,-89,68,-73,41,-19,-73,-43,60,-58,-76,22,73,86,-26,-6,44,46,58,106,-22,-54,-16,-9,0,-98,77,135,-192,140,142,30,24,28,33,34,-16,23,-87,33,-45,2,-16,-72,2,47,-28,28,38,-123,-59,77,22,-97,33,63,-92,80,86,174,-23,-2,-76,-152,44,-124,-57,-2,75,51,77,-52,34,158,65,-6,-3,43,-28,-26,-60,79,76,4,11,58,-31,-7,19,-89,76,173
-134,-11,-15,38,146,99,66,-25,43,81,17,47,68,-65,-5,-28,3,-49,-22,34,54,74,34,-17,-12,-16,78,-34,-88,20,-12,71,6,-9,-39,-58,35,103,-7,-173,-116,-113,42,-75,36,-34,-15,20,86,42,56,-21,-98,44,34,76,116,-16,-17,16,-157,-86,85,87,-17,10,-32,23,39,63,-77,105,10,56,-37,59,-24,68,-38,-101,8,-81,-84,-80,-81,-12,-32,-8,74,-74,18,33,40,21,-21,4,-28,11,-56,27
76,-30,-1,-24,-88,107,-7,-38,37,-8,77,31,11,-37,-81,18,-44,-8,6,114,45,55,6,-46,12,7,130,44,-6,-163,14,21,101,-27,64,-37,5,-67,49,-66,5,-57,68,-19,3,-45,8,35,-33,-97,-79,-25,-76,138,-40,98,-35,17,-48,-44,1,-23,25,81,-21,-35,-14,-44,33,17,-19,-38,116,57,-59,-97,77,48,83,54,11,96,7,84,-8,46,-142,36,-21,-37,-138,2,-38,102,127,-4,38,-61,-83,-82
-21,154,28,-21,-173,85,45,-214,-2,-5,170,-61,-18,4,36,-78,108,-14,-89,-21,-14,-26,-146,33,56,-50,-61,-52,43,-13,-22,-18,-30,185,11,41,95,108,-27,-30,43,-40,-50,-13,-40,42,48,-38,44,-108,9,62,24,-38,105,-16,-88,-30,134,57,-136,59,-21,-31,-63,-51,-86,-139,36,89,32,-14,-90,172,-71,-63,-124,7,75,-5,-37,27,-128,16,98,65,71,4,-104,-37,17,-36,-49,-17,125,72,66,-5,-44,22
-146,-47,-1,42,-124,-66,82,41,21,99,-163,146,-109,70,30,-52,-29,1,8,-73,83,-157,-60,-56,66,-163,-34,-51,-163,-36,11,-25,-21,13,53,-32,-63,9,48,6,97,223,44,-20,215,-58,66,131,13,13,-118,-82,4,-127,121,75,59,54,-16,143,4,-104,43,15,19,19,65,9,-124,102,83,48,-31,62,23,18,-107,-56,20,72,-36,-24,-103,-100,86,20,72,124,147,85,78,-50,46,56,15,45,-75,-73,-29,19
41,-6,39,-69,102,-82,-84,116,17,-12,60,86,81,-79,-40,-94,58,-25,35,-37,45,-41,-10,7,-31,-12,-148,68,28,66,169,-14,-14,122,-15,-11,9,6,14,-119,110,-114,21,56,-52,8,-74,-1,31,33,-7,59,-24,-30,92,-104,38,121,-60,-129,83,166,-39,2,30,45,6,91,23,-69,-57,-151,-90,-49,-43,-46,13,-46,10,173,-33,-39,-28,-64,116,-146,-34,-34,55,-10,-111,119,35,-111,16,-93,36,89,-46,35
105,62,-107,170,-38,-58,22,-33,60,64,49,-68,112,40,-28,16,32,-41,132,-3,-82,-20,-31,-105,104,263,-97,-148,-52,-50,-16,-94,-47,-129,80,8,70,-100,147,-162,1,17,209,51,112,55,-17,45,92,-140,-18,-152,23,-9,152,-168,-18,-87,111,-3,-18,60,-98,-58,-77,-66,-55,-53,-36,-49,79,-47,-77,-5,-33,72,-38,85,47,-105,-25,60,99,-27,-19,-55,-13,-89,-101,83,-11,-187,9,-106,-22,34,-115,106,24,28
-43,11,-4,73,6,-99,41,3,-116,35,-4,44,-5,22,-72,-24,-150,-40,24,-126,-25,-105,14,-2,-15,-41,97,32,18,-152,-21,-23,-41,37,-13,24,-106,-20,73,72,8,8,4,2,-69,27,30,-64,11,51,48,-2,78,-84,50,-51,-30,99,-56,-20,113,-115,-111,40,-43,48,-49,32,-87,-81,75,-65,81,-44,-60,27,101,67,-82,-10,-30,-83,-21,-80,93,-48,44,120,104,50,15,-115,45,-6,42,-26,-67,-4,101,73
-67,-109,79,-86,55,68,21,-21,17,41,142,82,-58,32,-23,-7,-20,150,-47,31,13,-53,55,-17,42,-13,-82,-41,109,-80,44,-34,126,23,28,55,32,93,109,6,15,-16,-108,19,-163,86,71,-11,92,23,128,148,11,-56,17,-63,-41,9,-9,35,-43,27,77,-45,-67,15,-10,-85,80,101,-65,-72,31,79,-69,41,34,76,-53,-47,-14,22,-105,-69,-17,-47,-55,11,-11,-35,31,0,38,21,-5,28,33,-16,-13,-30
-105,22,-71,20,72,52,13,-13,20,67,-79,113,36,-11,-89,93,41,-11,-44,-36,-19,-60,34,-62,116,90,38,26,-112,-124,-15,-27,44,-57,-66,-94,-45,54,7,-66,-11,62,-15,-15,164,-18,-36,34,-123,-31,-29,-70,-76,96,-65,-1,30,-15,-129,-14,-15,-3,195,-97,-6,-59,10,-17,-2,-66,63,22,-2,-53,91,25,45,222,-22,-68,31,-71,65,-145,28,48,-23,16,29,60,33,-23,158,4,-23,80,-4,-61,-47,-140
147,93,66,-8,69,88,-95,11,69,-63,27,-44,-66,31,-26,36,128,88,39,49,119,-20,0,26,-11,59,-93,-59,59,63,-38,137,56,56,1,-10,13,36,-80,75,-6,-100,-53,21,-88,70,57,38,-74,-4,33,-23,89,32,-71,30,-110,-26,-46,-10,17,84,40,48,41,27,17,-48,0,-17,-133,99,1,-111,63,80,20,105,84,-4,-5,30,68,-64,-47,90,-7,15,-67,-71,-5,92,58,48,33,-37,19,9,-2,-33
67,-34,61,54,23,60,-7,110,-7,-158,21,14,-90,18,48,-3,42,27,119,57,70,-74,-15,26,-20,52,-123,-70,-81,58,70,-95,-62,80,-44,58,-74,99,-81,-40,-2,6,-55,-100,-60,89,46,69,-1,-12,57,-61,99,-47,-29,-76,-46,-22,-96,-8,-140,-67,-136,-176,69,78,39,61,11,-32,-43,-103,17,-88,8,31,14,-43,25,79,-77,-115,120,-23,5,-81,47,88,17,-210,34,-123,7,-47,30,-45,16,-67,85,120
1,60,59,-4,-10,-61,51,-35,-18,36,-38,-18,-218,-150,43,-24,-19,-39,-43,-108,-47,15,-53,-22,-90,-85,-7,10,-40,-30,-34,-26,34,15,-130,55,-67,74,29,7,10,80,20,-121,-31,-36,-90,-62,-27,-57,14,-34,-6,28,10,46,-73,-26,-26,36,-46,-50,-72,-84,105,118,139,67,30,20,-53,12,5,-25,-7,-69,29,-72,-24,-17,-99,-114,-102,-39,70,-191,38,70,131,30,30,-9,102,-106,-43,-39,27,-74,160,10
3,-83,105,-66,108,-2,68,2,22,-5,109,143,-91,-53,-37,88,-81,107,0,39,67,40,166,84,-129,-9,30,41,25,44,-46,128,127,35,-44,-90,5,-53,-58,-24,-9,-75,-102,-19,-57,-14,-75,-2,32,3,235,1,-2,80,-78,-41,-112,23,-77,-62,-98,69,79,-25,53,52,100,20,95,-39,-167,-48,57,-53,-14,-49,137,61,-102,-33,-43,-10,-58,-18,-80,38,-171,53,51,-118,0,99,52,112,-56,-61,83,102,-43,-20
-10,3,93,15,-64,-88,100,-18,-35,117,-132,12,-55,29,-110,-22,-61,25,-2,69,-66,-41,3,68,-28,-9,-126,-90,-55,35,58,-75,-57,20,-23,-22,40,-165,48,-13,105,40,-68,109,54,44,-32,60,-34,-39,-83,100,102,-153,77,-70,-100,158,36,32,-29,-35,137,-138,-3,-85,-40,-11,-42,-46,22,-44,-69,10,11,-58,-50,69,12,52,-182,0,-170,-39,35,125,-44,100,-34,35,183,-23,-16,66,19,68,84,18,-64,14
68,71,46,84,-77,95,-80,-33,98,-15,164,-36,77,43,88,198,36,25,130,96,5,-24,72,-23,97,222,-21,-45,69,35,-12,66,28,-25,-85,-162,-45,19,21,16,25,85,114,54,29,57,121,-8,-125,-230,49,-51,95,23,-85,-18,-108,-37,3,-82,-123,48,131,-62,38,49,74,-54,86,-91,-14,-16,-53,58,27,7,18,140,137,-138,1,33,214,-96,-82,-11,46,-88,-96,-47,129,-47,12,42,38,97,8,-15,56,-59
-21,-30,39,-50,-8,-28,-23,57,21,42,-7,-13,-25,114,150,40,-115,26,-30,94,95,65,-54,18,8,77,-180,57,34,86,-7,-37,-4,49,94,31,-94,6,40,145,69,44,5,-24,12,6,73,-32,-44,17,86,36,129,-21,54,35,80,-6,-17,-59,47,-56,38,-37,-21,68,24,68,-38,-47,37,-24,-17,13,83,170,-126,33,-20,100,-22,-33,28,-90,33,65,-28,1,49,-17,136,-46,6,55,-92,22,-29,3,78,6
9,77,-74,-1,35,-2,64,-94,-24,8,13,-115,-63,23,44,16,48,1,18,42,-42,-75,65,48,21,82,75,-121,129,126,40,-64,-36,23,-67,-57,126,-26,-55,91,-130,9,-179,-103,11,40,-1,7,29,49,-27,56,-83,-97,-89,-102,-28,-34,44,-53,-4,-4,134,-53,37,-18,-38,-68,-15,-57,5,107,-56,-69,-63,-89,32,-30,-16,27,39,-6,11,29,-113,35,21,-26,-42,-62,-34,66,58,-33,-28,-71,33,-26,26,-89
-66,-68,-14,-115,-19,144,49,65,21,-62,18,20,-135,54,-19,64,-12,52,-15,40,44,-98,-38,10,64,-65,61,-107,27,-174,-98,-98,45,-155,1,28,7,85,-28,-55,-76,-48,-78,18,70,67,44,4,13,34,80,104,-24,42,-17,43,-28,-30,-55,92,-95,-91,96,-145,50,20,5,-48,105,20,114,-130,64,65,-24,-38,130,80,-58,-107,-31,-83,-114,33,-3,-8,-59,157,89,-206,11,-120,-82,139,70,-5,41,-25,-147,-104
-6,-79,-4,-164,-31,174,27,55,91,-44,90,-41,-48,84,-52,-64,36,208,99,96,-22,-69,74,-75,-25,-75,27,9,34,-118,-53,-85,-4,66,-21,-30,11,105,101,-119,21,51,-80,26,-21,48,23,14,-30,-82,-74,-48,77,-54,2,63,-30,30,-30,105,-15,-25,20,-2,-26,21,20,38,84,-73,-9,-153,38,-39,-46,-35,-67,28,61,-24,-26,63,-6,-45,-8,99,52,27,-64,78,55,65,-63,101,85,6,166,-18,-128,32
-50,72,-39,-189,-32,46,-1,64,83,-86,26,32,-59,-58,-11,54,94,37,20,63,-37,-64,1,42,-31,-83,81,24,-70,-13,-75,13,81,-33,-30,110,17,86,-162,-77,-161,-40,110,-65,73,-52,-5,22,100,59,67,-19,-112,44,114,84,102,16,-50,140,-98,10,36,91,98,24,-12,22,60,-131,-53,-76,-67,-164,-49,28,22,-17,10,-42,-6,-38,-69,-4,-211,86,-111,-24,105,-23,-18,85,-81,54,30,-48,33,-42,-118,21
65,61,-36,-20,48,63,89,-68,5,20,59,-18,67,-104,-28,66,-8,-27,31,45,-183,26,89,-13,-42,-48,190,61,-112,-142,-26,-52,20,-28,-189,-69,71,23,20,-124,-134,-4,-3,-15,61,54,-39,-80,110,-34,-29,-31,-57,140,-34,15,-117,85,64,12,-39,126,-78,14,83,-10,14,36,92,-7,46,-40,103,53,-13,-148,77,53,76,-16,12,-101,-52,98,-10,50,63,-76,-62,-31,-18,116,-37,4,82,-28,-35,44,-95,-34
70,-69,72,-26,7,53,-128,79,-29,-36,-83,-25,29,-22,-30,42,77,-84,95,195,42,31,47,13,133,-42,60,-16,64,42,-49,100,67,-133,4,-100,19,-38,-54,-55,-79,-70,131,128,-33,-20,-44,47,38,90,32,59,-13,56,-68,14,1,-25,-55,-67,85,-44,70,18,96,30,46,-92,15,27,-13,121,38,2,-68,-28,36,-53,116,-204,-5,-66,38,-29,-94,44,-26,-100,70,-65,-19,66,-32,40,25,93,53,78,-48,17
-75,-75,-9,-62,-60,70,-77,9,5,-55,-72,12,-99,-100,12,46,79,-121,-27,35,32,67,-86,35,65,-52,20,49,5,53,0,85,75,-90,3,13,-18,98,-33,61,-62,-85,28,6,65,-39,-52,-48,15,17,111,160,-149,128,-48,3,15,23,-82,-50,-119,26,45,20,106,53,151,-22,1,99,39,-19,3,51,-82,-52,18,5,22,-129,23,-71,-43,37,-16,-46,-112,16,85,-103,91,-60,80,-166,-49,52,24,62,104,10
-8,-184,39,47,-132,4,119,108,46,-24,-60,100,-40,-13,-8,93,-175,127,124,-2,73,40,149,-115,-44,-101,15,91,-66,82,86,-52,81,-44,-121,-94,-75,96,9,5,113,145,114,-50,122,-123,-34,27,106,-25,-19,-59,-33,-24,28,85,-11,53,-33,39,-28,11,18,-8,30,-39,-16,45,55,40,44,13,-9,6,93,63,-163,-174,98,146,-35,-92,-43,3,39,3,110,-18,70,12,100,-50,-25,53,-20,-80,-34,30,76,-86
54,8,-149,109,20,18,-8,-9,35,-28,6,75,166,-109,-74,-33,40,-97,40,-37,92,-2,12,-82,117,63,12,-16,78,-21,16,89,42,-69,71,-96,-124,72,91,-24,10,-5,93,-20,152,-9,99,-29,-2,-72,-107,-27,87,107,27,37,34,-67,-18,12,-53,-63,-12,37,48,-25,-98,-51,-38,17,119,46,28,-42,-25,51,-25,53,75,-37,-9,3,-35,-48,30,25,96,50,35,56,-19,-5,27,20,-54,-17,-65,49,35,-48
-17,168,-66,57,121,65,-12,25,-83,136,-71,-145,-179,47,24,-114,18,15,45,20,-98,-6,52,25,17,18,158,-5,-63,-67,-18,27,6,21,-68,-70,90,-52,19,-21,-85,-67,-135,-3,-24,1,-88,-48,115,-14,-22,-13,11,130,-45,-73,-13,-3,46,-50,106,93,-70,0,-79,69,61,-77,-22,32,42,80,-12,101,23,-99,0,78,19,-68,-25,-84,36,-36,43,78,15,59,55,-65,-79,32,-82,-9,76,81,36,65,-161,29
6,-33,-11,-33,-43,-68,-120,54,-3,-8,52,-6,61,-8,25,70,-83,-140,61,-51,-55,35,-75,-19,13,72,12,1,141,63,19,20,14,-60,126,-56,27,-65,52,11,47,6,192,93,-102,-81,-29,-102,75,26,-39,101,-53,-67,55,-116,13,66,-20,-95,74,-58,110,-52,-23,-88,-65,40,-6,-125,4,-110,-73,91,-68,-137,-16,-23,48,-54,25,101,32,-31,-13,65,-123,-103,63,-18,40,0,-38,-52,9,90,-14,-7,41,52
18,4,10,23,78,8,46,55,-65,5,-32,121,52,50,47,-55,-17,-109,85,46,-143,-97,83,-8,59,-53,57,-23,-134,-62,-18,-7,-68,108,-43,36,42,-69,20,-102,47,12,-71,-22,-21,56,-13,150,117,129,-50,-40,17,-70,47,47,25,76,-110,-69,53,-141,0,-30,-62,-45,-11,112,9,-29,23,-73,14,-3,-14,-34,49,87,99,-13,-76,-93,-5,-68,-72,-1,68,55,68,45,31,71,9,99,47,89,-39,-49,2,7
-55,-24,-173,102,3,-24,58,-85,-21,34,-88,-97,-33,-26,-147,-97,55,13,77,-193,-102,-12,-50,-97,128,19,9,139,34,-50,-128,95,136,115,56,-65,1,56,67,170,21,95,41,-8,-163,21,-10,-72,9,-39,1,16,112,97,8,-70,-58,-67,-32,28,-8,100,-33,-83,-36,-17,2,-128,-77,26,158,120,10,74,3,-31,-174,134,35,-162,78,73,12,-98,8,37,88,-48,-24,93,-2,-21,60,-128,0,172,10,79,11,-4
-69,101,84,90,142,7,9,18,-16,17,26,76,-13,10,-1,70,-20,-33,82,-56,-33,-29,51,-116,90,169,26,104,-50,-101,6,43,82,87,-51,-68,56,25,-42,-63,-19,-30,79,-35,-112,4,-15,-34,-36,18,108,34,-10,106,-61,-89,76,4,-38,-82,-69,77,129,-69,-24,-27,-16,39,111,-54,9,61,-2,58,75,34,30,213,-80,-45,84,-246,64,-116,6,-212,-66,-47,167,-131,16,-60,45,-17,74,66,-58,9,-54,-20
-27,-35,43,46,5,-22,-71,56,-47,-66,64,13,-57,-5,17,21,-66,-130,58,-73,45,9,-56,15,-15,-42,31,31,-6,38,73,109,-13,-67,30,27,89,76,-8,145,-5,28,-72,-29,18,89,69,-72,89,-28,32,215,-52,121,-112,2,-5,114,-41,-11,-104,21,59,101,15,-6,-8,-22,59,89,-74,43,116,124,4,-73,60,54,30,20,75,7,-51,35,13,-88,1,90,-83,-188,42,-24,-33,-27,86,55,-42,-82,60,-49
-58,16,-66,-51,-4,-83,-39,-29,36,40,-99,-47,-80,31,-74,39,-28,-65,-110,-139,18,-36,-80,119,-17,51,-34,29,146,113,-96,6,-37,15,102,67,-12,-70,12,219,27,5,-52,23,-38,81,13,-41,-163,88,34,109,-62,-18,11,-21,45,-93,-47,6,57,77,63,-119,-105,-27,-5,-44,-38,25,-40,95,-68,49,7,-82,-11,-31,-79,8,48,123,28,33,-32,-18,-31,-7,73,-24,37,-19,13,-97,-147,-51,-14,-64,51,-72
-8,8,33,2,-69,-95,72,-41,-48,30,46,37,34,-86,66,119,-46,-68,57,-53,-71,23,17,-37,-16,-2,3,14,-67,33,-41,23,-64,-124,-90,5,22,-38,-46,-108,-17,90,174,-40,117,-131,-65,-28,78,-57,17,-44,-69,-14,130,7,10,58,43,25,-104,-42,43,39,88,-17,28,32,13,-89,-12,16,-59,32,-34,45,21,-31,11,-116,20,-20,-45,-15,-80,-95,22,-64,11,78,63,-42,-17,-35,-129,-21,-13,51,102,8
-74,41,-64,-31,52,-41,13,91,95,47,-35,-64,14,15,-107,-69,21,-21,115,13,-30,-85,43,55,-44,-78,68,-55,-25,74,-66,48,-68,11,-17,-119,41,7,44,-73,44,-14,61,104,65,74,60,-56,20,-9,-86,43,-30,-14,46,-13,60,96,4,86,-34,95,-64,20,15,-26,-95,-95,47,-64,-4,78,-40,44,-138,-22,-101,-32,-1,-32,-92,15,-34,-65,-83,7,121,62,41,-7,1,22,-43,-63,-21,44,19,59,-87,34
-129,-59,-53,-98,22,-21,15,56,108,53,-72,70,-60,-67,-82,-82,-14,14,-31,-58,89,-83,-85,77,-68,-31,-88,17,-48,80,-26,-70,-65,33,109,-72,-150,99,43,37,57,105,-90,-33,128,22,43,-86,-194,-41,-125,26,6,14,61,21,114,25,-103,70,35,-15,4,-16,0,26,49,35,-48,-41,-65,-68,19,-94,26,-71,-95,-53,-26,122,-48,101,-67,-89,88,107,-14,71,114,77,-13,59,55,-27,-41,-12,30,-131,34,70
-53,141,22,-66,29,47,-84,-32,1,-128,63,-63,-41,50,63,9,121,64,76,-5,-71,-47,13,-50,-10,-124,48,-155,64,-29,-51,18,-23,6,21,-83,-11,88,-123,42,-73,-67,39,30,-65,-54,59,-78,86,-11,-22,-29,4,-65,-64,-24,-45,-18,85,115,38,-6,12,101,12,18,-111,-181,-78,-42,-8,111,-95,-21,23,89,-171,19,33,-28,15,26,-31,1,-110,147,32,-64,-103,21,19,-2,3,35,100,62,33,-7,-25,28
121,189,-14,70,-66,7,68,-41,-10,36,9,-105,71,54,42,-41,27,7,175,51,-22,-20,58,-55,28,61,47,-71,27,-3,14,51,34,161,-80,-112,258,-166,-121,-119,31,23,69,27,-60,-32,-109,92,11,-86,-124,-148,78,-92,-34,-4,-47,51,60,-79,2,3,102,-18,-57,-90,-88,-24,114,-50,-18,45,-110,17,-92,-94,-12,6,108,-63,-97,-40,30,-83,-50,31,2,-43,-35,59,-96,98,11,71,215,-39,-3,149,-97,-14
-41,11,51,12,17,-39,102,-46,-12,18,42,-11,-29,30,-64,-52,64,14,-17,101,-13,-75,53,74,57,29,-46,-57,-57,-39,-23,-77,-64,-19,-46,-16,3,-23,41,-111,-13,0,-92,79,102,101,17,112,-33,-89,44,-24,116,17,65,-65,-36,-51,-3,78,-54,0,85,-66,32,77,47,-63,-44,-14,78,7,-61,23,-40,64,75,83,25,-3,-40,1,-94,-92,16,-6,-7,13,-4,-5,-59,-37,-49,81,-56,19,92,20,-180,-51
41,162,-46,-89,53,39,-75,35,18,16,-130,-51,105,36,85,31,14,-32,-9,63,-87,115,37,-35,44,125,80,74,95,-46,-19,-21,-61,21,-13,-78,-21,-108,29,-32,-62,-73,48,17,13,-120,-71,-47,-107,1,-22,-35,25,51,-18,34,73,-31,21,-166,114,28,16,11,-24,33,13,25,20,-62,150,25,-61,11,110,-33,-15,68,-5,-4,79,-120,115,46,74,-68,-14,-120,113,65,24,60,-74,9,31,-47,69,34,-123,-12
43,66,-81,60,-26,-101,-55,-104,-23,13,35,6,-70,-63,141,-116,54,-104,-250,26,59,77,-40,-2,-45,43,37,32,-77,63,-77,107,-20,73,36,6,-42,-31,-14,-46,0,64,-65,-75,82,-89,-35,-15,-83,96,-83,-38,-19,57,-27,115,15,-26,57,-27,-17,-46,-34,62,165,-42,99,168,-6,-35,-113,55,11,-34,-44,-80,90,-77,-128,-72,-27,-25,-15,6,73,-31,109,21,65,119,-156,120,9,-19,-107,30,23,-31,34,42
-29,-10,11,-38,1,52,-97,26,69,-3,-112,67,-170,110,0,57,42,137,-3,-27,43,-102,3,-74,-2,-48,-132,-20,151,42,3,-32,105,89,14,-72,-79,9,38,110,87,-2,-99,-1,12,9,121,64,-157,54,-39,68,28,-64,-90,-32,-61,-81,-22,-110,-14,47,94,-154,78,66,40,-145,-23,69,81,80,25,-22,46,37,-52,24,-33,-27,89,-100,38,-37,96,65,-6,81,5,-177,-14,-64,107,61,-32,8,-45,-64,-28,-118
-85,53,62,7,98,-8,-7,-45,-114,27,14,-87,-89,-53,-45,67,-1,96,11,21,-16,4,19,63,-62,-41,2,49,5,3,-3,0,39,-38,-129,20,-77,-22,-71,49,-138,-96,-91,-28,-95,28,-32,-7,-25,-52,121,-60,71,31,-40,-88,-78,-89,-58,-6,-69,-28,21,4,-12,186,54,-85,-25,-87,-99,26,35,-144,-24,77,153,10,-73,-104,4,-30,91,-66,-28,66,-84,26,-110,-94,-50,-17,38,3,10,-60,120,-21,0,54
1,-31,45,26,-134,61,83,-47,-52,-12,151,-187,45,80,38,-35,-134,32,-12,48,81,50,-76,-21,-61,-7,60,-25,63,88,-1,40,-78,-37,-74,72,162,44,-1,47,-13,-41,-72,-73,28,-15,48,-39,25,20,103,80,45,-57,-28,95,-5,14,115,0,-152,-170,48,107,9,-62,-98,75,132,-113,82,-23,47,-7,-70,91,35,6,-69,17,115,-32,-20,86,-11,-90,109,153,-132,-187,12,-68,-134,116,83,-7,118,10,33,-31
-122,52,-72,120,-37,-58,13,-172,41,5,201,55,142,-129,5,-60,49,-17,-56,-92,11,-5,-33,3,21,4,-42,52,23,31,42,43,-11,117,14,-60,-181,90,37,-69,80,-38,40,-38,-13,-48,155,-67,-59,-163,-136,-56,-37,-12,119,-26,26,-34,50,5,-175,-33,-11,59,-62,-29,-15,1,-76,-46,-94,-15,-65,20,-178,19,-33,-123,11,41,-65,171,7,-10,-20,66,114,1,-82,164,-74,12,24,-122,-81,-5,-33,-70,113,41
8,5,-97,45,-91,-4,-14,32,88,139,-162,-35,-131,-54,-20,63,-91,192,14,-53,-23,21,124,-145,-44,29,-25,22,131,153,-32,122,169,-107,-111,-47,-44,-72,135,131,89,72,35,10,38,-162,38,-9,-10,33,-64,-35,21,-9,70,79,-95,-59,7,-36,5,38,-27,-14,-19,-53,57,-91,25,25,75,135,-144,-18,54,54,-62,-127,50,-125,63,2,79,14,-15,4,137,31,99,50,26,40,-7,-67,-137,-49,50,49,111,-82
-30,-12,-54,-25,-43,-26,-14,22,75,7,43,78,-12,-31,-31,30,-88,64,-88,-108,23,-33,-7,-55,-128,-30,-110,-163,49,57,-44,9,-91,-128,-46,-63,-10,-42,38,-99,70,-8,-18,32,122,-69,-10,-11,-69,5,-16,-54,-2,-62,49,39,-84,-4,-2,15,-58,-61,64,-105,8,-90,-17,-12,57,-22,-45,-80,-122,75,125,-103,41,-84,-31,-20,-9,96,-61,72,41,-28,48,68,-4,-69,-26,15,-52,5,-5,-66,171,-68,-35,-107
20,-51,-114,-77,11,57,100,10,63,3,14,8,94,-91,-28,-2,-14,8,-40,13,47,96,90,-37,-7,55,55,25,-16,11,-53,7,28,-148,-92,-39,49,15,-36,-116,15,-5,-45,-59,97,-138,-160,22,1,-54,21,-9,-107,163,7,67,22,-19,-83,-101,-24,-25,49,-13,4,-19,-12,-35,150,-46,57,14,-46,-48,83,-65,118,-11,-19,-32,42,5,-64,70,12,-139,-4,32,45,-3,-144,106,-27,94,41,-48,147,14,-114,-106
-24,-47,32,157,-48,65,18,22,-67,98,-8,-43,66,-112,-126,-47,-75,-129,110,19,-50,79,21,-61,15,126,76,-45,-28,20,88,-8,38,-94,-104,48,209,-43,27,-131,-73,-86,114,-69,52,21,-177,75,110,-74,76,-12,-130,40,38,54,-25,20,-67,-136,-71,-99,76,16,-129,-69,-44,35,111,-35,-68,10,-27,-4,-135,-69,51,124,47,-170,14,-63,48,-105,-21,-76,-145,-12,28,-50,-63,-79,15,-29,88,19,-43,62,61,-62
15,128,-4,74,-86,-30,-49,-84,-27,31,40,-86,-155,-35,25,-120,-100,-68,-73,-137,-1,69,-81,0,-189,-108,-6,-30,25,56,-2,12,-118,104,16,6,10,43,-5,18,46,-36,-79,-93,36,-54,-4,-73,12,9,-24,-10,50,-14,9,78,-35,-12,95,-63,-23,-77,-135,56,3,9,-49,-88,-107,50,15,62,11,73,108,3,-155,-41,33,-2,54,-20,-153,33,172,52,86,88,-162,-173,-29,-96,-49,55,81,35,2,-97,66,40
-52,73,-45,-84,-76,51,-95,29,22,-3,7,8,-238,-18,94,-47,54,18,-112,10,-71,-79,36,-10,16,47,-64,-74,94,-59,54,-106,-11,-12,74,84,-10,-78,30,130,86,30,-253,-33,87,137,37,-1,-29,-6,-61,84,-86,-12,-70,66,-29,-22,9,7,65,111,-56,-127,-91,-21,18,-65,38,10,-10,-123,-83,41,89,-135,-23,18,-94,68,-68,16,27,104,60,-74,-75,117,-7,-38,60,-25,-34,14,21,2,71,-81,11,-83
-40,-105,144,-36,99,83,-79,102,55,37,-7,139,99,2,59,-7,-40,63,-82,53,41,26,70,-43,-45,-78,-15,-60,-19,-28,59,-80,-68,-27,-66,-19,-137,53,99,-134,108,-48,-21,44,-5,-78,20,81,-82,5,-40,-64,-23,-73,40,177,-44,-1,-102,-59,138,-164,-39,-19,-111,27,93,155,-58,19,-35,-50,-93,35,138,13,-37,-70,59,106,-14,32,59,18,103,-17,103,6,53,110,68,73,-35,83,-19,36,65,-92,-8,-27
-155,-13,-21,81,90,-87,-80,75,-21,52,-20,82,93,58,-49,15,-37,-61,22,-23,60,-56,1,63,21,140,-59,-18,-7,36,187,6,-14,59,86,18,88,-18,-18,-11,-6,-3,-34,122,30,193,79,60,-2,7,25,168,-21,-105,-76,-83,154,98,-57,34,-111,11,144,-72,-74,-78,-85,48,-5,41,-106,-70,-8,23,-60,34,-47,72,-92,-53,-98,28,15,-134,-112,-14,-89,-1,-29,-32,220,-117,145,-102,-46,56,-141,9,40,-14
-9,100,28,-77,7,47,-16,-48,18,-31,85,36,55,-56,98,42,-1,-152,-14,-47,-66,95,-16,4,-41,105,68,27,14,-39,-5,10,-63,17,80,63,73,15,-19,-27,8,14,2,-86,14,-19,-19,-34,2,-73,7,-27,-104,74,-35,66,97,-30,-34,-44,-16,-41,-26,74,-81,-41,-69,-18,50,-6,-6,-4,22,36,26,32,-6,117,4,5,98,26,36,-11,-9,-98,-142,-56,12,10,19,-32,73,22,-24,10,-80,-91,92,-3
-70,-37,-39,-25,-94,28,-44,-65,42,51,93,-64,-30,27,-39,14,-135,41,-90,-36,-55,4,-58,29,-97,38,-25,32,30,4,-37,-167,17,-13,-44,-15,-84,57,61,89,59,25,-64,-12,-30,30,-20,-133,-146,-50,3,88,-82,49,-50,-69,-30,-32,21,-136,62,26,21,-103,-86,28,-7,-57,118,-44,-65,-76,65,-14,-26,-124,42,-36,-58,28,21,43,22,32,95,58,-19,6,-36,-86,-156,-48,29,24,107,33,-30,-185,60,-44
-22,-65,-79,-10,107,131,24,-15,120,12,58,17,18,-75,9,10,141,145,-2,15,34,-37,103,-52,157,-1,5,-45,130,-10,-16,24,133,-87,-13,-115,-81,177,-28,-2,-34,-43,-65,-73,-54,-69,120,-57,-18,-30,-47,70,-99,65,-32,42,58,-76,2,-32,12,37,41,23,35,-11,33,-154,-23,49,73,78,-15,-12,103,54,-55,-37,38,-57,32,45,-34,57,-77,5,88,-17,-61,57,-51,81,-35,5,-22,80,38,-13,-16,-123
-144,-150,-45,-7,-30,91,41,-5,94,-49,-88,-43,-85,-69,-172,-100,89,102,-102,-15,87,7,60,39,-10,-90,126,42,-36,19,-12,-3,87,-90,-37,-61,-54,251,-10,35,2,33,-168,83,64,-7,16,-40,-95,13,-46,50,-100,101,-149,24,24,-44,-46,153,8,28,-17,47,35,-57,50,-78,-29,111,75,94,39,-88,-29,42,-30,-99,-22,0,59,39,-81,12,62,91,65,40,41,35,-69,4,76,-56,-36,50,11,-34,-28,-4
-172,44,63,44,49,-21,-78,-24,-38,2,39,53,-171,-39,-34,-111,-28,18,-44,-204,53,-83,7,-101,-76,-228,-38,74,105,-38,70,67,23,114,-36,-14,-33,79,35,131,56,-18,-167,-39,43,59,80,10,-41,32,-60,-16,60,0,-59,109,-56,-35,-5,70,-11,-24,169,62,-86,78,54,38,-108,65,-74,114,-55,69,27,-2,-64,23,11,111,132,2,-128,-72,116,64,45,100,-47,-91,-14,106,18,80,23,-84,2,-71,-47,-108
52,-50,15,-39,-178,-46,-28,49,57,-72,3,-7,28,52,-13,68,-15,-22,119,20,16,-101,-66,90,5,-43,-23,-111,69,60,-2,-124,-91,-21,80,83,-66,-21,2,34,32,49,154,4,7,-4,119,53,11,-79,-52,30,-35,-168,199,10,-60,52,-52,9,-27,-92,-126,-25,-29,19,-34,-84,-122,-47,19,-46,-77,7,-135,-16,-59,-143,124,23,-46,158,43,53,-53,54,61,13,-62,26,40,-148,-116,-32,-2,-26,-53,-74,84,59
28,18,-40,118,30,-149,-56,78,-37,92,-145,174,20,-59,-1,-97,31,-27,62,-133,68,-91,-64,-110,153,33,-174,48,88,-3,92,90,120,61,85,-4,-62,-31,33,-85,10,55,175,-57,13,-140,2,22,4,72,-27,-13,99,-80,123,-120,149,-1,44,-101,3,-97,39,-71,108,5,109,104,-106,27,65,-36,-14,-105,-21,1,-23,-78,-38,-100,-34,-160,-70,-107,51,-69,-9,40,217,94,53,19,53,-110,-60,17,-105,91,55,96
-115,-27,-1,-45,119,2,24,50,30,-22,9,38,113,-60,-25,5,-15,53,-93,13,54,40,8,66,-63,66,-13,-47,8,34,26,27,-11,-91,-71,-9,-10,68,-11,20,-29,-70,-124,27,-51,17,88,-79,-66,-91,107,140,-27,113,-54,-10,-47,66,-101,-20,-86,0,-134,-46,6,6,-16,-76,83,29,31,26,-13,59,38,-23,113,-28,-133,44,15,28,59,87,21,-155,20,89,101,-70,-38,1,11,-134,-11,13,126,-32,-33,-36
48,-7,49,-141,-91,3,29,39,49,-52,-63,-62,-3,161,40,136,-71,165,-78,84,5,73,-54,92,-138,-47,104,17,-90,62,-4,-42,9,52,-41,76,108,-64,-76,36,-33,-46,25,45,-49,-76,-28,-7,2,140,73,30,-99,-110,-5,38,-44,90,61,38,-68,148,-23,84,42,-95,-55,78,150,-20,-34,-80,37,-34,-75,45,64,-57,-118,106,18,-33,88,127,-5,2,19,-33,-61,-41,-44,-33,-78,-16,48,-142,-15,28,-68,0
-54,17,35,-26,168,-84,-44,69,-36,30,-78,82,-36,37,75,30,-86,58,-42,-47,-22,41,63,25,-35,-123,82,92,5,-50,11,57,-5,-9,-16,-44,-114,6,58,117,-49,-9,-125,-63,-47,-61,59,-109,75,82,15,-33,-56,27,-65,-15,-24,85,-25,-58,129,-3,-71,116,-35,31,82,69,-95,-12,-69,79,138,-44,67,-9,72,-71,-93,142,14,-39,78,63,68,97,76,58,10,97,71,146,4,-71,-29,-44,-2,-69,23,12
13,-56,40,-44,42,19,65,19,23,-181,24,32,52,55,76,47,142,26,25,21,-23,9,9,-4,17,-76,-18,-54,-142,-66,-77,-22,-16,9,-24,2,5,74,-180,-38,-29,-16,56,-4,-47,10,-57,25,24,-5,143,-43,-34,3,-101,-17,-6,22,19,64,-52,95,-92,11,133,56,5,-14,51,19,45,-35,27,-37,98,79,-16,57,-102,-1,-33,-96,-11,78,-54,-142,-28,-43,-72,6,17,-65,41,6,85,52,-2,97,-46,35
-65,28,-118,62,-67,22,119,-115,-34,3,97,-148,-47,4,28,-137,-15,37,-51,-27,-87,52,14,-95,-136,-46,-3,74,-154,-21,-129,3,-59,57,-181,104,18,102,-6,-8,-11,4,-89,-78,45,38,-42,33,79,-82,15,-72,27,68,57,128,-68,42,24,56,-35,-76,-116,68,22,58,18,101,-8,-92,12,43,-23,-31,50,44,-68,1,7,-32,-10,15,-68,10,-48,57,113,58,-35,76,8,26,31,12,4,58,73,-12,15,-35
99,3,-136,-14,-99,175,-17,-19,104,11,-11,-81,25,75,-153,-89,20,73,-71,87,0,38,-21,-8,58,127,-43,-17,81,-53,19,55,68,31,-23,-16,87,41,111,-44,2,-129,-21,97,0,30,-1,-25,-85,35,38,104,59,68,-74,-49,25,33,83,-56,-62,88,120,-88,38,-119,0,-22,106,107,139,-105,8,102,-22,-57,-10,137,79,-23,-12,-20,-88,55,-32,33,-29,29,52,-128,23,-15,-26,-63,52,20,79,51,-121,-101
29,81,-81,126,95,26,-110,14,-23,5,116,-64,96,-18,-51,-58,-8,-33,2,-49,116,-2,10,-74,3,148,99,25,133,-23,37,138,-34,4,34,35,-25,46,62,-85,-52,-162,30,21,-95,0,109,-13,32,38,-53,14,27,-33,51,31,46,14,-35,-20,2,-161,-33,108,-52,-64,-98,139,-84,-157,-46,3,-18,-71,-43,50,66,6,-13,-83,35,52,99,-34,-41,6,86,69,31,-4,61,1,-41,-37,-33,-15,22,-7,21,60
71,89,-28,42,-29,-81,14,-13,-65,104,-134,21,34,-129,45,-9,-16,-126,-21,-138,-5,100,-19,-48,-66,-64,89,211,-84,26,145,85,5,96,-2,47,77,-150,-36,10,88,85,14,-83,114,-91,-90,94,40,27,-203,-81,-54,4,26,178,70,45,17,-43,19,77,-37,151,14,-26,-35,109,-39,16,42,37,35,-30,84,-3,-28,-8,32,99,91,-25,-3,16,130,-88,-2,2,-102,57,-8,101,23,83,-13,-100,-121,28,6,-14
-41,-39,35,-64,33,46,25,-44,55,140,-116,-9,21,82,49,125,-28,127,-103,53,-75,-15,9,63,-69,-74,70,-105,-61,80,-31,-64,29,-63,-122,-28,-46,-33,73,18,-40,43,-4,55,51,-67,6,31,-37,135,-4,-36,-51,-163,-3,5,-68,-52,104,42,-3,-27,114,-37,33,29,81,71,25,22,-11,23,-14,-73,-70,43,38,-10,-49,-38,15,-9,26,5,-81,126,82,-29,-1,34,66,70,78,77,-114,-27,-99,-36,15,6
-122,-31,27,44,32,-116,139,49,1,-49,33,59,3,62,152,48,-113,81,19,-111,62,1,-45,26,-130,-39,-80,63,-90,97,-39,66,-27,54,-94,-27,37,74,-128,-3,-24,86,-91,-65,36,-9,68,-26,-54,-32,148,-33,105,-24,-68,-24,75,37,5,0,-209,-73,3,3,150,49,95,145,119,-4,32,-103,107,-30,84,71,114,-106,-164,-7,19,-126,-6,-11,37,-99,15,88,46,-103,20,-36,31,-19,16,-36,-22,6,23,4
-61,87,-27,33,-70,48,93,-29,22,-17,-20,-102,-64,107,36,13,2,83,188,61,33,-77,21,-45,12,214,-57,-9,-37,-1,-11,-75,-9,114,8,-15,125,-46,-110,62,-81,42,-105,38,-88,174,36,143,50,-71,-3,24,70,-110,43,-45,-45,78,-66,-2,-3,9,70,-9,-63,39,-49,-21,34,-63,-40,22,-13,-59,32,-27,-21,60,46,-21,-14,-2,53,-105,-66,37,-123,-82,111,-74,71,-18,103,77,217,-66,-55,-38,-68,44
-97,-9,-101,-25,-91,64,4,-53,11,13,53,-20,-20,-50,38,-25,53,-16,-106,17,32,-22,-46,-54,58,-23,28,-24,-47,-42,-11,-18,71,-113,-51,76,86,83,-47,-35,-127,-54,-35,-2,100,27,-46,24,168,109,89,74,-152,22,71,34,-5,22,46,25,-45,38,32,81,34,7,8,7,89,37,5,-50,-31,-10,-52,-56,107,-21,-65,-113,50,-85,-105,45,12,-46,-33,-13,56,-90,-72,48,7,4,129,-46,-17,33,-78,-5
7,11,2,19,-16,-25,-126,53,-128,-77,-48,-129,47,16,-65,-85,56,-187,-45,125,-66,39,-88,118,63,146,-2,-74,25,64,78,-145,-85,-11,-45,75,61,19,-31,-49,-106,-95,64,75,-48,70,-118,-22,-10,29,69,188,-2,9,-9,-128,-10,24,-44,-97,-2,-39,59,-194,48,6,-57,2,31,-61,20,-8,-99,48,-200,-94,42,64,-4,-87,-58,-96,42,-99,17,-43,-24,-93,112,-87,-101,-124,-55,-146,-26,69,27,4,-44,7
-48,-107,-77,-85,152,12,61,21,-2,22,-92,-11,-121,0,16,36,-12,-67,-75,-26,-72,67,-20,46,25,-103,83,9,-108,-65,-132,-76,57,-168,-14,-32,-38,86,13,43,-118,82,-45,-87,46,-34,-146,-85,121,65,84,46,-100,186,-77,-76,-25,-53,-16,32,17,-7,105,-166,74,88,113,14,-8,33,26,74,90,46,87,-148,33,64,-64,-23,7,-39,-137,50,-24,97,-36,15,29,-84,36,92,-7,52,-44,101,14,-52,-134,-37
-9,-40,32,-146,67,70,-74,79,55,51,50,52,-73,42,-45,-4,12,41,-70,52,46,-36,15,-34,7,-18,79,-43,81,-121,21,-52,51,-110,18,60,163,35,129,-186,-76,-97,-68,48,116,63,-41,46,128,110,110,40,-166,26,-5,-2,-9,-27,3,13,41,36,36,-32,-5,-36,42,57,75,12,-10,-79,58,-6,-86,-60,110,18,-85,-41,75,-60,-35,24,46,-34,-80,44,54,-112,11,41,12,10,-34,-51,24,40,-165,-100
77,-112,120,35,-70,49,-63,101,11,-40,43,-23,32,24,56,-76,8,24,11,82,221,27,-60,-25,37,84,-125,-135,59,55,149,-115,-16,-25,5,59,115,57,-53,-93,32,11,38,-35,-13,-13,-35,96,-17,-55,39,64,-15,-67,24,84,-59,15,-15,-84,-23,-85,3,-102,-4,5,34,55,46,59,-67,21,-82,68,-55,-28,-26,-86,13,55,6,0,21,-5,101,-187,47,4,16,-100,-91,-58,-71,19,74,-54,-5,21,-21,-37
90,103,55,-27,68,-17,26,24,-61,-52,-116,78,-6,54,-56,52,11,28,39,-100,21,-44,-20,96,-46,-114,129,51,-74,-110,-52,99,62,116,-11,69,45,-25,-145,-1,-51,78,38,-28,-63,-20,-7,30,-74,26,4,-88,104,45,-119,23,21,-42,-5,136,-92,-18,-17,-46,31,-5,-6,11,43,107,-60,79,139,-55,-52,20,71,35,-24,-40,-29,-54,-1,-18,-92,38,39,80,22,-2,14,6,26,72,-11,-58,-132,-6,-46,33
3,49,-10,-81,-83,-62,69,-33,-41,-83,24,-31,-64,-89,115,-2,-63,-190,-42,-4,-70,101,-142,107,-140,-106,38,-2,-133,21,-99,-78,-115,-2,-10,85,-1,-13,-123,-24,-46,-19,14,-160,43,-64,-103,-60,39,-37,0,-40,-115,76,72,75,-8,57,-68,-74,-58,-108,-125,35,67,46,4,29,37,-63,-46,-67,63,8,-62,-104,96,-86,-11,53,-65,-21,-66,72,55,-6,-94,47,18,-47,-164,-29,-32,-24,66,-55,4,-108,79,34
-30,45,-22,29,-21,15,-68,-73,-17,17,-5,-86,-23,37,-63,-33,46,-32,-46,-111,72,31,-47,6,-1,-41,56,51,67,-3,-6,152,19,42,64,-30,120,-4,-5,77,42,-33,-39,111,-62,54,-49,-83,-75,35,18,68,-31,27,-177,-73,58,-22,94,40,-33,175,11,103,-63,-38,-52,-121,85,171,-51,83,64,91,-62,-13,15,27,-105,-127,60,-8,-8,13,72,-111,-8,13,-118,-57,-5,-49,86,-97,66,-3,-22,110,17,73
11,8,13,69,76,-36,-31,-11,-35,89,88,-25,-25,12,60,24,80,24,-52,-3,15,8,-28,-93,156,179,-54,-47,20,-115,101,-111,19,-74,68,50,111,-48,14,-107,-44,-66,12,-2,57,60,-34,58,163,-30,28,74,-128,-41,109,14,-59,7,86,6,37,105,111,-88,-32,-81,15,130,-96,-123,-12,-51,-99,52,83,-5,-79,122,-86,8,-25,48,4,19,15,-44,-32,-65,-132,78,143,-44,-67,0,-64,55,-25,117,-114,-160
-98,29,33,-12,32,78,-41,119,74,63,22,42,44,19,-84,74,-92,95,98,-53,-55,-68,115,-31,-88,74,-28,-69,125,76,74,-20,-24,-88,-226,-28,-21,126,151,-6,-9,-22,-31,-25,100,67,37,-14,-50,-137,144,22,9,-46,-27,-29,-5,4,-99,-117,-55,-41,73,0,-52,113,-34,-80,178,-63,9,-55,-16,-116,52,52,91,108,5,-78,39,-124,98,-161,38,-123,-3,72,69,-86,90,-57,80,-10,42,-40,65,-122,58,-125
