862,-800,367,557,-357,-758,-889,205,-405,505,-168,978,434,802,213,156,58,-295,-236,-157,830,-719,-836,-951,906,-861,-596,-59,-957,-256,-947,935,977,-559,-260,-283,676,479,444,241,-159,817,-475,-117,599,-304,981,328,-37,-982,-446,-267,-312,549,765,0,-164,455,981,907,-381,287,-736,-319,104,984,-60,-629,-760,-442,488,-832,119,-55,-332,-877,456,-383,-188,-61,294,426,731,-245,-509,-533,-7,-406,706,-476,-386,357,892,846,-250,-879,643,-197,-16,-23,-418,-489,-834,576,-68,-546,-975,976,62,-310,-602,700,-556,-385,-33,-250,162,-296,595,-288,639,-622,-975,-682,960,-952,-692,875
-742,-133,-459,669,-801,-150,149,-763,-904,-495,366,-12,911,-720,44,-303,949,-842,-224,-534,-788,10,-999,632,-555,-537,-144,-267,-419,804,-33,843,794,-600,449,-800,233,953,-766,-992,-367,-13,94,708,632,-811,313,-685,-119,980,6,-27,-817,499,-688,245,-53,-14,-754,10,748,551,357,495,658,-411,140,-331,-582,-915,198,780,0,750,-420,-930,-178,764,-71,-930,365,719,-500,701,877,-721,231,-837,-236,-287,-532,180,611,-925,-770,264,-48,70,-988,-744,-92,579,568,426,907,19,530,924,597,-915,-805,-125,-48,-786,-96,202,206,-773,274,-404,320,953,925,826,534,30,777,-307
-938,-599,-42,-49,183,-9,-180,-753,-581,343,-69,96,179,486,-182,548,-5,-811,479,548,-354,93,-356,317,294,-146,-109,173,-212,577,-733,859,129,-727,-242,-657,-959,-751,115,72,-247,442,-976,-330,-71,-893,15,177,387,789,-169,40,3,26,-141,716,42,-126,-211,-446,865,-708,529,-873,-232,322,-656,228,139,-637,406,-934,142,-11,766,836,635,-787,-304,251,264,-626,905,732,216,-295,-106,590,747,-819,107,853,300,757,-989,878,936,157,649,527,-217,322,-276,76,-782,407,-220,908,-36,-381,-913,147,556,-841,861,997,881,-882,802,670,-115,27,-581,-112,206,65,-668,514
-587,-643,-282,549,-938,821,-38,-53,-162,195,86,-759,986,-464,356,-943,-216,802,152,-392,454,-397,928,-456,-923,182,651,568,964,933,978,95,821,-260,-574,632,201,-888,166,401,-831,855,-667,382,-409,-523,-558,-862,-750,121,-160,-930,356,349,758,-280,-755,314,-75,-663,-445,886,-614,-511,677,95,473,-208,-226,689,-677,-361,659,859,689,414,-617,420,-635,481,-314,923,233,-500,-135,-263,-989,755,597,16,176,568,546,-801,-3,-615,-153,-498,293,-571,370,-181,-112,-604,-419,-863,501,-719,-172,718,476,-984,418,-813,797,-152,-230,-363,485,-621,485,183,322,-622,788,-971,186,-735
-447,521,-883,-20,-765,-500,840,-422,-232,-979,-72,938,-848,-25,-241,411,-81,-972,-258,945,224,195,-847,-402,414,247,853,911,-569,-843,-149,-410,23,453,-724,-759,-407,599,366,-646,376,608,-559,332,823,28,-410,-606,-760,595,-892,-90,90,418,-69,266,-266,-228,97,783,-180,-875,-73,-708,-993,623,966,-775,-321,264,-385,705,132,425,659,907,996,169,-935,973,293,951,-344,-757,-158,655,298,585,321,990,573,-620,616,600,301,534,-562,531,785,-680,82,-533,632,-66,42,480,655,809,-475,-132,-123,-517,345,-534,225,-212,-735,27,-402,-94,961,-969,-665,840,-320,-411,217,-20
-272,-650,59,801,-50,-753,-283,-864,598,111,499,-351,576,371,852,-718,-423,286,-376,-507,-469,-977,854,-141,-196,931,-877,85,53,919,-962,-859,780,-753,-470,758,-36,-651,-59,215,296,292,-384,-631,-226,830,772,842,-358,-174,574,-889,-761,844,359,196,502,-178,263,-356,355,946,742,-149,-728,265,570,-979,-652,457,-830,-736,856,6,-420,715,-571,657,503,146,-388,-890,-166,-331,508,449,898,-901,-344,-656,733,-270,139,110,160,-28,213,-472,-676,-136,-764,904,336,683,-119,-206,-614,788,-95,-466,-655,897,-830,-984,839,116,738,254,-273,-434,-790,-577,-995,964,459,449,500,-556
256,879,353,692,-596,925,-518,-180,45,-37,306,56,576,-371,748,-75,-565,-199,926,-735,901,-150,164,48,-799,-153,-966,30,311,52,204,-670,573,-121,785,-499,-973,-803,-421,502,-801,7,924,584,105,-46,724,-982,331,-522,983,-584,-738,375,-517,-965,913,238,373,61,-895,646,-505,698,-774,131,503,-860,-159,-438,757,336,125,-665,417,-480,704,664,860,-438,-162,-48,131,-424,-471,589,-239,-598,317,-408,-967,442,399,-16,-954,-94,47,666,-669,-119,793,-675,229,-642,881,-689,358,-487,-302,870,-29,843,958,25,-911,238,-584,991,178,-462,524,-857,-351,307,474,208,46,-670
738,-945,354,-527,-638,-985,623,-37,910,-912,-632,276,86,-758,-552,232,-911,865,-71,335,-5,-882,389,-438,-400,603,972,918,-643,32,116,458,701,-971,822,742,290,-349,988,-136,677,314,752,832,-622,-419,-476,-705,264,117,-54,-135,-941,-975,43,-90,-284,-278,-523,-416,320,-11,899,-274,781,-21,85,124,223,306,468,-541,153,279,-338,-661,-776,-236,-317,910,-524,-202,-779,513,-55,985,888,-40,338,-792,-658,72,-187,-31,803,711,-490,228,636,424,-173,201,740,422,-136,195,146,-155,-45,126,342,-590,128,920,-395,-405,-659,318,93,316,854,-704,-151,-245,-53,681,-953,777
681,-711,-900,815,904,763,17,748,830,-649,752,-768,836,554,702,-523,-570,751,-553,297,-979,409,-331,-234,-223,280,-90,62,773,-688,849,633,-385,-950,-421,491,-762,-494,666,697,-316,-330,-902,194,-5,-74,968,-739,381,535,-710,407,-149,-438,-732,799,-597,-413,-319,-832,261,778,307,-918,555,390,910,-760,-578,-89,-975,-302,655,-117,-341,-607,827,106,-670,403,-353,-395,-202,-365,684,-601,-591,810,816,588,-870,-54,429,-954,-186,669,-467,-404,709,262,-925,-360,681,-93,86,928,911,-933,660,-565,-892,409,509,-363,532,-356,-816,-248,439,236,823,-807,753,362,-815,530,-559,536
-80,-272,-826,831,-96,-749,358,-405,700,-963,833,6,291,-696,976,317,-392,-711,759,-185,730,-959,805,878,-457,16,941,-919,712,18,404,-523,475,945,-738,-568,-110,167,-261,-771,-25,966,-667,-730,185,-377,-745,966,-338,110,81,-452,-823,76,160,-815,-781,300,878,297,-745,-501,-512,868,-468,-579,246,-99,982,543,-651,-10,415,304,706,60,-925,920,-294,-921,634,490,-210,166,-53,-651,869,-810,-410,-278,-644,-116,-590,-938,-738,274,457,-5,854,896,794,214,-613,805,146,710,264,-329,610,577,47,22,-824,203,-105,-456,-662,-910,856,-561,120,-132,-557,809,-789,-117,834,-786
494,-283,-213,-321,219,721,603,-452,-390,479,-678,786,-933,-240,808,181,-577,-882,309,-931,-814,302,-544,564,828,767,-314,-981,69,805,530,-930,-988,-476,-495,-879,499,684,-273,-492,569,-784,175,-950,-192,52,234,-793,-266,414,689,-749,-775,782,-129,-319,-946,5,-526,653,-586,500,890,-21,-550,461,-168,877,-529,814,-519,-540,473,763,-363,459,78,193,-512,250,727,559,738,249,467,-274,-285,693,-200,-863,669,-173,294,-684,-758,-108,-587,-742,216,-296,-60,-450,174,678,804,265,-687,413,-609,-858,132,955,301,-111,-813,-50,-664,534,93,-367,-460,-300,-898,585,-294,-117,488,-149
-865,670,737,-995,-201,835,385,105,-529,546,131,725,575,995,91,384,95,230,513,626,-699,562,144,347,400,-623,-239,523,-732,845,163,-176,694,27,790,574,848,124,-845,-839,-594,-197,-68,-608,661,816,-878,776,657,878,623,-823,484,-503,370,-586,341,600,-936,124,155,-998,38,-929,-500,-557,269,-905,-126,-286,637,-856,-308,-233,385,546,-86,742,574,-717,346,-355,298,-455,79,112,945,-96,34,-246,574,-172,-500,9,-301,-2,-371,-722,-949,-621,975,263,329,629,-421,445,434,-458,-68,-526,-97,785,-602,784,-191,-363,-357,-538,419,441,287,-315,-935,756,106,724,20,-330
586,-240,524,321,-42,-444,-725,878,553,-452,539,481,-107,818,-391,304,-755,417,137,99,440,963,-784,447,298,759,-654,680,794,-686,686,-73,-402,725,517,271,631,211,-62,-892,-793,904,-129,-386,-68,-552,-387,-301,-502,317,234,-680,-528,-95,-647,838,666,842,202,272,473,812,-601,314,415,-833,-132,237,-882,914,174,162,719,-814,-921,935,-709,-208,242,134,-822,-576,510,120,-905,481,260,307,267,-66,205,27,549,98,811,291,562,418,-369,-806,362,-16,298,191,-202,-519,-738,-554,643,-700,-946,689,948,-492,475,-293,180,484,-303,-340,-58,687,91,-768,-1,822,-857,299
-50,-203,837,655,-173,829,459,-444,-92,-678,-55,-765,-696,90,558,734,348,-17,-234,32,-706,-518,-817,511,769,744,525,-118,-936,837,973,-111,710,638,-221,-333,-923,201,648,66,-98,586,681,-696,875,-520,154,-816,-979,550,126,29,797,-741,14,-537,-883,677,289,-624,-20,-534,-636,-22,728,-558,840,376,-970,841,381,990,-651,69,171,-132,-190,-836,599,-112,629,-793,118,175,-298,444,756,-363,482,-63,-814,843,-251,-450,-698,-510,646,315,-18,-462,906,-747,-375,-358,-842,-841,-112,284,489,63,-123,106,-185,-877,-181,227,-411,-934,938,933,-738,217,594,-978,971,-148,322,-228
108,-266,475,147,-147,716,295,729,529,-122,475,143,-21,778,772,-84,463,59,440,292,741,-988,20,-184,-927,59,700,579,915,614,-812,-962,278,618,-327,-664,-204,-437,-890,107,662,-637,5,-366,410,767,-462,613,-12,-232,2,-248,-88,-477,-538,305,-167,470,-622,-541,286,622,-997,-728,29,-280,-136,-986,-589,-996,-202,-816,-571,296,478,-19,735,-678,-388,413,137,-880,-252,696,-374,-732,438,448,913,-555,924,287,-817,-800,48,946,-121,-542,78,-908,382,264,-876,-866,282,-747,-434,-769,-363,252,32,-546,-234,981,-605,-854,-573,-367,687,604,-570,515,-85,-509,997,-50,681,120
17,-832,341,-665,412,-161,-572,-313,188,308,413,691,-408,-161,-925,110,996,-250,423,-167,-107,594,88,-839,-157,-690,-32,700,-178,-192,-773,969,-332,-161,-208,254,668,332,61,-398,219,751,-579,259,-183,612,431,740,143,898,-731,787,915,-983,-522,865,-636,-18,369,760,-655,-338,134,-409,717,131,782,-562,55,476,178,-603,-971,-578,-948,481,291,842,678,-319,-623,-152,-747,-672,-673,-693,656,-474,-176,848,316,-416,-140,-602,203,-878,-6,-918,-120,814,890,-732,-52,-787,-512,-188,-891,137,371,806,-12,622,87,741,415,-614,887,319,-602,-237,896,672,-776,-764,323,-678,272,-169
143,886,187,-721,-700,197,-981,-753,-21,947,524,-317,803,736,670,366,726,-740,-83,742,-770,401,682,912,865,802,386,-539,-455,250,-893,864,765,-894,496,729,-471,247,296,828,731,612,652,738,-32,278,392,-466,-295,199,-628,-246,471,563,388,-562,-447,-124,212,-954,207,766,-198,-774,196,157,359,674,-43,-654,-610,-170,-196,-843,-178,614,918,-974,203,712,674,949,16,428,-366,-683,-917,437,-873,-337,-898,-723,689,687,-536,-416,571,-882,553,-108,90,900,583,-679,-554,-209,-365,997,109,-379,798,-741,-51,-784,320,494,-720,997,544,-491,-69,-902,820,-332,-535,-915,58,-349
244,70,879,-820,122,971,742,-906,564,-586,936,-313,-98,677,488,388,841,531,127,-931,289,859,-515,81,287,-704,191,-362,955,421,-823,-106,-691,-191,-371,-667,-854,667,-924,-885,158,-328,-240,-378,-305,-597,-834,-696,257,-331,269,422,316,-413,-948,815,-581,379,-576,-670,40,-96,223,559,-845,948,620,924,-822,-849,584,779,676,-310,104,500,99,747,-591,-89,-860,-907,355,805,62,-984,-802,-321,-701,-437,-559,-354,556,-581,-253,984,-980,335,81,-937,-95,967,700,-134,754,-390,425,366,344,-638,-622,834,837,-827,-933,-182,-364,-514,-612,449,-995,-680,999,-932,-854,-789,-191,-952
752,-631,-826,492,507,-682,-168,119,-898,-511,625,-62,-584,-954,-238,-120,-828,15,999,-939,-342,623,947,163,276,-480,-249,-713,-464,-570,-532,-111,-97,-941,735,-113,954,-182,969,-66,-332,-132,-45,-642,156,-899,737,-49,-855,-588,-261,-853,-704,915,-127,935,805,199,-757,786,832,850,614,310,275,-646,-371,-787,17,-215,632,870,284,458,2,393,-200,766,196,434,573,696,-15,381,200,952,182,-223,267,-553,662,14,-812,904,1,730,722,-641,796,-166,679,489,699,-4,-833,963,667,143,804,728,-109,474,142,-349,822,-171,-1,-224,-56,-98,774,-324,-276,795,514,-238,-600,466
-312,193,-366,-742,-4,618,824,-203,-299,-74,27,-442,-43,228,861,-432,764,866,-479,907,888,193,327,-550,-243,-265,-735,-638,733,973,-935,667,-952,40,311,946,337,766,-473,-832,848,-403,-157,130,-361,117,264,-948,-226,439,843,-598,-399,654,-2,-974,-536,-27,-899,-504,-325,546,-160,394,332,941,759,211,-505,-720,997,-530,-572,808,-486,844,-116,663,-628,-445,-256,949,-59,-478,-817,46,-983,779,752,109,-844,299,550,616,-975,82,523,587,401,-70,-552,-344,992,265,710,229,-201,802,959,-391,442,886,508,518,364,-814,474,954,740,401,39,-591,666,-935,-935,790,758,-658
-888,138,-516,80,238,-154,67,-374,672,-103,683,74,223,-908,-596,-27,507,951,581,-876,-170,-199,749,451,390,-496,-749,620,-162,571,-600,886,-101,-283,-228,-568,113,10,-472,-298,-580,-979,-985,-383,-248,950,-420,452,646,-992,-723,-579,-255,627,670,-452,-956,-628,583,-447,-238,-734,434,-829,431,-658,603,962,-650,240,-698,57,-686,-915,439,-483,8,492,-919,-875,565,839,-799,610,531,-37,-174,798,-436,-476,-966,-184,423,414,378,380,-669,-696,132,-529,202,-789,803,921,964,-882,-957,85,-474,18,518,121,621,886,-110,-43,-946,-649,85,431,755,-618,723,-233,822,-400,-410,330
587,-274,569,648,-196,-694,-459,-402,-219,136,132,-760,536,966,364,804,-404,604,329,608,-664,779,-258,-277,-925,236,-648,-618,866,-421,619,-417,365,890,-721,-949,42,-372,422,-251,709,900,694,-84,865,672,398,-715,-3,465,277,496,496,-206,464,301,-50,935,634,-755,-54,-588,-999,422,55,213,21,-601,88,277,-725,181,874,136,403,740,105,116,-484,-706,353,497,-204,449,335,124,-31,470,-239,-319,-408,124,384,-829,871,484,-153,-482,-475,-155,-857,-828,959,691,125,185,47,827,-6,-8,-614,86,-661,49,-235,333,100,-549,-96,21,572,819,-691,-259,-523,-703,-66,-31
-229,396,-705,196,622,952,-696,584,784,-315,-600,-660,309,-206,261,-51,-759,174,105,-929,-685,-824,-849,951,-142,989,-677,-120,341,-190,596,-382,142,-133,-302,-525,-665,-325,76,-805,225,437,-164,-550,786,-294,-326,-610,-416,19,471,-869,677,472,674,439,-849,746,-719,-784,381,723,-449,537,-553,-622,-319,965,506,336,574,-37,206,855,-834,-119,-180,-397,-922,-115,969,-737,374,835,-941,-830,-628,181,-423,-974,-332,-755,-691,499,839,668,227,30,179,-103,457,-225,987,-153,440,959,-965,-757,-540,378,568,184,-497,192,-113,528,927,-634,388,-929,-217,-191,127,-148,-907,567,-46,638
87,345,978,481,-397,116,-163,548,-699,-441,-88,-138,-172,-68,-261,-731,136,200,-991,694,835,-300,649,799,527,-335,6,679,973,-558,-150,-284,452,564,-605,574,-233,756,-11,781,335,-651,-390,106,131,-332,798,666,-507,17,140,-40,157,467,-376,-277,-98,-921,-702,-814,476,818,-265,-540,799,356,302,579,468,591,-703,-373,-111,724,672,224,-869,-668,-328,349,-778,-896,-503,-309,-426,-709,-882,291,434,310,150,82,-788,-91,507,-327,-644,183,933,-627,636,730,-542,115,-848,-758,183,-109,-347,-272,-706,-824,392,-189,-495,-479,849,-130,-808,-376,644,-482,505,-876,161,563,-145,365
965,660,-231,818,30,-509,-538,741,-495,-36,-744,-623,-894,609,-568,427,-606,141,-290,-909,-684,335,-902,-399,725,-179,-306,-580,37,688,555,907,240,-524,640,-644,-921,-854,-629,-139,-615,278,394,920,-376,-303,-332,-560,-858,891,982,300,-853,-511,848,313,-649,-912,838,-578,297,-831,577,-558,-442,827,350,-958,-858,539,-103,-879,-480,711,793,-370,-652,887,-280,759,146,-926,284,505,101,813,-969,53,-885,229,-193,-312,981,-82,-226,-853,-230,685,-540,793,-763,53,235,316,-663,63,-339,812,-719,65,507,293,-492,281,-307,857,-499,281,585,-91,-148,-169,308,-908,240,-403,997,656
991,744,-252,764,-879,643,547,-382,501,-44,470,-428,594,171,-524,808,-859,-762,153,-728,368,-251,783,-668,-766,525,-996,-875,-613,566,-999,-694,-221,749,218,-432,984,336,-32,-289,-884,599,-116,-209,-902,569,215,-290,853,-474,-354,296,-609,-107,240,-787,-249,421,505,-696,542,639,-941,420,-858,-268,138,-967,-858,-546,-139,-383,596,5,276,362,802,20,-204,-411,-999,-355,-67,-28,-628,829,573,-574,-29,-972,387,-42,409,220,-969,-288,83,-377,942,-806,502,320,594,918,-672,-254,-136,547,447,541,-611,363,835,884,-364,136,-207,-490,491,529,768,-760,-630,-746,-603,-75,667,-237
-91,-928,876,736,295,-373,598,586,295,82,-321,-56,-935,279,-462,788,795,-401,321,-520,-981,-24,942,182,-484,731,-890,978,-528,-68,-766,-751,-983,373,284,-347,-254,-463,-906,239,273,-824,924,429,-908,-725,64,786,359,705,-669,-418,390,-267,-970,-170,-784,-266,486,142,-579,958,-306,-425,393,-96,198,809,7,419,-820,-917,-92,949,-603,-458,314,611,772,527,841,-458,-312,-165,302,-649,283,726,-346,43,86,592,-839,128,447,193,975,550,975,-951,-204,34,-329,-65,10,674,147,-987,-425,672,819,719,767,491,261,44,929,-35,-254,-960,-944,267,-562,903,-538,558,412,132
-691,897,-730,478,-154,310,961,-325,-782,-246,841,-558,489,845,-549,-391,797,-307,-406,-807,988,398,-625,-788,663,-724,-333,-323,678,-754,-175,109,188,58,-122,-96,-957,-972,-786,-77,-19,-805,659,-51,-867,760,300,3,221,749,543,-595,-729,709,-592,-195,-816,352,-841,650,873,-280,897,-377,-912,182,35,29,-937,820,-428,200,-15,284,943,-361,897,721,41,-387,555,60,217,569,38,-478,-814,-666,-940,608,871,840,-362,835,504,533,-751,-339,-408,481,217,-17,-480,88,184,754,-971,-434,-463,523,-881,784,50,-720,-338,-939,-911,-920,775,649,222,-431,-429,-92,816,335,-359,795
-692,-713,-731,-672,546,-746,7,-599,-819,-330,-814,178,-981,-94,139,-637,146,239,-883,489,-636,-13,715,-518,-543,-34,-841,-204,354,45,244,866,-393,-974,471,781,131,476,229,-551,17,666,-477,813,-428,55,282,-607,825,298,430,842,-371,-367,-613,-882,525,-214,-549,790,-810,818,-253,684,-877,-884,-619,-753,-630,-365,499,-309,-398,-562,-551,-214,453,-377,851,-56,518,91,-997,748,-50,-114,69,653,283,909,392,503,-884,633,891,595,-379,-96,-798,547,-982,657,725,-338,-253,-46,-55,458,770,410,-743,238,796,-483,-702,-560,-218,-601,664,234,-366,-356,-515,-252,-128,918,-722,333
-887,-263,872,-37,-457,477,942,-405,-65,162,-678,596,729,133,-733,-223,-308,-70,-439,-254,-868,-958,102,-526,-806,-885,-888,-439,615,775,768,890,710,-428,243,-468,20,-710,-984,163,-232,-587,-79,482,543,658,496,-289,-193,-95,-810,166,-881,-378,463,709,581,888,849,936,-895,780,527,858,-575,-270,208,943,-773,125,878,467,-233,549,-42,-206,-225,827,181,880,947,-770,517,479,-196,-423,-13,400,582,972,-405,258,346,-562,-87,-357,681,-571,-804,-469,-234,-64,75,802,-531,214,-631,955,409,253,-42,-297,-887,99,326,-54,558,359,231,-995,601,-835,-152,-536,242,474,-745,84
199,-466,866,-310,52,-273,446,872,458,157,-381,877,438,-436,335,-347,642,11,596,450,354,-239,662,-329,68,-223,-833,476,-481,245,41,525,-172,-53,-712,-707,-101,-63,697,-59,386,-963,-80,-904,151,-285,-339,734,-858,305,135,-774,-111,615,658,246,-894,-323,480,-874,-388,40,-95,-536,-166,531,-783,735,245,-587,-555,281,-322,656,-729,750,786,384,124,837,849,330,273,-221,236,112,-602,-972,-695,546,-498,-727,74,-969,-265,882,136,655,145,321,-487,233,-483,-286,666,257,677,517,-349,-228,336,-385,-871,433,59,-93,271,-990,-349,-204,645,486,633,312,-592,-90,-389,155
-890,184,185,-399,558,5,-736,340,-659,317,-534,483,-14,728,-555,462,84,884,839,189,-867,703,76,-383,-883,-392,-498,341,-636,-939,-532,357,-510,235,493,524,-156,-19,-54,639,110,474,619,770,851,881,272,232,692,-490,760,520,-917,-526,126,-977,-743,314,-619,-682,71,-224,-758,809,341,473,-620,-16,274,-720,-790,518,645,-656,-922,-245,91,258,-226,-763,330,57,-893,325,413,-772,-269,619,277,-376,-993,525,-568,-69,-683,-907,572,908,-294,440,125,675,403,-382,647,-787,-146,480,-647,-490,701,-223,435,-431,-395,455,297,251,923,50,-282,-558,846,695,-113,-655,-664,324
737,799,997,757,286,-960,311,826,-26,-501,-653,-744,-638,400,-42,916,829,73,317,524,419,-370,-139,-186,-916,-262,-816,-319,43,-973,256,-802,983,-599,-61,-294,-665,-320,504,-259,-861,-140,664,950,-23,-551,334,-291,-745,-6,784,235,-176,20,-11,456,999,601,371,577,160,510,94,413,430,632,824,-808,294,-599,-460,911,-520,-339,767,-417,-386,619,-106,123,288,52,208,-409,449,-884,-367,-19,-567,-277,-595,930,238,863,-164,602,-14,597,-250,677,334,194,-75,-898,-697,221,-778,490,693,-871,213,166,-257,217,-37,393,186,-896,556,969,-565,-734,127,260,936,272,-186,223
496,-633,-337,-270,818,334,-553,-196,949,899,-8,-655,-789,149,146,-23,291,193,476,-191,-114,292,-720,881,505,237,-190,468,-664,-115,292,256,-315,497,-199,-493,570,-889,-658,-483,-649,919,-400,892,204,-993,-72,332,-411,-512,-351,-811,-90,373,915,974,-772,212,711,-652,192,-212,223,-777,745,-657,996,995,185,963,-939,-731,3,296,-325,698,-608,325,-761,-821,-850,-769,421,-369,825,-805,386,550,845,-570,-476,-787,968,-93,898,-882,883,473,-686,-929,977,680,-776,-315,705,170,-99,-972,908,152,-314,-288,740,-854,-973,461,617,-324,-446,418,777,-703,-2,-794,-130,235,167,-823
349,-484,8,628,-156,-366,-674,-886,-472,-945,-494,-320,-627,914,-596,-211,995,-629,-509,-186,826,703,-980,646,309,361,-119,-854,-307,-50,-137,456,-203,-677,178,-644,516,-237,38,152,-582,-401,-459,19,-487,206,544,344,749,650,503,593,-245,-119,716,-564,-504,322,270,-649,832,445,-15,-952,-428,148,-631,730,-889,-939,308,83,628,-974,164,142,-246,-253,-669,845,834,916,715,102,672,168,-1000,-546,-307,608,-450,496,155,209,-987,-770,-875,-37,-996,961,-166,658,-413,-892,384,107,936,617,-583,-282,-304,273,162,800,897,-503,-263,-730,648,-909,331,-244,413,-274,-997,862,-158,-956
344,503,836,738,-305,-236,-162,-706,-272,-857,-663,586,-100,-899,-298,753,249,129,-558,417,911,192,506,644,-258,-389,-442,-816,251,618,663,-459,843,837,-12,-998,-483,-946,335,-371,-619,814,-190,-98,-777,778,929,471,456,-111,-893,884,523,-927,-903,944,555,891,-127,-256,-13,-790,-181,936,73,-317,455,-224,-142,-251,-622,-297,-453,-67,769,-405,686,467,667,583,403,-875,22,600,-311,963,935,777,-387,-899,41,782,-233,631,69,-607,100,400,-809,870,-318,-308,-131,516,-130,-498,46,-112,-755,850,-100,-538,-917,-941,-253,149,283,-852,-121,-462,661,-391,-883,736,925,-268,82,361
-433,-809,362,791,-550,828,-335,660,-586,-784,-391,-121,782,39,678,-220,-141,-400,-458,224,-355,720,-581,280,-456,-742,117,-80,160,-75,848,78,-443,542,-222,-243,-944,675,268,531,-166,473,-70,-756,-638,797,-683,-811,-864,-371,656,970,-421,-508,-145,-724,-518,-797,-146,-358,569,544,-290,-510,421,841,-367,-181,825,-162,-378,-869,-32,-457,-956,448,-124,-444,539,-284,-146,223,68,-817,-991,-801,806,-862,-392,-360,-836,203,275,669,-811,-50,87,902,-372,249,271,85,747,290,-773,631,-638,210,-834,866,740,662,484,-325,-931,631,445,-960,-614,959,400,-886,650,144,-396,432,-213,57
961,-318,722,-484,245,304,-404,-998,-352,-904,950,-768,-981,-725,367,-366,-175,771,-100,802,465,-125,-388,403,-76,-488,-559,-922,836,-986,458,299,737,-312,507,1,353,-818,-737,-313,-357,918,501,-303,-621,-194,28,-941,47,-477,-746,-717,-261,-867,-876,-328,-873,-647,-388,-650,638,660,-441,-294,-637,-949,-652,-822,-143,-522,-679,900,560,-192,-826,-36,233,-293,220,948,-444,-549,-691,14,520,702,392,-430,902,415,-512,424,-950,22,574,154,-519,-278,-785,869,955,-992,714,589,-136,-698,-743,851,255,-761,203,-596,-565,714,-736,-463,-675,-311,816,180,-391,824,212,511,-30,-894,353,-746
455,876,930,-494,-540,-327,-194,270,-701,-757,-587,879,-120,804,-201,970,-55,-216,-432,683,189,671,382,-628,-702,-537,-204,219,520,-150,-736,262,142,801,354,-612,783,776,600,982,207,864,-785,560,1,-298,-642,586,41,-27,919,-392,333,-695,-908,42,-985,569,-144,-778,-485,964,468,537,579,634,-913,-545,-222,-790,564,-134,729,-498,-821,-683,170,67,534,-461,-373,-821,-417,502,15,383,-533,532,56,806,94,-446,-499,686,-559,-579,-771,9,-603,847,-669,-613,-638,437,768,508,-567,130,715,-874,-470,-383,461,-9,284,792,821,-705,856,180,-297,-492,367,-167,-867,-55,761,-965
984,-293,638,962,747,134,325,-660,-709,36,-540,-325,17,32,-902,-754,-894,-860,935,-887,781,-62,-324,-571,864,59,-336,285,-242,69,859,-831,798,-746,-860,-908,-867,294,519,175,687,772,-67,-736,933,114,703,100,-510,381,-252,675,364,538,231,-373,875,625,945,-873,-222,-68,568,260,1,-153,108,784,733,-307,-969,681,899,-730,-827,193,87,321,-929,-68,821,345,-473,786,460,-19,-925,793,-835,861,803,384,683,-69,603,573,-320,191,-11,-458,-101,845,-109,977,341,-670,763,755,596,315,-195,839,-688,-308,92,225,-775,-831,-693,366,451,-794,781,744,-887,384,-277,-445
226,-669,-267,-199,-398,367,170,514,25,589,-486,607,317,-74,456,-157,-559,-930,867,664,-786,324,-942,709,597,392,426,-15,-525,645,-895,-348,-412,-869,-353,147,171,463,100,493,95,924,-848,-931,-234,-140,990,941,-999,137,-785,924,-548,-386,734,-767,873,426,555,402,-772,376,130,-391,815,299,-478,919,-656,-315,842,697,72,-662,336,734,-428,-480,-187,-384,-948,681,-100,236,375,-418,-963,768,-464,-241,-67,-106,-420,865,737,-226,695,855,7,985,959,680,-123,326,180,518,-207,65,606,-415,-2,-930,162,-526,677,-547,362,-503,-417,-542,-15,428,583,-297,-951,-989,-232,-308
208,645,244,742,296,-636,-851,673,837,-249,-973,689,-964,-286,500,412,529,-273,697,-415,-727,-865,-810,818,-884,-392,484,-657,61,657,-112,-978,19,608,198,15,-63,663,863,291,-831,-590,568,-971,-98,507,127,503,-971,-759,-891,153,371,730,-720,413,742,-830,460,967,-3,-778,-837,688,-688,560,845,330,-766,-137,-989,-560,940,177,-601,-76,-715,5,155,501,-266,-651,734,736,148,-168,409,-363,-558,733,315,568,319,673,380,-755,-647,-38,-690,-990,510,-808,-437,912,-753,-960,535,321,-576,142,545,-540,-224,-858,-455,-458,-643,-794,25,496,-207,-139,-980,644,-913,263,653,498
-263,-294,368,-335,834,485,-868,21,399,-221,518,926,502,734,-7,500,-444,-972,-982,-9,-675,-591,-778,-475,-830,-444,-205,-274,-831,725,297,-695,-379,950,418,472,-516,474,-91,498,-876,-304,-170,-907,549,323,-93,-471,264,-375,-753,-110,771,-871,-321,-876,104,-843,18,625,661,55,-120,231,-452,-144,597,-640,-400,-898,-880,-825,23,-100,931,804,249,-13,-124,-338,-93,-322,94,952,-730,-93,-84,-529,-32,-825,-363,459,787,53,172,-827,-733,368,545,-577,-975,-351,-130,-437,110,751,-398,702,989,829,-234,-239,725,-878,-969,-539,-110,-274,918,201,-248,-263,83,208,384,487,599,379
-572,-961,-760,-182,411,386,696,-221,-711,241,498,428,528,-376,-720,-128,438,-199,289,-20,610,228,-189,97,-264,159,-479,721,-879,335,856,-223,784,807,552,313,-564,-867,729,471,735,22,-377,-680,-914,-896,-305,-774,-42,657,-424,287,-472,89,-26,835,-998,-672,751,187,428,459,-264,422,157,115,-526,96,-668,672,-25,-420,556,657,83,62,902,574,-549,272,-876,359,-565,-933,-32,344,-23,875,595,-735,-345,271,450,798,-838,428,584,-315,-457,-261,593,966,-837,945,684,-265,-112,5,-924,-520,938,195,-644,624,306,-185,-895,803,-102,-930,-109,-166,891,975,628,378,579,164
-39,919,15,-59,952,296,-830,579,808,-665,-362,-137,541,900,648,-102,79,-543,649,885,915,948,-716,307,-283,-444,-597,-727,-515,-273,-302,166,645,-109,258,978,233,-193,-356,775,-616,-936,-59,-586,-332,513,189,-592,-70,41,-726,-756,-348,-758,-937,-117,107,942,932,-428,33,39,803,983,-507,78,734,-711,125,-108,-316,-207,-285,-650,894,526,185,92,-99,-912,-520,-251,-753,-269,435,-621,371,-294,850,-678,-988,289,-895,740,427,317,-737,-148,521,-213,-566,-186,-62,-90,-318,329,-128,-776,875,945,-250,761,-373,-773,-787,613,-542,368,512,-499,-716,130,48,-638,-310,-88,406,30
-325,5,786,309,928,-532,-153,267,19,487,652,-878,387,-440,726,-432,861,-91,-287,-556,-863,-396,734,958,-991,-860,-503,84,940,-273,785,-247,166,-279,11,-130,-895,-798,-670,-841,681,-898,615,395,556,968,257,345,768,-729,-264,292,-209,249,-484,85,-381,180,510,205,620,-918,400,558,-912,564,-245,-552,854,554,-140,590,288,-561,484,-896,363,585,-146,235,-791,-987,-554,-421,147,-19,892,-638,-730,430,-91,-876,-710,-948,-199,-707,-529,-801,720,-235,-160,-729,96,-239,-149,675,461,-194,-71,183,-302,-625,339,-955,544,-862,234,403,-50,-502,-492,404,-706,825,-92,-162,-560,189
-185,151,-73,530,-567,738,553,957,-407,-786,-830,559,-736,-603,199,171,-22,-534,-754,-551,-241,-221,198,900,321,992,718,-624,-829,-992,322,-70,918,170,386,192,-635,-213,934,-407,-560,-102,269,601,627,-481,-323,-253,508,-639,589,942,285,606,-595,-579,141,-114,923,13,-139,-759,321,399,751,-327,900,520,582,233,490,894,-197,504,-25,625,-308,-81,-952,253,-833,-850,-137,-640,758,-155,-375,-962,466,-300,92,-684,-853,874,-326,744,-847,-357,160,-288,-909,315,-103,-162,603,-749,-171,160,343,302,-542,878,-947,-447,-575,167,-535,213,555,-205,349,-883,-723,295,-914,-562,-951,-628
821,400,-116,382,639,-78,-556,195,-799,-237,677,-297,-781,244,-410,610,-347,490,-738,-639,438,329,213,319,670,493,-87,562,930,44,-20,221,-623,349,-166,611,-196,558,981,-237,347,858,-325,-395,-249,624,146,-683,-161,-798,-290,795,-238,334,674,-582,881,200,147,-132,-670,-431,-621,175,-142,700,283,-672,-253,669,-332,983,706,-663,825,-720,809,406,411,-879,-666,-186,194,566,-578,-548,321,-485,197,-757,764,-431,-227,-843,7,-197,-172,-73,30,127,999,-162,-614,-747,-225,-19,840,-499,646,-754,675,204,24,-272,781,-319,-927,-207,135,177,187,685,297,-941,-311,-883,53,-787
799,306,-478,-831,-326,-960,-704,0,-253,132,-606,502,-145,-526,660,302,490,-703,81,-589,-534,716,-657,-460,-281,-531,144,-276,475,-347,-793,244,644,321,-332,-972,882,-838,-436,239,-695,103,-446,782,-838,133,48,-744,970,868,-892,524,206,-673,577,418,-392,619,35,-541,90,-465,-588,808,712,779,273,312,52,795,338,-804,-318,-792,787,397,325,760,620,554,-791,33,962,-717,-609,-107,814,-583,-805,-897,-113,480,-9,898,170,-737,-140,71,352,77,584,-505,549,-565,704,-178,-489,59,-583,-830,-387,-768,985,16,-985,422,-729,-46,90,526,-335,-612,748,378,-681,43,978,728
253,38,953,-163,-891,203,909,-723,879,159,-34,863,344,-875,-785,-302,-32,-683,578,414,836,888,-925,-848,-694,263,262,-203,-89,-823,-120,-652,103,676,432,-471,-706,-475,362,-523,689,773,510,17,-532,-939,-732,-261,633,219,-779,443,980,-672,351,-968,-576,-237,-459,-499,-800,649,671,390,-529,-131,591,-773,-901,438,-594,417,842,934,306,579,458,461,-483,-284,940,704,208,453,-611,86,707,295,810,-201,-28,908,459,464,-469,232,-584,777,453,-640,585,711,-262,973,68,-720,-814,730,-150,-790,-32,-633,-10,399,564,-273,224,929,-158,145,-251,885,-435,-13,210,-336,-539,962
-98,710,803,-374,741,-550,851,-818,511,-646,69,-219,95,516,722,-797,645,-544,-128,892,278,-185,888,461,506,317,862,-480,666,154,-444,-624,-180,613,356,858,479,-427,-382,-290,-592,946,949,-602,569,644,-9,-944,-627,-21,158,-581,-976,27,853,940,486,-437,-548,377,581,377,-970,-943,-604,662,240,-7,-279,88,-601,-135,744,779,-489,-703,-695,-344,810,686,-57,931,13,-48,327,600,-22,998,-85,142,-4,284,-219,-589,494,-116,572,-836,-795,667,149,-475,269,483,-998,438,-533,-968,-687,436,-816,76,-970,-29,-639,-996,-636,344,-983,-683,-983,839,413,-725,-765,989,248,-635
65,-373,429,-642,-650,-150,-161,294,481,-760,-888,555,319,-80,710,-387,-409,68,-736,-956,677,235,959,957,-718,-404,-474,965,-700,299,-464,-616,-260,-324,-509,-146,-712,111,82,-513,-772,311,699,468,594,569,257,-853,269,-40,886,154,-793,181,-374,-895,-386,-224,512,855,449,836,-329,-979,-830,901,-662,-716,818,278,573,874,-62,880,-677,-146,-139,769,539,-439,402,475,148,336,-915,-384,-520,-286,816,746,-10,-924,442,-552,-325,964,475,-538,818,576,-163,-973,641,859,926,158,-15,619,186,434,-16,933,-713,-422,863,-334,268,-451,10,245,603,641,-915,334,-85,443,677,385
-906,260,-481,388,317,-698,-391,187,-371,834,582,543,-815,668,140,-615,-378,715,-29,-222,-40,-390,-245,479,-866,-880,-447,-828,136,-213,934,120,338,-923,446,-494,-514,455,-378,-668,386,-765,-490,174,196,319,707,859,839,178,-694,-890,58,572,-973,-885,-695,28,-600,-718,718,-508,178,126,-601,451,-74,-888,769,830,887,304,-936,530,-161,977,815,-425,902,831,933,14,282,245,-362,-821,-642,904,-179,-141,-949,336,667,-341,-256,-21,878,63,-698,-437,63,186,434,401,-120,61,914,-926,918,-396,813,595,-176,-232,393,-902,-996,181,-507,-326,-827,-946,-870,-355,-982,867,-123,107
-918,7,11,-185,892,-110,198,-147,-609,406,-456,798,-8,-614,237,132,-447,978,-431,662,503,-75,963,488,945,-930,534,260,413,-787,987,-152,537,358,-826,842,-725,129,872,46,504,-52,39,-831,897,944,-34,343,24,877,-86,-781,865,-126,437,-129,969,46,-782,-473,-723,753,458,460,-481,401,-39,-256,559,165,-510,-797,-184,186,-115,242,-945,282,119,-651,562,-411,-250,-354,100,-408,333,-617,-187,-823,-588,-592,-247,162,723,-683,149,-134,-423,45,303,746,-520,-185,-834,219,544,587,-610,752,11,786,687,807,-810,52,387,319,-666,509,621,-830,487,46,-275,-774,337,-411
-299,-121,-591,0,78,92,327,795,43,-611,-2,-128,238,147,677,354,-365,-368,367,-455,-805,835,-578,738,-313,-44,284,-641,-572,-139,459,926,970,930,-632,138,-905,760,-819,-353,994,113,745,629,-702,-957,-707,620,174,-7,-992,787,186,-911,981,-29,867,-716,997,-284,-819,765,-28,-384,805,-392,-533,-27,543,769,-166,-310,995,944,-812,-156,447,-972,-321,-372,909,282,46,-996,-256,666,108,-292,-124,12,-499,684,473,38,-760,585,-199,-390,440,49,290,-783,-720,-504,-470,643,-409,-808,971,200,-729,-308,644,-598,-329,374,-57,-432,-103,455,-747,-13,997,-598,486,161,-221,110
-8,-479,335,-222,-467,250,-911,-293,-135,-86,-353,161,-585,-780,-228,972,-636,-792,-952,629,499,903,741,-28,-730,-763,-497,704,-638,-549,238,622,549,650,-679,-234,29,-431,-707,563,-750,-815,-808,-675,-716,75,898,-628,-386,330,102,563,-313,-781,918,801,-815,78,98,731,513,459,597,701,830,-400,-26,580,260,-164,-592,750,-522,101,-726,-213,874,681,495,-881,912,481,-847,621,383,514,316,614,-560,-774,-258,375,-766,-661,-758,-856,223,286,-187,576,526,-386,-233,496,507,448,-250,-244,-183,690,299,-757,-576,-771,445,-181,-8,34,-136,-387,70,-209,-596,-832,-729,-112,674,632
846,-617,-316,432,-397,-429,578,578,-553,501,-816,378,143,-179,244,396,291,-322,994,933,598,-784,-190,-77,-461,715,-194,507,424,635,-570,495,602,-202,-41,148,-1,-241,266,-56,-973,-257,-989,-557,-143,-317,-669,-535,-482,603,-189,285,-892,-889,-72,-689,611,661,967,205,-337,911,-281,-702,65,972,-452,516,-280,-554,-184,818,752,780,-802,392,326,-147,-939,-625,445,539,729,294,330,330,121,-817,3,-98,236,710,-901,99,362,-117,-441,482,749,-766,524,537,323,-419,17,975,-352,-757,699,-94,-761,-770,417,-843,-965,982,-16,857,430,759,-640,788,-895,-143,343,966,-871,-505
-942,543,-83,744,635,-90,-447,-872,91,756,-498,977,-110,749,440,343,337,969,195,800,812,161,424,301,-87,-384,606,548,-227,845,-226,-885,-55,-53,-530,276,-665,-507,-462,491,-115,735,968,-811,-272,316,621,-852,97,-122,-337,-472,-162,-119,973,156,-952,-757,-969,476,-136,450,549,894,923,587,-182,182,-707,-907,406,794,428,721,647,1,-941,644,-420,-56,334,-681,277,-155,-40,148,199,285,215,-588,-522,247,-408,48,-311,-290,770,481,585,-393,809,-225,-417,-664,-235,-770,-994,-426,-831,189,200,998,594,-885,763,387,690,-337,835,-474,139,193,-900,203,170,401,-156,559
69,598,-416,-294,-215,-808,-408,-568,-475,266,-223,423,724,489,430,870,53,-185,-378,-209,-280,-599,-510,-673,-179,250,686,-77,684,-978,298,434,-425,-77,-882,781,526,-190,-275,806,-842,675,359,-618,725,-573,-298,811,-128,-215,-14,124,788,693,-560,94,-989,-55,64,-245,932,-687,-59,-116,945,438,-270,-424,-118,-58,-167,540,-638,735,282,-872,-308,197,-434,-385,40,332,-688,374,166,-571,439,505,-148,-546,601,-198,372,-769,-667,-771,680,-135,577,565,-174,-302,356,167,-600,546,263,832,-618,-531,-389,-637,-844,5,-566,-761,-988,931,590,-57,-240,408,703,-534,803,722,171,422
417,-16,-39,565,311,456,-867,426,-625,865,-330,358,-919,758,-965,116,883,83,256,128,-197,784,705,135,496,-438,-229,-451,-90,752,579,772,-17,668,143,-778,457,796,278,875,822,-204,324,83,-962,-638,-817,313,665,-747,629,-111,467,762,-385,-598,997,-502,-313,-741,-827,-341,505,966,312,-479,-680,-19,591,-476,295,-232,-798,-765,200,-909,-72,-106,-815,13,816,-87,-61,809,-776,-634,215,-376,563,-874,65,708,28,-691,347,-96,-750,-894,813,217,559,559,-636,-459,824,-193,551,-4,447,778,-108,362,-359,-117,615,374,202,564,130,324,397,-609,353,-766,-644,-925,-280,-325
328,483,-865,-906,827,-223,-484,-1,-323,874,836,-420,-286,975,677,298,-686,-849,494,-846,-668,-407,169,226,241,226,184,304,-905,-839,920,862,-763,938,-214,17,-541,397,838,-839,-131,-2,228,-226,370,7,919,357,38,205,-495,780,998,769,-577,-497,385,326,-992,381,-386,-488,253,-399,-613,413,-62,-582,-49,-546,-586,-728,-294,758,-72,433,-966,-339,-660,422,984,-764,-743,391,920,362,-739,104,78,757,346,-90,131,-250,-906,568,79,-603,922,-100,614,838,305,-206,405,-20,236,-295,-954,-843,418,-514,959,587,-67,-81,-217,-33,355,471,987,609,429,-825,-365,34,-996,-783
904,535,700,772,-880,-121,856,-998,-734,332,-131,-426,769,234,490,-759,-677,368,354,-272,-629,119,851,111,-395,967,-837,270,862,228,741,-177,-903,-369,-319,-216,106,11,-629,975,-974,-443,-438,-480,-670,706,-723,-179,-544,-866,-982,909,626,925,456,482,803,-935,-595,653,-253,-323,-777,66,77,-189,315,909,338,-674,295,532,425,-227,256,729,861,498,135,-824,620,-764,257,-868,-798,870,479,638,-45,-702,994,-699,102,-884,397,453,800,543,-360,160,-22,-780,492,-951,-860,448,-301,579,-694,816,110,246,296,853,-410,-241,-792,740,-597,-948,-893,-891,704,570,313,609,386,933
-302,-985,-439,884,412,695,-320,407,56,-958,-900,578,548,875,13,168,588,-383,-661,443,195,-345,657,-491,495,197,466,906,-421,-732,449,-13,551,-176,752,-550,265,267,40,-49,745,277,-874,196,181,895,-459,328,-581,-808,35,-106,-688,-703,-801,-259,156,-22,-526,975,305,-760,-519,-655,-920,-504,212,-416,155,-819,822,348,-315,-164,-829,563,-32,-212,-638,553,618,973,524,-432,241,-678,956,-813,-128,198,-818,617,-442,478,-259,244,-263,688,775,904,120,-605,-62,710,97,-944,-287,489,-981,-212,-818,737,-489,-614,-14,25,673,753,-179,689,-543,436,-916,845,-866,-540,608,884
-232,-262,7,418,-93,-915,-632,900,970,262,-286,-108,-43,-940,-981,660,-978,-34,497,-370,-56,-997,541,895,-446,407,791,-881,-54,-880,334,69,316,-847,-360,697,663,656,350,943,-887,-822,-645,183,-311,-735,30,-685,589,-974,-697,309,170,531,-161,641,-580,17,-38,-698,520,-696,853,186,587,623,-780,973,963,305,-778,-780,-576,-519,506,-968,-832,605,677,931,10,679,858,722,349,-417,-974,84,390,497,-463,-779,-532,890,-291,574,42,43,-139,843,-869,578,811,386,-322,-307,144,625,592,-606,925,751,821,-448,41,314,567,-646,856,-102,16,236,-214,-489,933,-145,839,215
-917,-938,813,-516,21,776,-186,-594,-22,-699,-265,628,-460,-422,218,988,-165,-579,-655,-205,890,165,654,406,-300,408,872,-481,-805,225,847,-31,-824,536,435,197,608,267,845,-167,273,174,701,3,-221,498,-423,-158,-407,-176,579,559,-41,777,-393,-93,-527,-502,-438,791,973,-491,840,935,-753,-992,-566,507,660,326,-266,-2,-412,-747,434,-589,537,-175,-343,802,394,-527,-602,-48,998,-594,863,591,-104,723,54,537,151,440,-628,881,-40,-888,-118,-186,-34,850,-905,-778,29,-146,973,-454,818,319,-326,68,789,-50,101,-421,174,57,312,-719,709,-283,-520,56,-361,552,-880,683
708,233,-462,-34,202,-814,373,-869,-901,-926,257,-759,546,-458,665,-65,525,-39,-640,313,394,-130,-16,419,484,-750,606,-441,368,861,-103,432,-763,-250,549,902,-538,218,-585,-309,407,641,625,53,126,-398,941,-497,246,-436,3,851,809,-368,-729,-493,-238,753,-683,245,-1,-849,-887,973,-764,528,-107,539,320,690,917,-417,194,877,-372,-286,-520,-683,-330,151,621,-649,-832,-444,-126,53,115,-387,-678,-674,-315,288,891,-511,976,-578,385,75,496,-727,-432,-56,619,586,-214,956,-416,0,-254,703,116,373,248,56,239,433,425,-535,635,-245,246,969,-146,-381,-766,967,-567,-279
545,68,624,816,21,204,-989,-170,-571,-88,-858,25,-72,715,122,881,-770,-947,925,-521,990,-859,942,-826,-417,-326,607,176,-324,-791,-984,650,-231,-907,141,-524,199,-788,61,512,-687,-820,149,-828,122,-724,282,470,107,-396,666,210,721,-812,861,223,-825,493,-421,410,-811,253,977,124,-579,-775,-926,-899,-316,-65,20,635,17,-870,869,594,-787,-84,807,-572,618,-348,968,456,-55,-300,499,18,-583,-151,-519,-615,156,550,208,101,823,-554,356,-193,450,-45,214,-584,-797,91,762,146,-767,-977,4,-886,-222,758,-506,7,-19,-847,-216,-594,435,696,-545,-512,817,418,105,-418
-499,787,731,772,334,-251,-518,-274,821,-785,496,-925,13,94,-938,-744,-149,-279,837,787,560,245,666,234,-764,-767,-674,771,-930,-30,-42,248,-971,694,218,-437,325,788,458,-626,887,-296,98,734,-818,-892,743,-187,-104,-119,-548,737,-190,554,-558,948,70,432,-119,960,-495,462,711,-21,-893,855,636,578,-864,922,467,867,-668,365,-120,-826,-934,-646,539,-943,113,-308,-865,303,820,569,-942,427,-511,88,857,45,-972,229,698,471,-283,-810,-304,-301,-453,284,972,-902,-497,-52,-27,667,650,174,719,774,877,-772,309,-709,-336,230,-149,-393,-815,-556,264,-865,833,-926,28,-424
749,-869,171,816,-295,144,358,923,260,-294,-921,225,724,-883,161,-537,-765,15,-146,-300,390,-287,-157,430,407,-125,330,-633,-854,-690,728,-474,-687,464,-965,-985,-935,312,-596,-910,-756,-487,-967,-865,-541,-465,717,471,241,627,-921,351,-260,337,366,482,-40,166,676,-847,846,206,-989,-990,792,-797,602,229,-909,161,-802,700,504,856,754,-147,-301,-43,125,253,-899,910,264,148,-571,-532,903,-121,714,-955,350,-16,176,163,-687,-925,-843,709,814,-361,396,-666,-939,-174,-815,-573,-213,113,244,-387,698,463,193,111,92,653,724,-804,-6,-805,44,60,524,126,150,-425,992,-497
838,-588,-336,-834,-770,42,-905,-388,-312,-737,-723,858,-476,434,399,-206,-863,-388,147,-776,-33,868,-897,-136,334,-153,135,270,476,431,30,940,847,-162,-85,-493,-737,513,885,-895,935,-398,306,188,284,-942,-527,-245,421,823,492,-724,-892,-751,861,231,-878,66,-860,732,-118,-418,535,440,171,-140,858,563,-280,-518,-599,46,-433,225,476,170,-683,-984,956,-174,-168,-94,-712,-107,779,865,282,674,-546,-633,636,369,64,635,-425,496,-100,-965,576,-82,-974,-500,696,475,-451,-143,-163,-611,215,-894,-729,855,-314,70,831,769,437,-200,634,-994,-453,-841,698,809,-355,342,905,37
-585,-471,475,168,-810,-620,-466,-81,-310,852,992,398,621,-937,-916,939,-848,779,540,627,925,815,898,-964,119,235,-439,836,-878,-110,541,697,912,212,405,-56,123,-407,-413,-17,785,742,592,809,965,-505,515,-805,971,-136,-333,873,768,910,120,236,-104,200,719,-686,399,-640,-493,724,425,-45,95,-311,-668,-804,-816,-693,-132,-217,-436,-828,-219,468,-771,-131,-622,-735,932,263,-587,427,386,-387,397,-633,825,-531,-593,784,763,475,-670,-651,-149,-266,665,-509,911,-604,-560,293,-63,795,422,-378,592,-748,-271,-445,-443,856,-964,-833,-438,915,-713,-131,-791,-593,163,-680,-209,369
-673,-230,-166,290,-46,740,177,913,-35,-994,-337,376,-883,-564,-86,655,9,-307,239,884,-261,704,241,963,581,865,-947,-542,-520,-761,-731,339,828,586,518,-238,924,-173,920,364,751,-762,-867,255,-256,384,481,573,174,179,170,-675,-413,-109,920,621,-970,492,-543,551,-934,-749,922,970,949,994,429,616,-820,484,-32,303,-525,125,-581,391,858,656,109,47,-827,156,-410,-196,-691,451,-957,273,597,-921,-245,-236,-324,461,-697,-464,123,527,926,-832,-224,459,867,-809,-993,-337,427,-246,936,18,-643,-507,-181,516,-142,-901,-977,521,172,-587,80,-435,793,21,-868,-750,-108,854
-904,-885,486,-309,889,923,-597,605,-104,336,238,-948,599,99,-194,-424,-33,41,-122,-414,461,382,-267,-70,-605,827,73,435,797,297,-386,-808,-444,857,593,-375,272,983,399,-960,179,275,-121,-764,-743,-362,317,-416,597,521,783,691,-591,297,776,-872,-502,426,643,47,-40,-274,-912,125,666,-186,425,-606,-142,-18,-781,361,-521,-55,955,-535,801,-15,-594,-384,-588,-371,-478,704,-907,-375,970,898,-521,697,-943,-408,-241,864,-934,-444,-980,-225,-12,-486,451,-129,382,669,43,523,-172,-561,-796,-333,520,-421,-456,302,-265,936,351,-392,-187,-227,-582,-156,-718,-119,-723,197,516,266
-874,-124,-841,979,-802,715,134,745,631,847,-870,513,-926,422,299,574,-702,33,322,258,276,-228,712,-482,-23,85,187,-928,53,484,-43,-102,-596,97,331,915,-713,-617,197,-867,-828,790,941,-929,577,300,250,707,868,485,-886,273,-912,582,992,63,620,-377,682,-212,241,70,923,-25,-769,454,49,294,-978,279,172,-783,-670,-776,-519,744,-581,777,995,957,617,109,694,962,802,646,-634,-573,529,-278,14,-848,-823,-667,-730,261,716,332,-998,940,-834,-247,-104,818,-454,930,-964,585,695,339,497,-875,-608,-900,-886,369,445,745,3,305,-221,-794,-795,513,362,-408,-249,-22
-45,465,-471,-442,225,-988,-687,-797,-892,-943,653,842,275,-541,696,-474,69,-356,269,-491,828,208,-113,574,-801,-46,829,-897,-105,606,772,-394,-183,-158,-839,214,288,-176,-404,897,303,603,586,-78,-451,8,-214,497,420,248,-854,610,-102,-436,570,-517,889,137,-195,865,-921,-953,855,-543,-862,-319,322,268,-126,140,547,922,646,512,-56,-12,-48,-573,-814,-301,-889,-152,252,323,249,-345,433,155,-612,351,-41,-123,-454,151,-821,-601,-313,450,-780,275,299,-448,-26,174,-793,86,282,354,779,-839,-992,287,-293,-397,920,127,-17,-149,574,-836,-208,633,80,-682,397,984,147,-770
-381,104,26,-205,43,-323,-430,-824,-897,569,-686,-563,-890,488,813,-427,984,850,-36,-534,-58,921,-190,290,-5,356,528,-258,-570,-790,-856,-550,-965,321,-575,-893,168,204,385,353,-824,-276,-844,428,171,9,-929,673,-16,985,-287,595,954,337,-429,-748,-797,-417,-808,-954,-948,-201,-589,-976,911,799,164,-964,-881,949,630,-38,-597,635,557,-717,-948,-72,-413,-86,-131,-188,898,989,-3,548,678,203,-857,89,104,519,-232,-319,402,204,487,97,-498,320,-254,523,937,-856,-983,989,841,-188,-516,-792,-630,-565,563,586,474,-870,352,360,66,377,456,-813,647,349,-181,-132,-713,373
367,355,-383,901,-352,558,-186,409,-904,-234,654,-597,408,652,-554,190,137,-189,-878,299,-662,-615,600,578,564,424,517,-519,-714,-359,-975,871,649,-601,-841,-772,811,-194,-195,574,-313,218,-720,-799,979,-341,-96,68,678,-224,86,400,766,-7,-337,-559,-590,-693,-267,12,-319,768,537,278,346,-395,709,-601,-532,-979,824,87,-511,-161,-70,625,886,-986,-116,97,-459,-356,-199,342,759,749,-706,-442,997,-113,329,870,639,-923,-642,-176,-965,-797,469,438,-245,955,563,15,-801,-466,-610,914,320,866,199,495,-172,377,829,565,706,234,-957,668,85,654,945,938,92,994,90,-827
993,901,-907,-281,344,-139,766,-342,-648,-91,188,-513,-965,339,-959,-188,-936,105,-27,-189,-728,568,-789,-558,-995,-971,128,632,978,-976,680,877,989,-716,-716,261,146,497,24,676,983,652,-344,441,-764,-60,-677,-849,958,561,-267,885,167,-931,215,585,443,-784,-17,856,368,584,826,903,923,-734,-34,-848,-593,790,-251,828,76,-62,-754,385,940,-597,-36,981,953,-682,689,-44,312,281,-326,769,-608,-964,-898,140,-994,647,-553,-354,-822,-516,-809,-420,-192,76,-159,-985,-768,702,-488,-540,-286,-854,-728,-749,-928,-311,159,-625,609,-130,-981,134,720,935,707,-363,915,-99,-526,661
-104,-677,-134,279,-874,-692,373,793,-279,954,603,445,425,240,-948,-756,-296,982,273,468,-220,-743,609,-740,-990,-325,907,-876,-604,970,-482,-44,655,-36,-951,-412,931,743,-925,-724,-831,-900,-662,580,478,543,269,566,400,421,-266,568,985,-871,-104,160,-4,656,-542,-77,-891,-393,911,642,-333,-299,689,-368,157,739,925,179,-142,24,-247,993,117,-977,-2,-395,328,-697,-319,158,755,439,477,-20,793,789,168,-830,580,871,691,588,762,997,525,-674,-13,151,-723,-930,-854,216,582,587,-68,304,200,-695,-607,137,727,113,606,-943,-401,-712,-889,-483,-807,-271,-671,-220,-164,20
-706,-948,600,519,329,-464,-1,326,-417,-40,43,-763,917,408,370,684,682,-863,-261,331,-209,544,-147,416,-304,699,-255,900,235,-63,-189,-272,-265,694,-39,799,90,267,828,725,5,580,593,-32,248,-816,-256,-55,443,-836,253,730,162,-286,740,-448,-637,-38,-579,-387,815,676,458,889,330,-64,-637,-103,961,-718,-422,45,-252,-168,-707,-220,358,420,488,353,-279,-912,506,-993,-950,-445,235,-77,161,-768,-821,-316,-198,63,-247,63,-577,-333,-950,-990,-167,458,-511,553,-817,418,922,-929,-861,-553,-764,-843,609,-595,-933,-881,944,168,-952,-580,514,-520,32,-104,-364,-64,276,-338
432,-335,646,-467,-386,321,224,-82,-31,759,-839,-888,-300,521,194,311,405,684,-443,680,166,-115,-730,-595,-432,-148,-83,-230,-344,474,694,-845,550,130,-471,241,956,202,-15,938,593,601,-475,440,-781,804,745,-693,454,-847,-729,889,-208,59,765,107,-675,-661,636,381,515,-890,778,497,-351,363,-831,-57,708,-942,-711,-592,118,264,-823,996,173,303,123,303,-59,659,-436,-402,158,-893,-180,-399,921,-936,-634,-956,-377,489,626,189,429,375,-973,-331,946,759,940,310,-219,155,949,970,-991,869,-933,440,325,-621,-527,828,-331,-647,-583,924,-482,893,-795,-752,649,-667,-585,-531
669,-576,327,-296,789,938,260,-663,-910,432,-572,730,-578,-523,-783,258,178,-195,-14,202,-670,636,-898,-948,-556,-573,-582,484,460,-332,-970,809,337,251,329,505,-219,362,-90,563,401,350,-534,-470,-99,427,-358,133,-270,940,641,-173,31,897,153,874,727,396,-342,56,-430,-336,169,862,-419,-569,788,-847,-928,-203,-188,-689,495,-362,-88,-623,701,-116,-601,-297,-850,998,-274,-243,-850,-373,311,-592,156,993,518,-255,239,63,849,-312,-911,249,-718,-248,319,-269,865,-978,519,633,371,-173,-733,-154,-759,14,685,-56,-545,-459,541,854,-686,979,959,463,-737,966,-578,-894,-226,-49
156,-821,733,-263,-955,184,189,645,-492,-475,790,653,497,508,68,200,-51,-276,-886,-123,216,-724,792,815,-739,-361,-855,686,284,353,-621,-234,-383,532,132,771,-93,-698,370,-545,-829,765,800,-511,916,458,327,584,315,-26,-583,85,-463,-52,-605,-626,-471,-219,703,587,554,522,241,928,815,-893,472,303,419,532,853,-286,149,-368,581,912,-55,-690,-307,72,484,477,902,284,-621,-116,-978,-113,6,-443,704,732,-504,-492,590,-10,841,-375,-635,-131,-875,-898,428,709,-261,804,-623,-909,570,-697,371,-646,-154,963,-615,261,-577,977,-535,-246,888,78,-460,-975,-292,442,-857,-76
-98,635,-223,-729,989,-111,-329,733,340,-496,283,789,695,231,581,958,-476,853,-244,492,883,-721,427,571,6,240,756,-760,437,-870,-888,563,962,828,908,-764,-995,-707,-760,46,-169,184,212,-214,-724,85,-899,24,-906,862,717,-562,-554,306,-931,-303,715,265,-106,213,-782,571,-807,269,312,619,-907,-378,-771,-707,531,-616,-914,668,-516,355,-969,-836,400,-29,-900,442,-817,432,-913,-42,-351,76,462,859,-74,-657,-726,325,-468,672,911,207,555,559,-55,995,905,275,549,-587,405,-831,950,286,-973,698,-244,31,317,-592,928,-611,-51,377,718,-95,51,-291,105,-993,770,-614
-310,87,771,-258,25,559,455,-131,-133,-437,593,-284,-823,661,558,-477,-535,671,823,-486,349,50,-937,-194,367,211,884,792,-145,-975,801,-151,-835,-599,-199,132,-235,81,-808,591,930,697,-354,558,-481,-672,-364,555,8,689,919,353,-351,-377,21,-683,446,-938,989,-969,-255,788,-620,529,717,913,677,618,-314,-747,36,-600,246,789,-473,916,249,-102,-39,-827,935,366,-212,-832,94,313,971,-941,518,-741,75,-200,631,824,752,-754,-216,195,192,-989,731,-624,-480,893,415,115,-86,660,537,-606,584,-453,-397,-820,63,914,794,-478,-69,599,768,803,-451,-391,-829,155,-938,-503
-621,265,506,899,809,-520,-651,-924,-731,891,-631,908,346,284,284,-64,933,248,957,-80,48,158,-489,-482,-230,411,726,772,-37,-830,796,-406,-375,-162,-626,-65,-210,726,-403,-732,-336,345,344,-960,-84,-942,37,-96,-147,-587,915,538,-418,364,-947,-300,-282,-557,-682,534,-412,996,704,-758,570,295,-301,927,605,-562,-718,230,67,-802,838,157,-909,-774,356,248,512,83,-832,-940,-310,-383,578,-159,-496,936,811,135,713,731,-43,-77,949,706,-120,-378,756,570,294,-79,398,156,-975,361,-370,930,30,-164,562,-383,-472,263,481,-389,893,962,173,307,573,-324,-85,412,621,375
547,-921,556,171,-975,-297,323,-385,790,886,-580,-781,-953,910,94,-100,319,241,-551,-240,92,245,572,313,129,-60,158,459,539,-77,-823,-7,664,971,153,-693,-870,507,93,-221,949,228,576,950,-7,-140,-869,-341,-390,-320,-233,745,-848,-165,-420,-796,-997,-793,-103,232,15,-128,705,845,-633,-944,-372,313,265,48,259,958,-895,638,-664,426,-79,49,498,617,-862,-619,-152,456,-233,935,-412,571,-308,120,387,728,-870,370,747,-116,-521,916,-498,-43,880,624,895,-307,-446,496,528,-306,375,-847,-203,-504,-656,-166,-641,507,-248,-928,893,-192,-813,-801,831,875,298,-757,-870,-534
-287,-876,64,411,-976,320,475,-948,347,908,59,-269,554,746,-508,-391,-526,342,16,-208,-36,953,617,-121,419,-262,-720,177,-258,-439,352,-767,-526,444,767,433,-633,354,-943,585,-915,-506,-359,477,612,283,453,-349,-995,-691,39,237,132,-701,-998,258,-98,904,376,926,504,57,379,-587,629,796,181,393,-91,-28,-546,384,-178,-451,489,-980,450,-798,492,35,376,490,-593,628,26,948,593,-241,-670,641,605,921,-816,-444,25,411,-102,518,409,290,150,249,987,326,-788,-58,634,-77,892,373,979,910,71,-788,-976,802,-273,577,-535,-434,75,629,-954,871,676,878,-124,-967
-961,-620,326,-75,170,849,350,-427,-686,-169,515,341,530,-417,-248,724,148,73,-728,725,8,520,-615,-483,-270,-278,159,-152,-447,-791,-232,-754,-175,-138,-976,360,918,-932,-170,968,851,-107,433,-777,399,-219,219,139,-226,-360,737,257,-637,-291,379,-232,27,-437,-631,-806,-349,-374,-170,460,541,711,-629,-712,260,-784,963,562,77,-922,-392,174,164,-690,-574,-271,264,855,-631,-132,-808,-504,115,931,-199,-604,909,-202,839,-479,750,165,-130,397,-238,171,110,722,524,-197,-65,781,-334,-241,-69,-963,775,-107,763,426,-248,539,-442,-661,-657,882,-754,354,649,-706,142,-95,509,-17
-469,-88,-43,508,819,950,662,457,-900,-408,-177,-82,594,-371,272,492,-632,-782,880,481,-904,-774,766,421,-108,19,-850,446,879,-986,-925,-452,-802,866,-849,-491,372,-606,377,455,428,733,-120,-27,-344,606,-890,-467,812,-965,44,632,379,321,-599,-246,-942,-286,-1,570,-989,859,200,-585,212,-408,979,36,-642,818,-688,334,-67,-575,-393,-673,-704,607,-197,204,633,588,-307,481,-603,-222,-687,351,-133,551,706,-432,-806,-797,-444,-430,-155,709,278,416,-803,604,696,-813,-190,516,684,-367,-251,423,-56,908,944,97,891,260,-869,-113,611,-638,-497,512,-800,-714,617,493,-957,143
322,362,-963,757,341,225,512,61,545,-518,-882,181,105,-890,-544,7,-432,646,436,-12,863,797,-933,892,-909,-44,-202,513,181,-888,-937,444,615,-943,644,46,-715,326,237,121,423,-206,557,113,-150,-781,561,-980,411,-561,-713,453,635,385,51,835,472,885,-517,250,921,-617,-566,-367,-761,-989,225,6,-139,233,389,899,842,107,-993,-469,878,-698,-993,-726,-775,-379,626,-426,55,-318,506,884,202,989,-123,-627,880,663,881,-863,81,219,-380,415,873,677,97,789,-122,473,991,115,-10,-640,-620,-699,-535,-213,522,-319,484,-45,236,631,207,-453,-687,-506,97,722,505,-736
-322,629,572,-323,680,-22,-196,-598,870,-108,-94,-817,-385,89,7,664,-106,-874,-394,-437,373,345,372,305,483,-856,-648,159,-845,929,-250,443,-894,265,-273,-883,-520,-804,-847,84,413,-399,-795,-123,-796,578,-284,-121,-839,986,362,-90,-276,-889,544,76,915,-137,-819,-907,933,583,574,296,605,-380,-565,402,404,410,63,-529,-342,-904,535,-801,750,95,238,-274,-130,-360,-477,-495,879,118,965,2,35,161,933,855,-350,-407,-284,-117,391,317,288,895,-386,566,-403,-684,382,-532,-674,280,-967,260,559,366,-52,-456,506,989,441,939,-321,791,123,263,303,-988,-986,363,-987,-243
961,223,183,-474,101,-795,-545,709,632,-808,474,-601,-907,717,414,398,189,-239,-702,-240,-715,-809,-449,-514,61,-873,709,-236,549,548,362,868,-102,923,216,339,-361,112,103,-809,-265,-124,793,670,-140,967,913,160,791,440,-62,745,-915,90,6,-957,919,97,903,-435,-105,443,-263,290,-255,-836,658,-354,176,-802,312,82,131,-82,-906,670,-31,982,-344,-290,467,784,-862,913,-850,250,636,355,-966,940,-896,117,-638,-473,-299,71,-199,-255,757,380,958,-481,662,-822,-411,-332,-416,555,-353,258,-879,309,-912,178,891,-72,-482,-569,-189,-834,-767,650,546,-292,351,-384,-939,754
882,-145,532,477,999,187,148,-772,149,-511,47,797,-943,320,783,-886,202,-623,153,-405,851,431,440,474,340,-334,363,-989,642,-401,571,887,278,-431,300,359,745,687,62,-725,174,174,587,574,779,-376,-843,-63,-758,-617,884,-245,107,904,92,719,-620,-95,-682,87,298,-221,772,-668,694,909,644,-753,-229,225,901,-577,-994,566,305,-696,-560,-627,-138,145,-883,-705,564,-861,-124,9,-864,-274,-624,-285,-207,-775,909,468,-661,710,70,-768,28,761,813,-612,-111,-207,-638,-511,-126,-602,854,535,18,778,714,-276,-54,-478,-885,896,864,437,845,-682,-336,577,724,-345,347,-509
-143,-708,932,900,-657,852,-580,-156,-528,-816,46,607,-39,360,616,-584,10,-636,159,-821,564,-524,390,652,947,388,-198,-591,470,-360,-343,150,-509,149,250,-733,-475,251,-839,48,126,-56,793,-612,-69,160,-157,884,330,-395,-962,-547,-247,423,816,482,-429,43,-833,280,801,83,399,-766,-111,-318,-211,949,-74,-603,719,-595,157,336,-900,144,-676,792,815,813,-961,-88,-243,10,450,88,852,782,-872,-12,797,-874,-282,-20,-43,-78,840,-117,650,-916,246,792,-489,-446,766,-192,-455,296,656,129,895,282,-729,785,641,-889,-94,-149,-494,-280,-186,-876,550,409,-233,-966,473,432
541,839,-148,-274,-607,305,485,-577,-408,959,741,-803,671,301,-150,-678,97,313,339,-794,-423,158,-338,630,-895,927,-564,210,528,458,938,975,141,871,793,-625,186,-754,39,47,-635,112,-304,508,-619,-356,-764,-188,-690,-665,710,-273,7,8,-394,-836,-336,-359,-823,-979,-747,15,948,-911,715,-917,-140,762,390,-407,209,328,-355,-595,-702,729,634,32,968,815,324,-846,-783,-793,-479,-457,800,761,-668,511,-114,45,784,311,-611,-95,813,-508,-39,59,662,699,393,-540,878,203,-227,-90,691,-440,705,-171,990,803,-61,713,-315,540,-281,41,175,989,-236,242,-534,397,970,549
-861,-938,-233,-479,-715,-56,-248,779,-581,-694,-335,777,-282,284,385,827,-115,23,735,994,-952,-192,-933,-632,-17,-591,-608,-382,238,-130,659,383,-609,291,564,992,-204,-910,740,-434,33,860,-2,118,-167,-712,876,-567,262,778,-759,-510,-686,956,-896,-708,-648,643,983,-20,-872,-268,-885,-927,870,-835,-198,534,-914,-140,-349,367,-37,-563,-104,-725,-96,-498,-575,-717,114,881,770,-317,-422,-835,468,284,-557,272,285,292,786,-603,876,280,-507,624,-387,516,-863,-490,670,308,106,434,-512,-193,621,658,446,530,-18,-690,978,584,-920,437,120,-267,-490,-735,-106,-152,-226,933,-607,-665
201,-554,268,324,-224,-113,-763,-615,946,-538,384,443,580,-474,-934,-715,99,512,849,747,-823,-225,965,851,301,-722,-895,-194,652,384,224,-761,600,914,-350,942,68,290,569,-263,-822,315,-324,-768,678,-634,-889,-569,-170,-470,-197,-860,-884,-179,-178,-445,138,-31,-540,635,-771,-106,926,-524,569,613,-921,-475,927,12,284,330,234,822,-876,195,745,-921,305,324,-437,-721,881,-355,-363,594,864,-812,932,-665,62,267,746,216,948,-727,-500,807,118,-688,-184,90,447,-332,464,-782,-944,-936,-917,509,766,891,386,8,192,-688,-281,193,-713,496,-136,552,651,104,-584,300,707,82
14,908,-948,-600,-742,-832,656,497,-319,997,519,-249,698,-687,782,-575,88,-500,587,-790,-654,912,12,402,480,-1,108,-523,240,789,367,939,120,-530,-288,-569,365,41,92,-874,259,766,-216,802,977,216,-539,249,225,-354,-33,107,-945,558,358,73,-895,-323,-772,36,-195,-585,-133,772,379,346,-360,-282,-33,567,-212,183,-790,-52,-662,61,433,840,423,274,40,427,-532,-528,32,-356,-408,275,-602,834,-241,-26,312,-927,-47,555,-270,903,-188,-120,-21,199,738,-648,-811,-497,223,-786,542,-611,980,925,-322,197,-528,362,193,533,-902,-749,253,138,-120,278,-500,-394,-324,-891
-654,892,86,-873,314,-85,-17,-718,-940,121,643,-224,354,236,-790,-835,-373,470,792,400,553,644,871,729,828,892,319,-701,-798,-776,309,-750,-564,-977,-864,-455,-390,78,-745,-972,269,-606,467,-692,-253,-897,-668,372,-53,155,694,-783,-563,-281,-537,-318,-527,322,260,884,-966,72,-13,-819,-731,-635,-765,-153,-885,-411,-223,-867,-744,-221,657,-15,-233,89,595,755,-506,598,606,-885,-162,167,637,656,-143,897,-884,-852,-617,-142,623,-855,-352,-688,-118,499,880,-406,903,781,-57,844,336,835,879,368,-703,197,254,-834,223,-956,-702,-517,-975,-564,-232,440,916,824,-821,465,-594,-425
-948,441,-334,-79,-622,333,-142,311,-364,-468,762,-232,40,783,90,-709,538,242,297,632,-327,76,758,-969,306,114,-553,-280,-676,320,-781,802,608,11,-235,637,488,-224,-772,-585,932,-274,921,527,60,-638,317,-924,771,-207,-667,834,980,818,-8,-470,-112,-227,626,-339,595,836,980,-171,-963,-626,82,826,755,469,252,868,-26,804,-664,192,359,96,-844,105,-611,-132,-337,330,-669,772,-756,641,-322,350,299,-914,568,507,393,-427,-316,148,585,993,295,622,870,829,-314,853,91,282,583,-353,-447,-979,86,-412,-526,-483,829,275,-171,910,-865,-114,-864,-594,-542,457,-474,132
626,231,975,196,-174,-777,-985,-542,758,495,-373,507,-317,223,243,181,-278,-740,-34,-478,570,-854,831,-904,-754,298,180,206,-328,721,432,-475,134,-8,-902,843,559,-681,-61,10,557,645,-502,-889,699,-290,-820,-445,118,94,-740,-194,-131,735,545,-843,-853,889,890,870,-852,914,-833,211,440,-752,-900,-202,243,-540,-57,-139,-793,-784,-2,634,-711,-227,-527,521,-756,554,647,929,-195,777,-535,-199,-583,-882,-417,164,701,-211,-20,-318,-528,841,613,-319,752,-650,928,198,673,-137,337,-17,273,-166,423,870,-782,-417,596,-799,-111,-290,-804,-490,-562,-958,-468,170,-483,245,606,-534
856,-43,-83,204,-943,-1000,-464,-461,57,468,237,-13,472,-642,-949,-526,856,-511,60,689,-71,-883,-223,-984,395,-450,-843,-551,864,-479,-290,-458,751,-454,-296,-332,-553,-832,-465,-697,687,-338,-969,-404,923,-110,-607,244,167,-962,509,640,80,747,-539,-744,-652,702,951,-595,619,864,-281,-736,577,916,-439,604,162,-724,-687,651,-532,-390,471,-286,386,654,-715,-862,454,658,249,552,5,-206,-96,-985,748,512,208,76,-368,-426,548,734,-582,-928,608,162,-142,953,135,-516,-28,-889,314,847,-39,345,-624,-868,-589,-700,-386,-753,-906,-343,-992,-75,-691,-166,64,981,-824,72,467,488
254,-773,-523,542,147,470,214,-549,-255,595,-663,-525,-356,-245,-202,749,-121,268,414,764,-49,282,610,701,380,358,-259,339,-641,-952,-395,-844,494,855,-671,-550,725,536,-648,865,430,-532,-242,-749,348,-832,442,831,150,41,399,-732,-477,-178,-494,374,291,-118,654,-218,115,908,879,956,470,-463,40,731,-244,-631,722,-816,-805,748,-276,271,-53,-212,-751,-159,803,575,-43,-910,-590,28,417,-563,361,388,-955,-53,-510,-648,-572,802,-283,-481,941,-44,428,247,-999,629,-999,443,-674,-970,821,-71,-78,313,-999,847,-842,-84,-825,-683,-233,815,-198,-928,-264,894,535,-289,-424,405
833,234,-640,563,557,-582,-249,-661,24,743,210,-325,-750,478,-378,-69,-772,-668,606,938,820,-228,-796,-417,903,-572,-197,119,75,-747,-907,-500,-823,71,239,-54,871,-236,-917,43,-479,-538,-248,919,-423,238,-371,-895,-163,-631,-960,16,800,362,-932,210,-479,-286,462,-476,842,843,-988,746,216,-552,378,5,-643,-805,-23,-963,435,-850,130,227,-412,-339,-76,677,-933,887,-897,111,388,916,688,-557,-8,-242,511,-418,125,-564,812,424,765,-107,95,621,-916,-310,-122,710,544,208,-580,-340,-424,218,-882,745,-354,-13,526,482,-918,746,946,886,597,382,956,-50,415,-829,-208,265
317,-350,106,-327,438,-206,546,411,921,621,946,-922,594,-702,-831,670,424,-388,-858,378,689,-562,-566,930,-214,-450,968,490,636,-760,979,143,-185,65,-377,201,842,585,-339,-981,-611,677,419,-500,316,-780,40,170,361,292,-113,-368,296,988,-145,-589,774,-166,39,444,729,-64,-67,-455,-493,-908,221,629,271,-119,-446,-559,-62,-948,52,916,-4,390,849,-200,-353,-101,-757,-876,-217,-232,134,437,-451,-891,769,-545,-746,-992,87,-110,450,-502,285,-290,-463,396,583,968,268,-737,-624,-4,-50,541,993,902,-688,869,-567,-290,-19,-889,492,105,77,-484,-21,429,-784,351,748,430
-999,-58,-561,-930,360,192,-625,-817,937,215,-30,-356,-959,-365,585,-192,-880,814,265,-175,-749,696,-676,-947,-860,-885,642,-345,-560,777,394,-858,-48,-895,540,-366,-271,-270,-54,243,862,-268,-450,317,-879,974,638,-46,-753,595,166,313,183,557,-943,-86,-970,482,-585,544,191,729,-534,-955,575,-458,-507,-364,-675,-133,241,123,-780,513,-31,-384,950,-57,-839,478,-905,-499,834,790,195,84,-605,393,629,-799,968,-895,-546,679,-301,514,73,-508,224,62,540,531,-176,989,613,-229,828,-699,-367,-660,-449,-756,-375,-522,363,736,237,-585,245,-752,-163,-730,-426,4,-654,-951,64,305
550,-288,-480,-157,-604,-647,812,-988,-458,-949,161,926,-7,-379,-138,-368,-537,95,129,36,142,145,124,-218,-380,354,21,386,288,237,722,767,34,394,-130,-7,-642,-863,512,116,761,-287,624,-760,220,319,-270,-606,237,-838,867,983,-460,978,-720,590,-234,191,-92,-253,-765,569,98,-71,-629,466,503,267,-229,538,641,816,-981,752,452,566,-404,94,308,-122,215,369,-661,-583,271,206,620,136,-326,-304,169,764,-230,-150,500,939,-819,-913,-346,772,396,628,-637,-499,546,-409,-762,-255,863,-458,-916,80,-491,-589,-691,-222,-816,269,-30,-391,66,158,953,289,-598,366,-617,-739
-295,308,288,796,622,380,-892,490,343,761,290,-399,-693,980,-228,-478,509,578,946,746,-118,597,-311,36,-296,-11,553,248,-250,662,-757,-291,-3,470,270,-742,-707,808,-179,-133,-881,888,935,205,-811,-479,-560,-254,364,-767,561,-143,654,-669,45,542,583,-147,-420,-618,153,19,-761,119,-102,-726,-545,968,802,-593,-687,444,-82,193,-684,514,-807,-333,-376,-985,457,-106,246,695,27,-774,-697,421,559,755,592,520,-999,134,818,76,-122,-267,252,-877,-93,-452,-161,74,755,591,-992,28,467,-880,150,67,181,105,44,187,-624,179,-317,788,289,888,-842,444,774,586,919,803
-616,99,-634,-972,-997,-977,-827,-107,71,818,522,920,973,-97,31,-296,58,954,213,-345,-216,-556,877,-499,355,321,-836,858,365,563,-195,-594,15,689,297,-23,25,-841,713,569,508,-222,838,-201,406,61,60,310,195,287,274,14,-370,-64,180,353,770,197,-37,698,-395,560,-56,-859,573,686,108,243,59,-144,-264,400,455,-978,65,828,275,-351,901,150,173,68,440,-544,696,853,-829,87,-132,-895,518,-763,599,-944,375,-505,996,-696,421,-304,-64,709,61,-667,-526,577,-144,-481,982,481,-139,354,138,926,664,233,471,384,860,-359,-697,56,439,334,-171,-480,119,-497
913,294,-694,753,-382,-216,438,-767,-632,-568,781,-846,-654,440,-974,616,-246,-860,-573,-884,-357,-107,-317,763,594,-633,-303,223,-712,264,-220,-875,159,-763,-492,425,464,909,-724,-238,251,750,-108,-853,-194,-756,853,735,45,985,-134,618,-268,-423,-967,-522,344,554,-533,-847,700,-795,-80,-792,707,942,414,556,311,739,-296,980,-666,573,383,-612,-435,-426,662,-444,-997,671,-496,-218,-518,184,356,-294,-295,633,-505,-563,-203,826,560,-357,38,920,907,-778,296,-815,-870,446,-91,989,963,412,53,571,-693,84,485,-81,342,268,256,-260,338,-133,479,-868,827,24,-526,-262,-256,-416
-26,-951,-826,572,-296,-555,-460,-366,417,38,776,454,122,82,-587,286,-680,941,83,-352,-440,-338,990,438,-184,146,-642,-542,894,-653,-178,-317,230,-818,-215,-808,-420,-153,-499,-648,-887,-680,-659,482,-520,117,-938,404,238,-812,761,-229,-131,337,-235,89,427,350,-381,-294,-88,379,-311,-434,74,96,784,-173,-326,-408,695,-594,-220,-530,-772,-168,-992,800,32,124,-777,178,589,-588,-600,723,-307,689,879,-60,251,131,-227,-689,-364,972,-491,-411,411,-710,-820,877,224,-874,-63,228,771,547,-54,-611,306,0,26,-635,-514,61,167,830,-506,923,-214,-919,517,-711,339,-144,915,205
415,655,561,131,310,-632,-886,281,-561,896,-313,-984,-421,-362,177,382,-545,347,-170,-915,-276,-297,500,-820,81,-264,-483,888,-546,-756,539,-126,360,2,-878,-533,-767,-447,145,-208,283,320,-136,-95,-81,-428,-370,492,638,713,-158,207,712,-291,643,703,-930,-611,-892,-620,-547,-914,676,-20,-336,-60,635,-705,-113,142,20,-952,688,-647,-258,-69,-347,993,-998,-310,700,-513,316,-349,860,-320,-520,481,430,-518,488,-387,475,-587,-546,-784,-438,-968,814,955,-31,665,-335,130,731,656,-525,-741,618,-720,119,904,-854,653,-369,-488,502,91,-37,-941,-271,-773,-756,-932,-472,-191,-996,-132
563,141,-154,-200,-407,-284,-708,610,430,801,769,-424,355,345,180,-355,798,586,-149,556,320,-309,-326,580,-142,916,26,581,550,580,540,383,-75,132,-631,-672,946,-51,-773,-921,84,-593,-601,-366,-684,-435,-349,831,776,344,-96,437,-168,-38,268,623,173,413,575,513,-798,623,506,238,-928,278,885,330,814,-319,916,-818,-828,-501,-460,581,-10,-424,989,780,-880,233,-618,-16,54,-817,175,-66,-49,-702,-938,-672,943,642,827,250,-342,-941,-468,-24,-584,777,-606,133,-25,-747,921,581,-159,462,-72,233,-497,83,697,991,582,446,602,924,720,-657,336,79,-125,-977,-346,392
331,-275,-11,-503,-161,452,739,968,-308,-965,-115,877,741,-840,-349,244,-777,-878,-741,835,-379,30,-147,-598,-554,928,-39,-339,-483,726,669,-742,-512,348,218,-58,900,811,-685,722,548,589,519,-640,990,-338,-94,933,277,-223,865,-229,418,510,-539,-933,509,197,-219,292,594,965,-556,-90,-153,-511,749,-855,49,218,298,824,-670,-206,320,-20,-862,-957,755,285,-631,726,297,-826,415,-571,-390,-234,375,-524,99,-464,508,997,-510,-193,-155,222,720,-133,-183,-290,-860,994,-255,185,510,660,-526,460,590,-900,811,535,-343,977,-200,684,313,314,-474,-558,-6,-292,-655,914,726,804
587,571,650,-384,343,392,516,534,750,-395,-778,-18,477,125,18,372,993,760,-13,-914,334,159,-288,-530,209,642,325,989,683,598,-179,-638,160,719,462,-673,400,-521,844,449,974,-492,-293,-629,31,86,-424,-391,881,-77,-267,-285,-307,-912,26,-234,927,413,128,-766,126,922,536,-40,-25,77,-424,-247,412,591,480,-789,-820,865,-746,-491,-104,184,344,935,886,492,816,-813,955,538,-377,551,-16,880,-855,312,-9,-1000,723,-9,-79,-565,188,-633,-563,-937,555,-477,694,-143,218,-89,-619,749,-567,560,962,781,104,-612,768,162,-401,-311,71,917,-407,-870,822,243,-558,-182
97,206,-978,797,-914,-635,-798,933,-165,-539,-879,859,120,-215,363,-72,334,-403,575,25,665,399,900,957,923,85,-566,95,403,-822,-123,930,442,772,828,-742,-899,-10,260,713,-178,-847,-101,-455,-513,-700,-569,-956,-871,-883,-267,-242,836,-810,-168,355,-504,743,496,521,-440,214,707,14,238,-859,-824,881,815,417,55,-932,-91,-453,-172,-74,-305,763,115,838,617,-316,-567,255,312,406,819,-743,361,319,792,774,537,-563,333,-311,-493,930,858,711,-39,649,470,40,368,981,517,-353,664,-26,546,932,275,-407,431,812,376,-482,581,-829,696,-54,910,-317,19,-303,-951,84
-937,-855,-139,-113,667,250,-298,-923,-146,-183,-224,-299,-375,-617,-174,195,-823,-433,-499,-325,694,-643,-959,504,-146,-724,-279,688,-654,-782,-863,-590,-331,744,-146,-42,-392,-370,-616,809,781,310,-976,865,-471,-36,223,-288,259,-24,952,-276,-783,-753,-581,-226,758,-253,-94,-485,300,642,-375,-737,846,143,16,-420,-512,979,277,-265,-23,-967,569,673,-988,-946,-871,-818,-850,-861,-489,-885,546,286,-865,293,509,697,-681,592,-279,-820,85,-865,-707,988,-495,183,149,-851,805,794,-665,-823,322,36,797,-731,-631,-4,-878,657,-704,771,-65,-664,456,-414,-686,819,381,-653,951,-140,-226,-349
-932,966,443,538,708,36,48,796,382,263,680,-728,-757,465,-175,431,-857,615,-527,-88,185,403,590,880,877,-44,915,273,-338,458,424,-887,-280,-848,-95,-587,768,665,372,-194,-883,-393,-619,988,917,-549,-915,-99,61,-716,-269,456,927,369,-440,-374,-389,-226,241,-676,199,-157,-36,407,-749,173,720,592,-434,521,372,-426,829,-364,-406,-27,722,-766,-136,847,-909,31,-457,340,-929,210,859,17,-452,557,-992,726,-912,-412,-601,-995,821,-556,-180,-322,892,375,12,157,347,990,-917,-272,806,-113,331,-717,459,-405,-481,281,675,-527,162,354,843,-425,655,436,516,645,-705,895
-321,426,86,8,-837,-117,-604,368,156,756,-829,-605,-486,987,-10,524,983,-176,201,173,-248,508,86,860,338,-808,-83,673,-943,-194,9,947,-868,634,200,-685,73,-277,9,875,707,232,-322,-768,823,-94,983,-240,-908,101,-545,-386,608,-961,936,-71,389,501,-408,446,-793,854,642,-505,-416,766,-619,848,-817,681,-461,663,526,682,990,997,510,-273,-264,-571,801,-684,-794,-700,703,147,199,729,238,-73,348,-615,-481,291,457,288,-616,917,-938,845,88,-389,849,-260,48,230,-3,37,536,-161,-311,766,-936,-933,-962,-42,138,-691,458,-60,-353,369,-841,508,219,-438,358,667
-63,485,201,278,-620,697,799,192,440,-322,-922,133,282,-967,144,756,-902,-138,-91,124,-863,398,578,-541,819,707,257,-369,-212,-3,322,228,-715,-78,200,187,119,-704,-880,602,-582,270,-849,293,18,24,-835,263,780,427,-947,-923,168,-521,-322,866,-678,525,993,-850,-661,800,-940,85,-665,899,895,285,582,732,808,-674,844,-748,-40,-254,-701,-853,90,947,922,-480,996,-435,-77,-19,-596,230,870,-951,468,690,364,408,213,138,-63,-617,-259,-651,-775,92,140,497,-738,-890,-56,432,497,-862,664,583,535,-302,633,-828,263,-726,685,301,246,-56,735,782,279,320,580,217
-463,-925,-724,321,130,-813,-407,183,129,398,-608,316,-904,839,-257,-722,464,452,370,-745,605,769,-151,260,836,179,-303,157,774,779,567,-597,89,-763,488,-246,-559,-849,-784,499,-774,924,-210,-250,-747,137,-736,704,-324,-969,-554,980,432,-647,188,-309,-393,360,66,-212,709,722,-533,-336,481,987,501,-203,496,-616,18,-497,523,695,-257,-876,-742,-962,-168,976,2,-238,-584,129,59,271,839,-97,-494,173,-650,164,619,-725,114,530,-907,408,-933,-330,203,241,890,-436,-855,834,-121,627,341,-306,-631,663,-171,-704,-375,-291,551,748,634,596,-225,358,959,-93,473,896,-218,-867
820,-562,-747,-516,414,-551,-723,476,680,729,-964,-197,242,-190,813,142,457,67,68,-396,-544,900,475,-697,274,38,-805,397,68,941,151,-609,480,958,505,-890,648,813,902,-741,830,-562,-159,-357,-526,400,285,-947,803,-529,-701,-632,-931,936,475,532,666,-196,-797,-129,-212,362,-841,-629,505,-271,-546,302,-585,-42,-796,-362,770,925,-657,-373,928,422,-101,-16,763,-210,-594,312,-834,839,-647,-874,813,906,-567,-256,743,561,-918,623,292,-954,-382,-211,820,82,-124,690,594,835,-317,-60,-262,-278,516,-583,857,-788,952,-294,-582,-528,665,-720,-105,361,-141,-591,85,-528,-648,-454
405,500,180,621,-776,-149,646,30,-572,855,-488,15,-99,987,605,749,241,597,-350,601,598,184,875,-368,-364,114,-536,-991,-263,-735,994,713,-360,484,318,-359,-184,120,-367,806,-557,-462,-357,751,388,825,-737,295,784,-278,-710,-231,-36,-122,-868,863,-143,-492,792,-748,-556,847,635,498,-666,-919,317,438,-435,-342,293,703,926,-164,-74,538,-355,-900,-252,166,-280,-383,830,-32,-591,-3,-665,612,439,507,482,558,-553,-225,-704,-572,695,165,-340,-444,718,172,-385,418,823,633,-703,135,-675,634,-941,814,-758,-840,770,-154,509,387,924,839,911,654,261,-457,724,-115,890,931
-885,217,-8,376,-832,957,-580,-607,-49,755,-663,-256,29,348,327,-578,999,575,683,575,-609,-458,535,-730,384,923,937,495,-985,394,-1000,-42,787,495,-934,-767,-849,187,107,-701,-271,-958,901,460,-874,574,-306,580,-24,-812,-826,483,78,949,93,-314,-293,-92,-733,876,96,-76,-180,-311,-846,399,986,-892,-192,-989,-848,207,412,-769,-391,-341,11,-466,-735,-899,745,-777,720,-190,91,320,-615,-198,185,-433,287,882,-673,218,-231,130,883,-18,-277,-193,-150,-485,58,-277,-847,418,-213,-805,-347,724,-525,-76,923,800,-335,851,112,-985,451,564,-519,166,382,743,746,822,840,8
-142,-546,-849,755,-192,490,-279,675,3,-360,290,-41,-214,-76,123,-650,553,-622,667,743,-343,-765,470,920,-546,475,892,-151,364,486,423,-106,-176,182,720,425,-235,505,-30,701,956,-128,-844,-545,515,-160,477,-349,690,139,525,878,-724,-997,-817,-236,542,-816,-956,-811,362,374,724,669,-415,-1000,904,-433,812,597,-472,-315,875,632,662,146,-148,6,-867,138,-277,-167,-151,390,-487,274,266,-143,-223,-663,-122,-247,698,-943,-567,-620,-492,-967,264,-815,-554,574,-570,884,-904,-246,873,288,861,-834,846,-134,-815,776,443,255,767,-784,126,994,900,789,580,-135,-179,-551,147,148
404,351,-642,274,451,609,968,981,997,-137,-168,589,-646,-644,397,-406,-484,534,-312,-462,-962,-161,432,555,970,-70,-922,-109,111,-903,-756,-717,-574,-141,196,523,-602,585,814,303,755,-30,-517,-569,-921,308,-619,-491,209,-853,988,-937,-335,614,-698,-70,33,975,61,700,764,741,391,904,-196,-150,-791,-611,700,-809,856,542,-580,-647,-332,-601,162,-72,-22,185,-476,-766,207,414,-127,-664,677,-510,-336,537,-776,315,282,-302,480,-813,553,422,342,-304,-492,-350,74,166,-155,380,404,676,884,-135,-571,313,-43,-332,-99,646,-160,-110,478,570,-906,565,-86,-533,327,-639,859,-294
690,-443,-293,-539,-170,152,-393,382,-129,248,283,892,851,336,-617,-290,690,631,-866,-118,-437,567,-613,-675,88,883,625,-386,637,-208,800,890,936,-484,-823,613,998,849,292,-38,760,846,490,-111,759,-558,-466,169,-249,643,-660,-440,810,152,247,-665,-810,-131,542,583,-540,-386,267,-680,-416,-899,496,434,770,245,-284,657,-16,-515,958,855,-746,987,236,-817,-786,351,-131,460,-759,-412,-18,83,-401,-512,200,284,789,786,-445,-327,-756,232,635,-467,233,516,-473,-960,539,890,-654,-417,-127,493,93,-167,122,107,-623,-958,946,114,657,455,850,-718,-946,-907,505,975,130,433
