48,833,-204,987,-462,160,-625,-801,274,394,-69,666,-850,-433,-764,889,114,-296,903,-847,35,203,882,932,-499,-209,-938,778,-519,-163,-399,-283,865,58,980,-966,631,-67,-195,322,728,568,-494,-519,276,758,-46,855,638,909,27,735,-433,142,758,711,-217,624,-454,-176,-120,499,23,52,-24,-217,81,20,245,321,-958,-554,-79,-191,478,654,672,-568,88,-337,233,903,901,450,674,296,678,90,-436,-870,423,-175,-917,844,24,-129,-800,596,-748,-305,-8,113,203,-858,706,259,-102,762,264,611,-137,871,286,-478,441,406,473,188,-676,910,-901,544,-671,-550,-194,70,689,512
65,662,-310,-364,25,-229,79,418,-825,-963,156,591,-596,-397,890,89,-28,555,-405,-609,-572,991,-69,-571,501,885,-378,12,107,821,34,-296,-17,686,-819,556,-219,290,-802,379,-895,-790,-191,469,-970,219,-460,-562,-693,-503,403,-293,-418,857,980,-95,632,-699,-182,253,285,91,-729,-182,-970,929,122,383,197,336,-227,-400,-25,-10,-997,895,102,-366,-715,-857,-329,43,972,-515,152,11,-467,83,725,-363,771,-439,-678,902,429,-327,375,-72,-663,-883,494,338,-372,-778,-933,55,-626,505,-326,-138,488,5,-80,756,-567,-2,-624,790,-670,516,-610,-226,-93,-390,221,179,227,14
531,-584,708,932,879,359,758,579,-34,-668,570,539,-491,-154,583,615,-775,-510,91,32,666,-46,-859,-321,-44,485,-1,77,-306,-480,-871,25,-361,131,-688,49,582,215,-484,-56,251,32,-401,643,-216,231,878,582,-159,-596,-210,577,-555,98,890,47,-104,443,694,-649,141,222,559,856,217,880,-375,356,991,112,348,302,585,603,-661,198,359,448,-707,448,49,25,933,572,-867,299,476,-204,-388,-447,-954,128,-416,-121,-8,-304,-285,-950,909,-922,500,-594,915,821,807,40,804,834,279,249,958,890,-253,-836,470,-837,-289,815,257,365,232,867,-471,-217,-998,-875,-945,325
103,-610,348,-17,-39,576,978,-59,356,991,498,308,-204,-34,70,809,1,573,42,843,391,642,641,764,991,639,506,-529,-846,780,-822,212,260,369,-959,-300,-432,-745,491,-489,298,-924,-167,-769,210,-597,121,308,-814,357,685,258,519,-607,705,-816,-814,200,128,-851,800,-491,718,-275,78,-108,-976,-506,714,-557,-702,279,220,709,-130,744,16,-713,352,-282,-329,524,-240,333,774,319,-199,-513,-697,911,-57,-551,819,155,221,-304,-570,-264,380,-665,415,452,-968,-421,-503,277,950,541,-173,-438,-637,-513,-973,-30,824,-720,558,573,-299,-633,485,-90,40,596,-806,-985,-768,-675
-271,-313,727,324,737,155,-155,-312,892,-805,344,47,798,304,394,741,-273,18,-58,818,647,282,522,596,416,-94,173,728,748,-651,641,349,630,406,189,752,-97,-79,853,-771,-516,-952,-769,654,-124,-153,280,599,448,757,-253,356,314,-766,461,-880,401,-671,-138,304,149,-395,-635,-964,-806,-93,466,994,409,270,241,977,-192,-462,248,736,141,-666,-927,363,-696,812,-136,-990,866,-897,676,896,-226,-353,-153,700,372,-318,254,146,478,-988,765,-985,574,-538,258,376,-954,186,-698,573,534,-379,-511,925,-804,182,636,-179,-934,199,-515,872,-313,562,-854,-99,325,171,-732,-510
-160,-582,-56,729,-385,-238,818,-105,682,41,-338,-704,-486,-102,125,-121,723,-330,-828,-307,117,-263,632,621,105,-899,16,-902,15,-174,522,845,-841,-203,-689,178,49,921,94,-834,80,719,-854,752,493,-938,412,240,-406,691,-971,55,216,-742,140,771,-77,108,-832,-520,-935,228,-893,-747,-817,-430,-416,950,-67,-511,41,-489,715,-879,-260,240,949,-409,-846,-364,-108,169,-681,270,496,605,-254,163,-978,904,654,-544,942,617,-182,901,-291,-222,606,-492,-440,336,147,546,-143,-846,-785,-60,-544,738,862,554,-430,-167,642,-572,-574,115,166,529,-96,824,302,-846,66,-533,379,-155
-445,-129,966,-295,977,941,379,-828,-510,664,-409,336,11,-552,449,-287,392,-853,165,-67,63,325,-121,561,-360,-954,-435,-585,-300,73,595,-654,-270,478,630,-608,41,983,-866,836,-653,711,-545,-887,-64,-569,799,-604,719,659,287,661,-732,855,-265,112,908,-605,274,-224,8,604,383,-237,760,-597,658,2,-537,600,-53,390,-457,57,817,159,311,306,638,286,-439,-286,523,165,-138,886,143,-103,885,-628,-44,48,-167,973,999,-52,853,679,-995,-271,208,319,-752,-212,-742,593,16,626,139,677,402,292,-639,-891,882,-529,-460,-423,-937,463,968,506,248,-179,538,885,2,-440
-745,-350,221,-429,-975,-114,322,-947,794,438,-852,-575,459,781,649,325,-214,740,-819,-272,729,-511,-213,-202,-295,-742,691,246,-444,-990,-373,235,-456,223,-899,-205,-665,-2,-600,-695,-211,553,277,-681,677,-996,-193,-548,806,901,262,-916,847,493,-114,965,404,434,410,262,345,867,-902,979,56,-582,-903,612,903,739,71,-308,40,577,-613,-357,295,925,182,-155,539,-609,77,-598,-608,280,-504,-164,-258,815,728,-403,-673,266,532,-445,593,-887,-204,-901,324,-342,653,830,365,-281,-490,-563,808,-263,-251,-512,-798,-618,-238,837,356,-407,196,645,895,327,-781,-581,47,840,-41,276
-185,-584,-732,197,344,8,10,252,724,-753,-554,-194,496,-85,56,-166,923,-302,-779,-1000,863,773,246,-989,151,854,462,-983,318,967,-104,492,-560,-45,83,-987,-147,-64,-705,-958,-733,245,882,511,-590,-600,-382,228,-772,555,446,-584,252,-266,680,917,318,910,-493,371,-348,169,-279,-264,466,998,75,469,832,7,531,291,954,994,993,609,98,-652,-462,-509,-998,223,-607,752,904,-293,10,295,-103,722,990,-332,-631,695,728,-438,536,-122,-213,257,-464,-915,-806,-927,-222,33,-470,801,-217,-459,121,-879,-398,-207,385,-190,227,389,-797,-162,-529,-665,660,-629,-753,-799,-940,752
73,868,518,-761,982,655,-768,135,-324,617,725,345,561,-705,-845,912,-826,208,-704,713,145,-766,-345,49,382,-175,557,432,-914,-6,-906,-663,-261,-636,-578,-691,763,533,-413,487,-3,-140,596,53,899,693,511,824,358,-470,-702,-371,243,251,-933,827,150,831,842,-974,-259,-903,732,908,642,609,509,-925,-147,978,-281,-540,227,930,220,216,366,255,-443,-911,139,888,478,358,-592,236,915,935,533,766,-206,98,894,594,650,-782,226,-859,-584,697,160,24,234,270,-815,-262,-385,220,666,625,464,476,114,528,-706,-493,-620,-561,733,157,-758,897,-983,-268,481,-539,-782,269
391,822,-844,744,881,-769,-398,387,-516,-147,-909,-735,323,505,501,-87,-753,597,961,-732,-620,513,330,-424,-264,730,926,58,101,-585,374,838,392,-570,-319,-140,694,948,521,-16,-202,11,909,82,-671,952,-698,-828,494,-884,-182,418,-908,-866,109,-229,-250,922,266,-171,94,579,-905,-909,956,-894,-193,-311,-429,603,-526,-573,-225,-82,-357,27,-463,-43,-578,311,740,-38,-586,114,518,758,745,-373,-655,902,-329,889,-306,-287,-208,514,246,-282,294,-296,807,-254,311,412,756,-846,224,474,-985,243,-323,-220,-608,258,-150,187,-703,-991,837,898,-911,-389,114,548,-832,-898,-865,-310
-350,-634,-666,-996,91,-13,-647,991,-80,492,457,-320,761,64,-805,-203,-426,-975,-493,542,-804,979,151,-464,861,829,-852,809,803,752,817,-886,-967,615,781,75,229,992,134,-122,-373,880,790,-580,370,-449,443,-819,201,632,87,821,595,30,645,137,641,-952,-7,-841,233,770,-193,412,-867,618,-83,-663,458,855,-842,455,-189,-683,-232,926,677,729,-212,-893,-147,-964,-681,-171,-829,-399,606,945,684,409,776,381,14,64,-251,-660,-156,247,-330,320,350,202,892,984,421,171,-364,147,439,-120,-939,317,-137,783,252,-313,-220,196,710,-206,-378,951,-297,-169,-810,947,636,-910
-262,-340,622,570,200,469,274,-325,-513,-4,938,598,-961,-560,-302,437,769,890,-573,272,123,-832,-380,271,695,-986,-4,-495,-867,-570,-250,330,736,-639,-652,136,383,-697,463,398,742,-812,349,-357,927,-366,-305,611,819,-294,-257,643,-803,-118,958,809,527,-819,817,311,889,491,107,-985,182,-255,-779,-426,-504,404,980,680,-593,509,758,462,-333,-153,-304,279,-458,-154,433,294,-145,878,873,-645,513,-800,-910,592,120,-623,416,-543,914,-973,613,-290,-629,169,288,-543,-102,-243,-902,-244,-880,-803,546,974,-718,987,-789,17,-175,784,587,82,59,-418,999,-899,146,11,-962,-247
-390,816,-703,781,958,-628,883,-644,-551,-625,179,-851,971,169,301,324,758,816,180,137,-425,-659,-752,99,-648,-1000,526,697,-290,-21,-645,-284,473,-850,469,953,-652,-374,535,-192,964,703,230,818,50,-979,-509,352,383,744,-391,-905,151,296,505,890,-494,-12,-772,-118,-856,-637,-668,-357,633,-634,-132,-149,557,391,962,937,-564,739,950,-710,-299,-550,565,610,834,-280,69,-497,-200,600,770,313,774,-959,68,-164,768,226,-951,-164,-110,-855,-312,647,-366,-571,196,640,-85,146,366,-986,365,543,68,-77,-774,383,-122,-14,952,-835,-257,-613,862,60,133,89,705,-646,420,384
-929,30,170,-224,55,-356,-602,170,-571,-983,65,635,-188,392,-897,-726,926,190,768,188,-528,690,-139,-838,594,-198,582,246,421,340,206,338,-104,873,909,-832,167,222,-336,897,240,-888,247,-732,-404,-741,867,-961,467,-73,-131,-800,-123,-617,251,281,-568,814,53,-276,481,511,61,335,422,18,990,-926,207,705,770,-181,-51,-296,744,805,-387,378,-422,587,-778,-279,-512,70,-374,-491,730,844,286,-233,-184,652,-491,183,751,365,-257,619,858,-281,-446,-220,-221,-779,-396,-729,168,898,-226,-555,3,92,755,-875,52,833,767,-860,422,209,-566,-277,-677,-593,-545,-813,572,-380
777,116,658,-436,-210,84,731,505,-895,-932,987,-381,74,-120,781,-143,766,-244,-14,-287,842,-995,-654,-526,580,-402,709,-916,552,43,812,-879,95,-263,-164,856,520,-114,888,-263,-605,-710,34,408,-798,982,-726,381,969,-358,577,-854,868,684,298,461,664,-34,230,881,301,58,14,-296,-326,681,745,-699,92,-536,238,457,-254,443,-848,-787,-325,971,-806,-136,745,28,-897,970,106,510,706,661,-498,-779,498,833,856,-293,-334,-435,-508,648,488,-46,-839,718,-819,-740,-583,227,345,-107,605,-281,-129,38,359,-616,383,769,-489,578,-363,797,-330,-601,436,874,583,-430,-120,504
-980,403,-892,836,-768,-434,880,-430,-199,-61,-14,688,182,-299,642,812,76,668,-524,-571,-630,215,361,541,-758,252,-462,125,305,395,930,66,-234,-720,-695,-954,-96,957,124,884,132,-826,-123,-995,48,-858,-93,692,-47,891,-387,-694,38,465,-721,-811,49,601,237,876,-114,76,-845,193,269,905,127,-679,-260,-248,-18,328,-253,-5,258,-392,-631,265,200,-717,20,32,-240,678,-967,-440,999,422,-947,650,422,563,354,383,-690,-186,721,901,-456,364,98,-248,-943,-236,785,709,812,-213,319,-442,547,829,286,-104,-992,-426,-948,-663,312,-392,-37,251,-796,949,679,-667,-682,-438
907,467,-806,-219,-458,-382,443,-165,-67,-438,-621,-636,-510,980,-993,-507,171,329,383,715,316,-355,-730,-417,213,-158,221,-966,-303,-540,883,-246,729,66,-196,-34,-905,-915,-689,412,-114,-554,239,-227,-264,-58,-113,-893,-288,-214,972,-733,-267,-724,607,777,541,74,-953,-249,-771,534,-874,698,979,471,-389,-884,18,-123,575,-959,-498,-498,211,167,298,-977,-501,338,-238,-387,-173,-797,-766,352,169,-437,-767,-509,988,294,-971,-731,284,348,993,-656,-541,-183,776,-980,-653,621,220,-530,-226,-153,886,929,-67,-521,903,-418,518,873,-917,-335,568,-907,-178,383,-704,722,-29,155,-913,-421
569,189,740,-436,-451,-844,-421,574,-348,743,693,395,-820,-887,957,-130,191,-66,-716,465,-669,-56,-611,361,-932,-599,958,-671,-437,202,952,264,549,366,-382,459,774,-97,-547,910,741,-427,-881,-359,-209,379,-955,-998,988,39,-956,465,218,-426,-813,382,-538,690,-858,-694,-557,-580,-155,582,897,-620,850,312,681,-383,-854,468,-323,163,748,-235,-801,480,548,384,413,-844,-796,-400,-305,-869,-17,502,482,371,-146,595,58,-631,-234,585,-661,-971,-933,466,461,824,371,-230,-189,-96,970,-503,-231,420,-941,-400,830,792,296,946,-793,-325,-420,-885,804,622,-778,-435,987,842,59,-586
266,-295,991,-309,-301,-840,569,499,652,342,-265,-713,144,-660,979,-853,-573,337,-94,-478,-54,854,-38,303,87,-534,-455,984,115,-867,76,-542,385,-546,834,26,-757,622,-48,724,859,-255,-677,13,427,112,-945,495,177,429,-979,680,-740,637,-238,8,884,-173,50,868,-650,-290,-660,-670,-378,993,364,-228,49,886,671,559,-1,-427,133,454,-863,-808,160,595,143,766,-480,-641,152,-151,-926,-388,-871,-648,-819,891,356,-753,-453,182,70,593,998,286,-468,-138,-115,-547,-20,664,-97,-894,-854,-483,794,-248,-744,17,-527,-298,50,802,974,248,512,520,-362,367,-905,280,23,192
-104,759,-116,-806,51,318,890,440,-134,585,-395,192,-233,-87,-495,-263,745,843,-584,268,303,513,-957,793,738,-351,-611,529,91,-305,-274,-827,-568,44,72,934,842,-19,904,-799,66,-768,-391,-188,-434,604,353,230,-661,493,-346,136,-412,-447,-361,-367,-142,-370,295,-577,-287,647,-328,-48,524,-655,670,747,-918,-383,-135,-317,-170,769,309,179,995,-401,-603,640,462,924,-240,-249,642,-545,-177,-442,-966,166,-214,-129,394,623,-417,739,-185,306,909,635,-89,-363,363,201,868,903,-969,861,236,24,-385,642,-845,308,429,-393,204,536,50,-289,689,53,-140,517,23,-300,-126,136
840,-959,824,-364,37,824,379,-500,-325,-505,831,-50,-801,878,816,-15,678,-490,-141,-336,354,-270,-464,-462,-67,266,335,-190,-593,-606,966,-619,-393,57,731,343,-162,-75,-541,955,-765,459,-147,-557,-905,423,483,-375,-570,-355,263,870,770,824,268,179,-858,-619,-970,675,715,382,951,544,39,980,645,217,-735,-715,226,991,423,-452,717,998,-622,687,-106,-440,800,-411,-467,-547,197,703,272,-388,-576,727,-132,-802,609,149,8,-44,304,291,-179,506,-388,281,-51,72,63,719,-314,-766,-709,-600,664,-137,-544,-655,-341,744,369,-306,834,-111,698,-48,-213,698,15,264,843,-961
-210,414,-296,-121,-53,-435,133,-808,455,-220,17,-945,-990,923,-394,473,-622,-31,830,-480,-272,12,-562,632,-220,507,-654,612,-969,225,-86,895,196,344,-615,386,491,-649,-346,-184,154,56,433,752,310,-663,828,-777,-46,-240,79,647,441,-141,680,-603,-5,-641,-895,101,438,-969,-284,-6,661,-131,447,-691,504,-739,-830,746,-166,795,-648,-532,724,-869,-962,971,-70,260,481,466,-570,407,-91,-211,-123,110,-881,-581,970,-619,789,467,673,-229,-768,-755,-137,-418,929,14,163,548,-200,377,-778,-952,396,30,798,-463,690,-88,868,-702,-662,564,373,-255,12,-698,-646,-3,-811,-76
-870,-75,93,449,95,846,-696,-741,-129,-587,111,-649,39,308,-542,-344,-368,552,-983,-963,-652,-354,-576,441,-716,20,285,-321,960,110,641,161,-119,-99,-736,156,-562,827,844,544,-643,808,570,-763,-384,188,891,245,-281,613,-30,-712,213,-985,971,-139,-584,-61,907,-927,-17,-378,-338,105,679,839,362,151,171,-892,248,637,-903,856,-367,-882,-598,773,149,-801,-108,848,-239,368,68,-974,291,-520,-135,-67,810,-174,-385,-212,883,562,-967,462,-123,954,626,-270,-786,-29,-873,671,317,-956,418,688,244,-667,-349,-338,750,594,-205,-434,-857,427,-651,-244,-991,335,252,233,808,531
141,108,-137,705,482,608,-811,22,-462,-754,273,-911,635,902,731,-416,-634,0,835,368,143,-672,-522,169,-316,-874,-408,959,318,-191,929,-153,-369,-897,361,615,-53,-524,338,-715,702,554,-553,814,39,-751,-663,957,-751,967,-712,-810,818,142,366,-658,-378,-759,-388,-448,-372,613,284,566,141,417,-881,-844,-387,423,-106,297,456,-66,-655,63,-58,372,-792,436,-378,-159,-96,903,761,-300,-437,73,270,525,-107,-436,636,-671,-964,-620,-67,18,-551,-24,540,-516,-192,2,443,-920,316,840,877,-297,830,-176,-867,-300,-724,922,-29,780,605,909,-527,947,196,39,-395,412,-988,-114
-463,432,-684,-571,627,190,567,-225,-73,125,-896,-195,-988,27,-6,56,-62,391,871,-474,589,-637,378,-498,881,556,-824,795,122,868,-330,624,-673,-771,992,168,-83,812,-909,904,-790,406,-37,744,-812,-214,782,-434,753,750,274,239,586,-550,-548,-44,-524,306,-982,-164,-750,908,-948,965,868,715,-186,595,-539,-842,-518,-890,-278,295,-966,976,-232,779,423,-70,-633,669,-871,156,-283,793,-125,477,-234,-260,-103,-177,1,-884,561,-648,-685,-918,-164,197,-388,-953,-565,-815,-701,-681,-168,943,491,982,20,-632,267,969,-568,70,-990,984,693,926,-15,748,252,294,232,-48,150,-645
847,-925,-567,-461,-515,-79,-941,78,618,-830,-828,-542,146,937,683,-635,-624,343,104,-17,-359,790,-346,-136,428,59,-493,176,-380,-146,-211,422,-774,-220,-955,-884,-820,8,-282,112,-116,-358,574,523,-110,-27,157,-688,448,687,-170,95,-660,242,177,262,130,621,-236,-842,353,414,-146,150,612,311,-803,-556,-290,993,130,149,-380,-968,-625,136,-905,10,-239,670,197,350,-838,692,-41,-364,613,362,41,-309,372,-834,-724,-716,348,424,-568,-5,-628,504,-192,185,46,313,-990,-390,-497,59,712,391,-179,-217,983,166,334,551,414,55,944,28,-923,522,-472,2,-149,-674,716,977
-964,454,-243,-180,-362,440,-847,-688,126,-858,-895,-288,672,-524,138,-803,618,248,818,436,-946,-306,-706,269,839,-922,694,-309,456,302,564,-845,6,-50,286,-24,-637,677,683,19,-467,-589,-55,-540,-238,-156,588,619,-212,-119,-893,-498,42,-843,613,-786,89,881,393,286,898,647,646,-221,-222,-931,688,588,740,916,-18,-875,276,657,-165,-628,998,368,720,-380,349,-768,-801,760,-770,703,639,457,-24,750,-775,-489,304,878,-278,-52,-986,-82,-886,804,-562,-391,856,102,661,377,313,61,-253,-411,-820,752,202,-280,785,-583,-745,-966,-835,406,110,742,838,721,363,-105,-23,-252
-222,0,-475,625,32,659,-205,233,426,299,-442,312,-187,-840,489,-974,200,723,149,-628,-224,630,-785,126,-301,902,976,-515,284,822,-337,396,98,-118,-389,731,425,532,371,531,-707,-274,308,160,275,-787,730,-779,-341,54,-402,448,159,-924,-648,-136,-774,556,170,-497,-54,-143,513,460,309,-113,-897,46,272,276,549,158,-412,843,-891,32,180,376,193,-888,29,-857,-693,-576,-828,-303,-842,-583,-114,929,883,553,-66,-147,803,-498,106,-125,55,631,-435,-287,176,-506,-795,842,-924,204,402,960,24,205,-779,-643,-311,880,984,57,-81,613,-950,347,746,602,29,451,-487,-976
531,-498,-145,570,396,481,583,-555,-564,-309,-295,865,566,-430,556,-916,-444,455,870,-561,275,-294,342,229,-192,-300,729,-836,834,682,472,-340,169,-927,236,-568,640,-284,859,395,-876,837,698,423,-154,-842,-824,338,53,-183,-188,647,-610,-82,-986,-341,271,-122,211,307,-769,358,-278,530,735,-499,194,-592,621,820,-55,487,764,-178,452,-907,935,-874,154,-395,774,-919,-63,915,995,843,-874,889,-90,-850,-734,512,34,-431,-679,931,326,-914,-757,16,-541,-923,-89,529,-928,-636,-357,299,61,72,-725,347,246,971,861,-760,-809,-249,720,716,146,128,-556,385,876,262,964,151
-443,-168,-440,-970,63,-48,-202,-770,-945,719,-518,572,635,-1000,468,-16,699,-122,-666,643,165,495,686,767,-586,-167,720,544,109,175,585,-813,-247,-188,-411,-725,-429,955,346,197,995,-873,601,-103,-793,-657,-995,-608,-407,81,-144,313,586,-712,208,-221,-379,-315,-364,934,176,-25,688,-204,551,56,-180,338,174,23,566,937,-315,-712,723,837,-335,850,-600,-986,-326,-812,-717,-547,628,-488,794,890,-708,-809,-604,-808,404,237,726,102,941,-346,-568,763,37,-943,-667,-914,61,-41,-700,210,522,721,-397,256,901,425,-869,182,812,-935,-580,-206,802,-928,-500,85,-766,-831,-693,-810
932,-888,-25,-31,-195,-637,-253,-93,-613,398,668,862,-484,-255,-117,879,-33,555,-494,866,788,951,-77,-386,597,-400,-337,-521,373,-45,-208,-536,666,-740,265,218,523,-612,-778,386,-937,452,852,-154,-316,-875,606,-719,-216,-294,612,272,541,-716,24,413,-788,-254,968,113,786,610,205,-534,818,-470,-304,-617,15,-546,753,-864,-756,419,263,683,-943,-717,824,478,-452,-750,824,-850,-215,283,129,304,-234,-172,784,715,-281,-981,-398,-636,-696,-894,-776,704,393,555,-256,472,-105,434,-608,-674,-77,-463,-844,-217,-726,-981,109,-512,-806,-526,-715,-559,108,-130,-668,-112,-183,715,-536,-133
386,-538,874,337,-190,249,-403,876,-615,-685,-259,-910,574,-642,690,630,931,177,282,-580,677,913,595,-688,255,-291,-29,282,-629,80,-40,-264,-424,-865,827,461,-287,358,-412,-56,238,993,754,614,477,-448,-367,-851,-368,-891,-257,80,731,-221,-84,-799,-278,-755,-741,686,-804,859,932,266,383,-996,-667,-975,221,550,-178,744,-971,692,891,218,-173,544,26,-200,-603,261,534,-188,860,-435,-942,352,-683,836,642,685,-2,799,-885,-461,-897,-315,-850,-689,937,-628,-200,-467,617,-467,391,915,85,65,796,923,-778,-250,658,-738,590,808,223,17,215,-138,-475,-78,-457,702,803,-67
816,-107,-734,-602,706,490,-969,-521,204,-519,-926,-448,-423,136,546,238,762,471,-175,961,-168,-40,-85,478,-792,-575,-766,-775,-963,-160,-703,-48,-200,385,-773,-113,-713,394,-303,-25,510,-967,-798,-314,-191,380,-358,525,56,-357,72,-599,-747,-797,697,-416,509,-951,-718,438,-642,312,502,-812,-492,113,407,-218,193,-443,-620,-29,521,-120,-772,-117,-152,-812,-231,555,-477,-754,543,-337,437,421,-197,343,-560,953,266,584,-645,567,-428,-358,-107,-660,862,448,-637,621,-870,-619,-564,972,58,-355,-44,811,37,817,314,-376,-29,180,325,225,871,813,508,-608,424,808,-476,972,-464,284
-328,-172,360,-366,-523,-78,-716,-785,10,-475,-597,-378,424,896,629,588,-185,-670,-670,-395,-73,885,-505,736,987,319,-316,-646,984,20,396,425,-199,521,-727,3,109,-478,-93,744,240,906,581,399,280,-953,465,-772,471,-958,410,344,-439,-791,-966,-18,-763,422,-405,952,674,196,946,-427,227,-13,-251,876,-698,438,88,-178,-801,126,-522,60,-457,906,388,816,-224,814,426,905,585,-490,620,19,-158,346,-157,812,-876,-142,-242,431,-525,381,-304,323,743,-231,-138,-745,328,-791,-154,-540,-698,267,-581,633,-392,-915,-895,-739,231,-966,-470,532,-229,760,-494,-556,-849,-292,113,691
-536,781,-653,173,-530,-760,487,49,818,503,720,-390,95,-165,-552,-802,840,298,-941,271,558,-577,-683,343,965,231,245,698,283,-954,668,680,-224,-778,-840,-178,499,-588,323,-718,725,535,655,68,247,345,342,-576,502,366,520,439,868,487,-719,183,644,-421,269,-13,663,-612,699,-565,-176,612,-899,697,1,-65,-664,-561,793,-563,-500,602,-170,51,238,-257,926,-718,104,442,-320,-642,597,-271,-2,307,-660,-606,760,-435,894,-319,-740,623,301,-425,905,627,125,-728,968,399,-711,-786,176,-711,267,149,-965,-485,888,200,936,-310,-894,141,579,456,-889,-610,-690,-632,749,584
-932,357,-722,-536,-313,522,-824,698,-999,-859,-753,-335,979,342,251,-630,-674,275,368,258,764,-723,-792,48,-484,177,-566,427,979,72,749,958,395,-807,174,-587,116,585,672,-45,710,-893,734,-985,-682,35,381,43,681,-325,302,-610,502,248,-946,-131,376,105,272,-659,367,536,-731,-392,-314,-601,54,953,-159,-587,-917,-863,-901,-529,-862,-982,-590,6,32,-812,448,-572,-473,342,791,-172,578,-896,-993,513,612,48,68,41,-203,-569,-798,816,772,546,671,-38,-918,859,-500,914,-504,-874,835,-399,115,-85,71,719,480,-107,79,-516,-932,698,-841,-181,362,408,-366,-600,-197,884
549,116,993,650,671,-359,583,239,907,-364,-156,238,-706,-329,-209,-120,-713,488,735,-227,-769,148,-201,-121,276,-784,500,-834,-5,459,-863,246,203,850,828,329,613,97,42,-847,-692,-508,-225,810,-769,-432,-687,-40,-521,967,779,-311,-846,396,926,633,-408,722,-763,66,302,-67,-881,-313,448,-722,-175,892,239,998,588,822,-208,883,-515,990,-834,-497,36,825,44,-923,-581,-991,-920,-485,-97,158,668,-620,365,78,634,-597,900,761,-273,-424,-853,-454,479,883,-202,551,-2,592,-834,-237,997,103,-245,-558,-116,911,-693,808,57,651,-643,-790,840,-624,-327,-184,855,666,441,-230
-682,663,-244,123,-858,899,-256,-892,-902,720,-566,-964,-802,982,-709,-353,205,-590,472,-379,-134,-625,144,-845,763,289,-236,-495,259,-900,387,501,-219,820,-469,193,-563,-166,772,631,728,84,37,-17,-866,-302,-953,-870,-454,-572,-950,-374,-427,584,-360,804,431,411,607,310,516,-796,234,-1,665,-794,90,845,900,611,404,866,-324,966,-361,-169,-817,882,118,447,-909,432,-811,433,-386,-19,-421,-667,906,393,968,-325,-80,236,26,-597,-386,550,620,521,63,-459,634,117,-564,-878,-109,131,-740,240,323,-78,-126,-784,-993,-601,-607,-979,-217,-611,440,57,-631,-890,477,550,887,-404
-272,-134,-223,-404,916,928,-994,804,227,695,247,-110,269,439,-226,751,-5,93,644,-751,-260,301,-873,-868,-47,785,727,-655,-460,-511,-286,-532,819,-971,194,-897,894,665,283,-34,-935,777,182,359,252,-80,-882,-808,62,-557,-271,548,630,897,-381,-759,-244,-328,-11,-898,-386,-765,397,763,26,986,128,785,616,-313,-954,-194,-732,78,299,424,-717,-575,-106,-317,-783,-422,-401,679,-39,222,230,-282,533,-666,414,-760,-192,45,506,117,623,237,-545,999,-766,-181,722,565,42,784,222,-657,483,-879,-504,6,-138,172,-957,412,-788,-267,144,266,202,-844,119,-491,440,253,83,-698
-18,18,333,884,-228,-367,167,186,-69,276,-648,479,559,-16,696,246,-720,357,22,118,475,815,898,997,-443,90,478,592,-647,-513,152,297,-607,-301,-364,370,956,22,-906,867,922,911,-580,-79,-238,-37,-774,-663,584,258,-771,243,574,52,-245,-482,915,246,-678,-403,257,-95,399,-38,-289,-613,128,900,140,-627,-608,120,225,462,733,627,672,489,-370,-355,675,661,213,-896,-745,316,570,-121,-473,388,-213,948,134,658,716,-924,209,-168,-68,-720,-721,-811,-799,-212,799,-407,-384,-656,-661,59,-358,-427,953,-819,331,323,565,977,-916,-612,-108,51,87,-705,-887,147,36,420
-937,-1,544,-737,-779,-883,250,284,480,-768,-567,307,236,-213,-856,368,-862,-821,-786,534,500,-98,-660,630,-984,98,845,321,-889,-539,-35,827,-789,-106,-102,680,2,511,-194,2,-200,359,-414,918,569,-301,-485,616,784,-586,190,-684,-753,454,-940,-405,-965,117,-405,888,-470,397,-464,275,473,790,328,-963,413,-98,458,396,127,-707,276,-67,-553,710,-567,-512,573,733,367,-63,-808,76,135,-702,-803,187,341,314,-637,-255,203,-796,595,417,897,185,817,670,-150,-185,502,7,-354,184,-106,-785,26,-514,-398,444,579,-788,574,-957,254,-973,896,-783,905,-457,669,-195,744,-680
435,-189,894,836,-339,-356,853,582,31,328,45,-945,820,-869,65,-149,223,180,-146,-147,-291,21,470,-767,-639,-726,451,-177,-898,-150,-326,-121,535,532,21,763,165,-633,-97,820,-532,779,749,816,-404,583,-514,598,474,944,-265,762,109,997,943,-997,687,-837,-668,-88,-160,172,158,204,-700,888,913,-425,343,-584,-673,-605,893,898,-61,-222,774,689,-288,-978,335,-560,90,420,-413,-393,-968,635,584,-52,-587,319,-424,679,669,-14,421,766,594,-209,884,689,229,944,704,-43,-527,-52,79,-788,761,882,-61,-714,-21,-93,239,-584,-481,887,-305,-112,871,-274,-755,-683,-837,-285
-944,-834,451,-514,-173,-15,-644,-389,96,26,-400,865,643,-140,419,-888,889,893,-349,-838,372,-749,-441,-638,-956,-884,-694,-735,768,-848,103,550,626,-691,64,930,-515,-509,-556,-457,926,486,71,-193,-324,-802,-359,250,864,478,659,-435,-787,585,-907,-733,953,221,-994,-500,-967,575,413,-828,500,217,-671,923,238,-155,282,-937,831,-963,825,178,571,-146,-126,-608,242,906,-262,-237,-311,-535,330,729,96,-126,560,374,557,-568,919,-866,-463,-454,702,771,-353,-879,-783,172,-653,281,195,285,-259,-572,-163,535,-711,-140,-629,-155,206,-276,112,-360,-864,271,494,-637,662,705,-804,-718
-116,573,99,301,736,-147,652,621,197,-179,-266,434,-898,617,-398,-263,-863,744,-838,823,-286,-841,-315,-804,674,-947,-844,455,-674,489,-581,-27,88,-698,-978,165,-937,-952,605,711,215,-222,565,-721,-880,626,-477,974,128,-634,-960,936,-232,937,-517,-499,330,-112,935,-618,-101,44,5,-518,493,155,-929,-524,910,945,992,122,519,-170,-927,337,-42,202,138,47,-122,-104,-530,-297,737,681,-561,790,-719,376,-315,-701,289,869,-886,486,988,885,462,294,-110,-878,563,810,-970,-270,363,435,-43,-546,-472,956,340,-626,293,-55,-116,75,293,-751,-175,-540,181,-383,594,29,138,-558
-110,695,149,-497,597,988,82,-826,-111,-82,877,865,335,217,528,580,-583,-648,-85,-973,633,467,-617,775,-883,456,708,586,-424,403,34,614,-887,-458,-692,683,-362,446,-176,642,651,324,635,-677,-600,167,-627,-227,487,-297,737,-965,929,-554,-268,943,-408,828,672,684,890,244,-933,-308,459,159,239,-993,-38,-452,-46,675,-839,-354,702,-216,858,597,-888,-649,-566,473,166,138,-43,806,-122,-139,66,-931,-89,-99,-785,961,-112,-295,164,-58,609,858,64,458,-683,-311,-584,140,-733,719,-679,-931,974,-88,801,-570,-510,-857,681,83,723,370,143,446,820,-600,918,465,-408,-222
53,-806,343,-273,-364,-472,-161,152,196,-67,-72,121,-85,669,853,219,863,-746,657,-784,-830,839,991,-365,-59,-403,272,702,-513,353,-938,74,-633,-81,493,310,956,-409,907,403,-58,-641,786,101,-981,922,252,-748,159,-526,-142,-321,842,10,161,-182,-709,-347,811,-326,603,531,998,713,544,-441,-564,88,-684,518,934,661,934,-52,-193,727,433,-134,608,-486,-960,370,-505,-485,824,-831,714,226,-667,-590,374,-105,-701,970,65,788,144,931,-101,857,545,39,-779,92,178,851,359,36,-647,-849,360,853,-504,-534,113,-124,-314,106,-853,-710,277,562,-560,-108,508,-196,243,-889
294,656,-988,-110,-665,100,436,-453,-169,891,156,-867,-458,-75,-698,-287,681,203,-625,700,709,-870,471,738,-525,-638,-822,-75,-145,468,-77,622,548,-885,752,767,-817,452,189,818,946,989,-570,650,385,556,-8,171,-234,-186,-4,550,-488,-68,-490,577,486,-867,328,-236,-384,-869,56,-702,15,598,-214,-478,701,615,825,-264,-177,465,139,960,-576,-875,-310,316,763,-526,-160,93,-509,401,567,914,708,-98,-622,230,725,-572,-925,213,-9,-107,-592,963,-161,571,-75,-235,626,832,-327,75,-35,-177,-763,191,541,-282,280,319,840,-695,707,940,-113,-681,685,324,24,-690,-872,-722
-709,930,467,-871,-214,-696,61,-474,365,577,589,447,-227,-579,759,-502,-804,-66,-155,352,650,455,499,-580,-313,-135,84,468,-676,681,929,679,147,-364,687,947,661,864,-996,-558,-726,558,415,-742,-526,430,-149,943,83,-268,-609,384,241,329,625,921,-938,718,808,-16,-915,214,593,-15,-478,473,586,183,-941,141,-510,412,-185,809,820,527,-234,237,963,-703,-861,407,-361,376,-728,912,306,719,-561,617,-537,72,-324,-683,302,-748,102,-462,850,-534,779,-780,-603,-716,264,-915,-1,527,-467,68,983,758,317,937,249,771,-670,889,-521,655,50,-262,832,-556,-574,561,95,-953
-123,-769,-950,467,-747,-624,808,-369,-140,736,736,902,951,-603,-679,-672,220,-689,-202,204,-206,987,-54,921,860,619,-92,62,152,185,493,873,-797,-444,701,795,925,-433,-447,208,-392,614,-341,-892,-141,444,857,-182,459,281,-199,749,853,-593,284,-705,622,-810,253,-665,-739,-211,-644,-288,-839,563,-533,-513,183,177,747,-195,-656,-301,-412,-903,-945,697,-353,-932,296,-410,183,-100,858,-157,63,-114,-940,449,-750,-196,-564,878,232,-219,658,-309,-343,808,811,842,401,-230,-791,-471,312,-202,-960,820,992,-43,770,-643,20,902,-749,-239,-684,-272,982,-949,651,176,724,744,-16,-310
353,-253,338,505,576,-758,713,-229,-661,-507,818,89,-322,237,-419,688,-979,854,851,964,-425,-286,-553,887,-87,-206,-583,-696,195,-718,-620,-323,206,-869,-311,-158,50,-321,-377,-798,446,82,340,35,193,406,-527,399,125,358,-102,-229,-23,24,-505,932,-901,-591,-721,-680,146,762,536,504,899,736,-891,-541,186,-571,-160,408,793,-837,-612,959,-646,-620,-664,844,717,-116,518,-739,-693,-390,-810,-826,-887,-710,871,596,295,841,-501,-387,475,-533,540,-437,-400,-437,14,-767,396,-896,343,-668,-464,-781,374,-351,-749,-382,710,-617,65,619,-947,-327,-83,350,46,425,-811,262,-673,105
-521,-203,825,522,235,-320,508,-862,-745,-563,39,968,-870,-955,292,-644,-442,-946,-846,-382,317,943,858,-561,-696,43,331,367,-773,234,12,39,-458,-207,465,10,-73,796,760,-531,-952,936,654,-47,-139,-124,-453,-640,988,357,-229,-22,564,-546,-168,-779,-8,-723,-193,135,-359,-936,413,633,-262,-91,-516,783,508,-766,560,698,-960,-774,623,-242,330,230,-199,846,308,-723,-249,-272,-172,-555,-688,-86,-457,-186,-795,82,-412,-55,-300,768,-649,836,936,567,-878,610,311,-960,505,806,519,71,-323,761,342,45,-138,-535,-677,-733,-571,-846,480,-476,186,-52,502,73,48,-785,-46,127
-211,144,-946,972,315,-572,738,-347,-932,472,-155,429,-188,53,733,-465,573,-459,52,292,896,-411,-223,840,-985,48,-67,-136,-111,-598,-772,909,-232,374,949,76,-96,-233,438,273,-172,-722,-66,-687,965,775,500,766,71,-388,-401,521,-873,585,455,221,649,-399,434,-253,-83,-296,-42,512,103,965,-280,-159,19,173,-162,742,628,874,769,841,-913,-221,934,520,-739,837,-634,859,51,-502,813,-838,-149,-697,-252,815,683,226,823,261,-273,161,343,-495,498,-220,827,-368,800,188,378,-230,142,-201,-452,733,474,-469,-728,211,812,-147,687,-820,3,223,-854,-706,917,-984,327,110
-425,-665,-730,528,989,475,491,507,126,973,837,388,909,934,181,-969,-618,-901,788,815,-282,-940,-867,812,99,39,88,777,563,-1000,273,352,-121,-889,-440,89,-631,821,741,-515,-154,344,534,-84,422,121,726,843,-537,-424,-114,806,-364,-183,-722,-301,108,603,174,548,992,-100,-660,-662,-901,18,132,-906,847,-108,25,871,13,-198,-155,-490,154,-46,-24,-650,337,171,471,550,831,-345,389,-634,-335,-524,592,458,-585,628,392,-60,-151,-907,384,406,210,755,766,702,-57,-802,-467,270,475,-314,-583,483,-87,489,-165,609,645,761,783,-686,56,345,597,-865,192,-438,418,46
413,-213,-553,-720,740,60,-606,112,956,543,189,-440,-47,336,862,973,444,332,-538,-639,-414,528,-728,531,943,655,876,-929,-136,-123,-598,-460,790,503,-946,-735,-935,-697,633,-141,-147,-213,411,991,-608,-478,-65,-511,614,532,576,-261,-247,-604,-960,89,130,263,-475,955,563,-813,126,797,554,-137,-678,-114,-466,894,958,-688,726,965,845,-937,967,376,-966,-131,-499,-218,641,760,306,725,-446,-492,546,954,-944,-409,842,376,-214,788,-768,737,-680,-840,-837,-640,702,513,631,958,-364,-331,417,-278,364,-591,-932,-671,458,401,-230,391,208,307,47,-123,-614,167,682,-792,-558,-596
-318,806,-191,870,889,688,-75,506,105,937,432,703,617,-363,-527,-897,-52,-695,-445,-547,-511,820,356,-567,-194,-294,281,994,-736,-379,-15,-556,-117,111,335,70,883,-284,303,544,619,141,998,559,706,328,-260,-514,833,563,86,-612,-801,737,-143,-486,-417,223,565,-720,572,-971,214,111,169,-728,651,-231,996,842,871,937,10,-782,334,-525,-971,-277,424,-831,-951,662,-166,-483,67,180,117,-357,869,638,-536,42,709,262,-648,-215,-653,-35,130,-439,-418,486,-184,-483,-591,-808,855,-316,-515,-903,-468,-229,-850,-272,-39,580,-709,-877,-446,878,-515,804,805,84,-131,-730,-788,104
-24,-195,873,-36,-836,139,-974,-636,224,-68,847,-532,98,-398,-210,738,-520,-52,-351,-922,-618,-3,874,-758,564,46,919,-912,901,255,-800,887,-82,-116,644,-423,-40,-490,-30,-281,346,-286,-245,-730,-503,337,-483,107,357,844,-377,692,-989,170,-246,185,-637,-817,584,-177,427,858,914,699,-992,35,-333,937,790,-806,632,-760,478,511,351,-28,-971,-314,234,797,943,681,823,-649,-360,8,535,-961,-141,860,980,-452,17,550,-439,-537,-803,-227,-35,-167,350,-606,805,-944,-230,492,-371,-38,-974,-729,-680,578,-612,263,700,-434,186,322,99,785,-853,-898,-564,-164,-890,-431,-809,-466
-887,185,-406,-454,628,-635,-902,-887,-949,-795,174,59,-940,-657,232,-986,602,-661,-790,210,-974,953,-51,541,685,254,779,995,-705,-715,-207,452,606,-880,942,980,-373,-101,302,-388,-224,875,-253,704,-862,465,-663,-254,-122,-173,-854,-186,927,115,-545,267,893,-479,-445,863,728,-211,-27,936,981,-88,579,-339,-914,622,769,801,-142,991,-529,732,21,-864,872,467,779,-547,-820,-992,-831,-53,-900,81,-26,35,956,46,-423,744,438,-873,718,854,-517,-174,689,-459,-825,322,848,281,-217,-610,-810,-648,370,891,675,171,399,17,-138,-994,-620,990,747,823,389,99,-771,-602,-488,171
-730,141,924,327,-46,529,668,507,125,347,505,-493,407,513,949,815,848,268,-827,-320,418,964,-587,-786,-633,190,-334,-539,-104,-698,-494,-563,-373,-471,-691,-330,894,516,286,-678,771,-629,844,-836,817,-889,894,-86,657,-98,-158,604,700,988,-41,-622,-255,-928,-138,-906,850,-361,-269,857,-305,224,618,912,810,842,-562,615,670,-43,-597,-580,522,-678,-505,338,132,-204,49,-179,811,-475,-311,397,900,691,-765,-911,-59,554,-76,-218,-876,-183,-586,972,-15,910,784,-494,548,-123,419,769,-874,-678,528,-662,605,-505,32,-729,-516,704,-166,148,189,67,-413,371,169,-932,394,-485
742,-916,-269,-657,103,259,893,106,206,-772,146,746,554,-205,238,-841,885,921,47,303,937,858,438,-984,-733,611,650,828,-802,997,-217,884,-520,992,871,776,-403,536,-742,-411,666,-543,65,-990,-738,754,495,488,182,-354,112,-130,11,801,320,-882,-37,980,212,370,-289,-37,-943,417,114,186,236,748,-290,218,999,-339,255,-388,-791,423,-798,-782,433,-206,-705,-56,488,852,-514,-359,-553,619,924,-878,820,-509,964,847,-118,167,-546,191,217,214,-89,-308,-183,-347,-106,51,-288,868,-783,-599,-670,-860,-680,19,698,-80,-258,152,-350,740,-71,-331,-581,384,-987,-898,-24,-411
-449,832,-706,465,-811,-59,-862,-474,-651,151,-156,-203,-503,-983,911,972,-740,-961,186,-988,-62,-510,723,-82,-403,-201,-337,555,333,357,-759,696,-348,149,889,-566,-176,789,-510,-767,-192,-155,778,-785,-28,824,-134,783,-385,-990,401,-607,781,801,976,-184,-859,132,52,677,-193,-80,294,-732,71,-632,722,90,782,-836,494,750,-996,450,535,704,-982,-956,752,-757,692,384,-447,358,776,516,-221,66,700,-761,-72,473,396,-914,973,170,881,-665,928,396,-841,781,-835,473,679,839,242,-537,-235,638,422,-667,-424,874,245,-617,954,-537,-654,-412,-294,731,400,-333,773,581,356,865
504,-327,161,545,-772,-907,-827,-528,-745,952,-583,-554,279,818,472,786,570,-692,745,-519,-922,-529,-916,-799,-627,429,-924,-547,-912,-66,660,601,-918,993,901,915,-644,703,-799,-814,479,970,-726,-503,139,855,89,-889,-291,281,-333,-821,315,-625,-13,666,58,-435,-59,-696,-606,20,-544,26,538,-102,771,704,-893,-34,-819,220,-663,-452,767,-489,660,295,-596,914,-646,34,117,-344,-832,-469,283,156,174,192,551,-919,-569,-58,-49,-133,918,-26,571,948,-992,-29,896,292,323,840,-684,-285,-930,607,723,-998,-83,-514,461,-216,-465,62,-609,-449,-359,-265,-578,-901,906,363,856,661
167,-932,-481,59,433,908,-997,-544,443,-373,642,-175,-356,-597,244,-811,336,368,-526,-813,-521,22,931,518,541,-794,-808,-115,16,548,177,-990,727,-494,928,398,109,-540,-915,-760,249,-877,646,918,-639,-896,-101,-337,433,-642,-189,-377,-887,353,-309,-407,-576,967,436,-67,229,-540,-288,-581,883,122,987,-477,172,-513,926,-293,350,410,-103,710,349,-839,871,795,-516,812,-246,-896,966,-949,465,-912,-285,182,-753,-907,-712,-536,951,-404,-477,-810,287,840,-399,-761,-941,-998,488,308,-519,313,290,-587,878,274,583,-455,683,323,156,-41,289,260,438,-924,334,-542,-82,374,939,-511
844,-614,-711,312,-410,470,701,482,-725,335,811,-45,497,-984,-878,-470,416,-833,739,-85,-985,-153,-693,-320,282,-893,-609,11,321,555,-222,-956,443,443,445,59,665,795,-53,433,631,438,-665,682,264,-363,620,72,529,-621,-735,-109,-97,-59,-59,-921,-459,611,-838,-524,-407,165,-833,-277,-979,-466,-736,-551,-227,-322,836,774,-65,-370,620,-216,-890,-43,-174,-691,711,-459,-740,-280,-563,-118,530,-422,192,-99,641,530,-248,796,-499,30,-4,-704,-969,935,770,-358,970,900,784,88,-886,-304,563,-992,806,-301,-830,596,507,798,-495,-831,564,-945,-410,877,-692,204,-896,-45,903,-961
-367,293,-492,215,-810,-69,779,-139,10,278,-787,-742,-799,132,391,-493,-958,831,523,768,679,-135,-454,-788,24,-406,348,-409,272,-553,735,-806,517,-225,-725,-489,-684,94,129,894,717,262,-198,-547,-465,-977,360,678,-956,-93,645,-324,-939,514,299,494,83,-508,515,-421,-888,-382,-612,-461,-561,540,226,938,-793,-254,94,-663,-47,-714,-116,869,11,54,-545,-60,743,90,-357,-312,-674,-643,99,-703,-385,464,465,-342,-336,-603,-701,-496,380,458,-726,251,-879,-39,-920,-101,658,954,977,-274,-490,-173,437,-806,-472,-427,363,600,-32,-815,363,105,-334,32,-793,-246,796,-590,583,381
-626,-838,338,-151,504,-215,-409,-965,-15,-286,546,288,-671,-51,-337,585,421,-99,-512,21,624,81,636,703,696,703,-599,-965,-517,182,63,194,-620,-313,752,-42,806,-936,172,-482,-40,-301,-966,-603,49,657,510,165,751,-381,906,-10,942,742,-608,500,214,-370,404,-959,-483,333,-431,595,2,-435,-476,992,80,118,-438,841,-817,-135,211,-109,-432,-82,419,-456,962,44,-289,590,925,-650,-181,-722,-219,-296,374,537,-138,420,-194,-27,-35,-683,37,234,121,292,-728,-894,457,-91,-500,-278,637,538,440,452,-860,-923,-456,-8,941,-312,-932,868,-584,229,904,431,261,-479,-992,-190
767,-980,-27,352,63,-441,-665,-84,308,-248,81,655,-100,-357,-352,-709,-826,465,-749,855,-847,157,-413,-54,547,-968,-323,-425,-567,135,489,-861,-613,-195,284,-30,-923,-124,-754,885,354,282,-329,596,-42,893,816,-886,564,-234,335,652,305,186,-520,-421,-764,-77,335,522,556,-189,759,-964,-121,867,-751,503,917,-285,-95,436,512,288,-702,-602,760,-486,234,592,-172,805,-610,-812,366,627,-62,804,-849,657,-922,744,-988,821,254,564,-334,-687,-269,-413,-49,-50,993,864,-957,990,187,-362,-186,-996,200,-233,341,590,-781,-905,-20,427,-390,-747,34,67,-210,-308,639,101,-846,-553
-318,-399,464,-395,-78,310,264,114,-905,-299,15,-860,24,116,188,-663,-848,27,146,-77,-575,339,698,240,-754,322,-600,389,-560,511,804,292,-804,92,-614,518,554,154,75,408,-297,-57,-870,-931,-129,369,-526,109,268,-748,614,-964,-453,-791,-917,-191,-590,-531,70,416,882,-792,-485,925,611,430,-65,256,621,-515,-268,-959,168,-832,828,-256,-426,-339,-198,969,392,-774,689,-319,571,900,-906,-544,-27,218,980,-854,417,952,-491,-665,525,-132,-622,692,-178,-709,-604,-140,-5,271,-824,952,937,314,-94,234,153,201,-846,-601,18,-581,840,625,310,657,784,542,-261,882,169,786
-12,800,-599,451,988,181,54,501,-156,-960,935,-581,-371,-951,285,535,753,-637,119,405,163,383,-831,991,-15,414,-277,-268,476,-915,-486,878,-369,-737,-396,914,-374,-791,-265,-319,-455,791,108,-584,-969,645,674,-976,-458,-930,-153,612,791,894,-620,-518,779,31,-392,475,252,676,560,-493,-590,524,876,-484,90,161,-481,143,-563,329,-303,-362,628,-77,547,809,-227,-86,-177,-204,-355,210,172,911,338,-635,-352,-699,-376,-22,794,-59,468,-888,-726,-164,14,-253,169,-970,-969,-248,-563,187,-203,-696,225,383,756,371,-912,-313,-751,-328,843,579,660,127,506,228,-771,-234,-827,774
-827,887,-19,-875,-452,-679,-422,974,-128,-741,-178,79,535,-402,802,-89,-591,-40,243,281,-669,-894,-612,79,349,493,-521,819,-182,-923,75,483,-754,-912,13,312,-10,580,406,-178,-925,-783,-961,-965,41,494,175,-574,415,971,-375,-944,-846,287,970,-175,-972,135,-243,881,-637,711,195,-607,-229,680,529,-867,886,-132,-708,53,-188,-1000,166,623,-958,667,632,455,435,927,-274,-800,-420,-965,-693,-213,-594,-849,495,-359,-378,-715,397,819,243,169,597,879,-421,442,11,-964,-761,-33,436,446,633,-909,-123,-844,-588,-193,867,484,-493,661,-28,963,548,633,-439,959,487,-166,17,868
341,51,-574,-473,-816,-16,428,-886,213,375,927,-673,-455,353,-248,544,327,-66,8,-392,-340,-744,842,-615,-185,777,68,521,311,-34,282,910,-40,0,347,-785,-183,-611,444,285,-827,-128,529,-524,-818,214,-402,-515,24,237,-738,668,-498,-754,229,182,626,865,-201,-803,26,-94,-459,95,846,-710,-491,-529,101,690,-897,-187,935,-98,-504,-18,-116,420,95,-85,-681,316,-202,442,825,-701,-594,352,-10,170,511,-4,-600,45,-124,-880,287,80,714,-128,-311,746,990,-947,-666,56,-445,-438,-335,197,-345,10,-370,-319,-419,-422,-380,-900,903,-431,206,80,205,82,-951,792,-161,-342
544,-340,56,-106,170,-122,-876,744,960,491,573,-628,-640,315,-285,496,-73,-725,795,-105,160,-301,676,92,-16,-624,-482,904,111,772,-687,57,-681,-951,-670,-586,586,-76,232,920,-144,872,-654,-295,-159,-725,-200,-173,181,-727,809,-268,-309,-964,-59,-422,-298,485,572,-245,418,285,-654,703,-347,-937,184,216,-954,857,354,-793,100,397,-163,-744,727,-37,-607,300,9,-132,804,-46,-684,-145,-199,131,-561,725,-576,-535,616,469,862,-228,-304,-919,-967,-35,527,419,927,959,815,240,-277,750,-315,-306,-809,137,-657,545,115,-996,769,216,653,499,385,386,-767,321,815,72,-829,-814
-833,-855,217,97,-416,987,124,-461,508,-286,-437,182,620,773,561,25,-8,-787,965,-712,546,853,43,481,133,916,287,87,275,-880,-76,-674,113,-163,336,354,-996,-937,-693,-324,848,364,745,-722,-631,-123,848,806,-487,-185,-337,729,58,687,-829,-405,-151,2,-758,598,268,685,294,707,-565,320,781,-559,66,-849,723,-580,701,-589,-623,-647,141,519,-57,-733,697,-773,708,-902,-73,-458,-789,-719,564,99,-459,615,-277,-845,-944,46,-594,319,725,-175,-280,84,-734,885,770,35,764,963,63,-492,-691,-481,454,604,-275,-313,429,618,-54,28,43,-861,-338,195,732,410,-395,-942
-417,434,894,695,717,590,112,-545,-799,719,297,-752,-713,-560,498,-981,-757,-825,391,-455,-45,581,354,116,307,689,-938,-820,431,956,-221,682,117,-267,-638,267,619,-127,97,950,-476,-433,411,346,-554,-29,338,941,75,155,-644,614,-395,-499,960,559,-622,991,499,435,-230,617,599,-782,-271,-250,-16,-436,-739,811,-51,-996,-889,493,863,-684,223,-704,797,829,-349,985,157,-416,-247,-768,-562,32,684,-850,-304,889,-506,857,161,793,-688,215,-33,983,-991,985,-594,536,-453,-322,205,33,-822,961,-436,116,410,953,-108,-194,586,344,-537,660,379,246,759,-988,715,804,179,-337
998,670,-459,858,807,-603,-444,626,-113,-71,-112,-175,-266,233,-352,734,-667,372,-985,463,31,876,190,-530,-145,476,-317,-562,-670,668,-343,-322,-503,-483,723,-531,-710,808,278,-20,-48,723,-222,-525,233,-639,878,921,-218,29,-541,962,79,-937,-143,765,-845,775,-304,-962,-339,-368,777,-488,145,622,-847,302,-180,572,686,-760,-463,495,-508,183,-167,812,-203,319,18,674,-272,187,-120,41,696,-602,-122,142,-428,631,903,290,-599,389,645,-200,759,339,-543,-250,-805,299,-497,-519,739,-755,342,-865,70,-790,-697,773,570,388,-73,281,-565,521,-796,-229,323,-851,-204,-281,-869,-928
-7,271,-947,438,-908,-502,877,-216,848,-683,922,-40,-712,661,-486,-800,249,674,-510,557,-340,482,-965,94,77,-745,-173,523,-397,567,-655,-502,-642,707,349,-399,41,-175,-786,597,944,-443,-583,921,912,198,741,-721,536,-673,-832,306,-93,-723,656,-621,401,75,-518,734,585,584,-226,-847,582,135,-328,-222,852,-268,-26,-880,-86,569,501,-872,-390,-860,444,-481,-897,-577,288,-296,-914,-24,550,-338,-633,847,852,107,-55,107,-524,525,963,-125,-387,-633,863,743,288,-450,425,389,19,683,-30,-697,-791,839,201,-420,-808,11,973,-774,-744,-312,841,788,-136,-609,-870,-817,-524,-952
-440,213,806,-502,-418,-389,-70,602,-675,-680,141,658,-578,-538,782,60,46,-143,-986,198,-514,316,-557,513,58,632,615,973,991,-238,-340,-130,520,63,-893,58,303,-14,-384,562,-962,226,-560,759,319,246,-380,-383,198,-508,538,360,-795,-64,234,-863,467,-781,-377,-579,710,-325,-978,-171,-880,-606,428,607,261,-20,-269,-285,-210,179,-247,665,868,276,66,-266,-511,-98,386,-942,798,958,822,861,499,-174,249,-770,500,-311,-943,601,-178,235,848,944,9,-849,142,901,-229,262,-243,-412,-145,-451,837,569,159,417,-870,-474,-400,130,959,-725,-641,40,316,454,-673,-167,-612,772
273,-832,-134,423,-625,-204,-606,-990,-986,-462,600,-617,-915,878,984,-260,-311,535,569,-326,-310,-932,-89,-416,-892,-703,503,-824,-3,-386,332,76,44,85,-261,-310,343,697,-562,-566,194,-851,-610,69,-26,-697,210,564,64,-232,-996,3,83,23,874,-184,-754,708,33,-560,-946,-488,-421,-330,592,524,-407,741,132,154,-573,900,716,121,-578,-133,786,507,919,-7,-817,-944,-351,850,75,-12,-71,983,-58,343,-772,883,685,895,-174,-300,-936,147,-836,967,85,-256,650,532,907,242,-290,969,-500,222,-234,-549,186,657,728,-951,-556,-122,-186,-328,-355,-79,-675,-69,-354,-132,810,-301
996,-560,406,548,-967,-72,256,-848,626,-279,-677,-858,-99,-320,-675,177,79,-70,794,-663,-76,478,731,-105,-978,464,-365,-269,760,797,-724,298,568,-866,234,673,119,441,940,797,648,978,654,-336,207,413,157,267,-293,-544,-118,-136,-702,-298,117,-643,144,721,-584,656,649,140,311,-671,664,-554,489,219,689,234,-64,-955,963,-59,475,-561,-72,-915,-932,-213,234,-980,-99,314,419,225,-587,-913,-7,-354,-67,-222,287,331,973,624,-686,-65,-884,243,-768,817,869,506,-823,-455,-294,-821,-770,-395,-12,-85,-7,-844,974,-121,92,-54,643,-920,-32,-784,-807,-120,-455,-847,333,-988
915,-54,-335,-552,7,495,-809,-722,326,-930,-161,291,837,958,228,-751,-617,365,-16,-93,375,980,-795,655,-228,462,590,-188,524,-568,896,866,556,-964,623,752,115,359,-410,157,-489,-13,961,-841,129,-841,72,870,7,776,814,-244,591,-905,747,575,217,-865,-690,-827,863,875,-863,-491,-718,-973,907,-798,-278,-684,-25,-197,934,-748,980,-739,704,987,-96,-489,33,-379,-697,27,584,-558,-299,-516,-669,604,481,258,-531,-647,-615,-240,307,765,-856,-137,-621,-751,-471,245,68,-26,-25,589,-264,930,-314,129,572,584,-514,-891,460,-228,-256,-414,112,-928,-813,404,850,515,-299,-987
-668,-722,-97,-304,-851,791,89,-70,-877,-973,-570,-860,-496,337,-640,62,512,731,868,-883,845,-220,26,985,211,33,628,528,-688,-131,101,-588,-622,656,-109,-167,835,-354,879,198,-122,-57,856,934,244,282,-942,686,678,599,-722,-136,664,-634,-55,-479,101,363,85,45,-822,96,-774,68,426,-51,957,-90,49,-881,1,-836,-193,131,-394,332,-415,262,566,-210,4,157,391,775,537,522,-331,430,-129,-369,559,887,592,-62,940,114,-563,-947,87,-987,532,-896,383,445,751,-417,174,369,589,-681,-612,614,901,861,-475,-740,524,-365,295,-836,163,-650,931,-222,-178,-118,-563,-483
-430,44,-159,980,791,837,-551,-261,567,-291,-301,245,-971,-510,392,234,-637,-781,616,718,155,870,844,-268,804,958,-148,-910,885,-645,-740,122,182,862,419,289,-332,-288,837,351,-148,696,-524,311,-214,459,-679,-168,124,-636,-296,-150,-47,-265,-949,-680,-860,104,38,-766,466,-500,992,-547,577,-678,134,-4,753,354,107,498,-495,-446,-957,16,480,-675,-935,-188,-310,-797,349,-151,848,155,729,-463,-185,-119,967,873,-700,351,-244,-301,119,452,-58,911,461,-855,793,-830,456,196,-265,-306,-84,58,126,228,-646,7,-371,756,-865,-570,-399,-396,947,560,6,503,-435,53,427,400
985,962,-769,-393,-115,-228,180,-233,114,591,-116,6,-504,-894,-1000,399,-836,421,-335,617,-629,383,-166,-993,390,-136,279,145,230,-546,-29,989,642,-558,417,327,-859,-40,955,-20,-855,-383,579,309,645,236,687,280,482,-143,913,48,-705,-269,991,-455,-656,-263,222,493,-163,-542,377,-667,233,974,306,328,91,340,-772,467,-476,-433,-826,63,314,534,-93,543,626,-415,164,650,536,971,331,961,390,-384,968,-336,61,946,-648,545,948,618,556,-188,63,-693,281,-657,-637,23,861,548,522,-877,817,-574,-666,-180,-11,160,-784,-111,-126,472,-793,735,762,88,-513,471,218,-65
-774,342,439,-982,-543,864,242,447,116,-453,832,-613,715,-3,919,861,104,276,417,-250,-328,167,-748,-713,266,166,-791,-793,-303,819,394,389,293,-42,-228,240,842,-882,425,-747,-90,282,660,-926,-782,-447,947,873,635,-866,-838,-418,-957,945,-306,-69,311,-202,316,757,940,-958,-463,-275,-223,922,-626,-533,-219,598,251,605,732,634,-531,-369,-947,888,-643,538,212,-63,-726,-86,577,991,251,278,658,-444,481,158,392,853,-317,-263,84,-609,-599,388,160,-325,458,870,-994,506,696,525,627,-84,408,-598,-221,811,-646,-682,-292,689,-494,-219,938,-735,816,40,500,-370,-70,722
753,657,-577,-156,631,-119,-848,-936,-198,-500,490,-141,-438,307,675,710,90,76,-591,739,-17,-44,67,902,51,178,5,-712,508,491,945,378,104,-527,-310,-830,59,-344,-743,-399,939,-86,315,308,596,835,349,-918,480,-888,722,613,352,887,387,665,222,-776,-472,-860,-295,641,-221,420,-487,-374,-537,-625,-82,-965,-315,178,-354,3,81,-82,-950,920,882,919,-811,-852,55,-832,-64,539,955,-31,827,-345,738,107,476,-430,17,-616,-22,-386,-135,801,452,-956,23,-538,591,-855,23,785,-189,-882,-18,-341,298,249,-535,90,-156,-716,-336,546,-72,597,640,-983,13,765,-39,-76
656,929,564,504,86,419,-865,95,-353,-603,-73,826,249,129,-20,-778,537,265,-606,112,-298,-960,479,168,405,-860,-216,-773,729,242,-5,564,-941,880,70,500,426,-845,-785,857,589,40,38,129,194,967,-630,-165,848,-372,901,136,377,-767,875,814,661,-830,116,-323,-746,274,-70,-398,-58,72,544,545,374,-319,399,631,-352,-210,-607,-420,-8,-377,356,-24,714,-995,880,694,-33,-905,-48,-945,-125,159,202,441,-919,575,-187,712,-348,-20,-324,314,-78,763,-19,782,74,-967,42,676,-113,-81,40,-186,-558,798,-423,-661,769,-623,960,582,436,815,864,112,-719,611,-195,727
-919,0,-845,210,-402,416,-506,-82,-179,968,367,788,137,980,529,297,-100,8,-809,848,380,-972,81,-867,-785,-366,-57,-791,399,951,-260,-509,-710,-468,-656,555,-991,751,231,-202,879,-758,-518,652,987,-283,595,309,-139,-23,-631,-323,158,458,-422,148,855,665,467,-237,902,-972,-717,-1,473,-941,138,936,568,788,886,-761,-299,719,-584,288,540,-940,695,-658,-968,-780,-496,-531,954,28,94,38,-740,-370,79,723,898,-671,-997,758,-451,-134,-862,-556,767,759,622,529,-858,969,139,239,307,462,-551,476,353,-656,-816,945,738,13,932,-350,68,13,-188,238,166,787,21,575
-874,-769,564,-987,934,180,-805,-327,-746,-249,309,-40,-61,-537,541,355,-339,615,377,-467,-531,598,300,-331,136,305,-120,-127,567,-906,-322,-471,584,694,-943,-430,-700,-996,-321,-582,71,-331,618,952,-420,-995,439,798,609,868,9,703,753,818,113,-948,-719,-718,-607,-538,-673,510,463,-76,-504,486,825,-629,-123,-901,-182,547,-714,953,403,505,36,472,-293,223,658,-841,-449,-849,317,-948,-2,747,377,-559,-606,801,-674,953,-271,983,190,350,-825,736,-164,163,318,267,481,-20,857,143,-801,-959,-718,-746,719,-415,-104,574,632,251,307,662,77,-340,-706,39,-855,-63,914,166
-207,-472,-795,-149,754,744,-863,808,-486,782,-973,877,121,238,497,-245,-410,-166,-931,377,153,-280,564,579,-609,447,-922,-230,63,330,-774,854,-792,-756,621,-504,-231,-230,-132,-705,718,-865,437,-114,702,674,57,562,482,433,806,-622,214,163,-746,-540,588,467,101,-752,663,-215,-691,-445,-156,485,615,-405,-194,-443,-77,-968,-809,806,-697,-911,215,-419,776,-10,841,-474,-335,866,278,696,-740,331,256,534,-48,-841,190,83,-765,531,-385,256,716,-281,895,-214,172,-450,816,413,793,588,-387,553,435,-978,237,422,-604,-797,-750,-581,-576,339,-551,-686,696,-501,799,934,-409,-959
-282,469,-15,143,885,349,-977,393,997,966,-934,-269,-90,376,-393,304,805,-28,-315,598,145,231,-648,-77,-8,552,-9,-359,744,-428,-198,855,309,887,-666,-376,-634,548,-877,34,-310,301,440,526,-463,-666,-579,-672,174,711,-387,-980,-640,660,901,371,735,-361,849,-204,-626,-797,-166,902,629,-627,601,-912,706,-369,-240,717,-260,-78,111,-702,506,-906,-759,525,-90,78,-309,913,298,-142,-936,-5,102,488,175,-591,747,-564,357,354,902,-47,446,917,-970,-194,706,-591,-103,51,-638,595,-268,699,-745,-178,-786,561,469,481,-227,-536,488,-734,639,124,394,-854,871,-851,-82,-890
-633,997,29,865,708,-727,626,123,333,-708,-590,274,546,-121,560,832,543,707,668,758,-2,776,956,-389,-764,456,988,-610,-228,-72,216,-36,233,593,191,-384,849,-996,118,591,-630,-174,-63,-245,-680,-204,-813,720,491,55,-156,914,-638,-210,-959,922,560,-282,-337,112,-674,-10,-227,591,970,66,859,710,-694,171,719,165,-87,755,386,418,213,-749,-279,943,510,-934,41,714,-107,-60,765,369,-619,-464,-551,-137,-571,278,116,895,451,-228,-274,-821,-335,-812,-392,-69,182,771,-439,333,-226,-848,-206,105,-325,-347,109,767,-592,91,-907,758,-650,233,727,171,197,-102,-394,480
-102,-786,813,-35,895,-315,-664,-494,-793,-517,374,587,473,856,-686,864,569,602,-84,890,-19,301,-452,-481,875,-169,657,567,-81,-859,604,-853,-892,341,-617,169,-340,-556,3,425,-64,-271,-681,-933,603,334,150,31,555,-82,262,-201,596,804,-910,-567,846,140,167,-429,-899,73,-349,562,849,-611,-701,-541,284,-836,-2,629,-380,435,-836,981,955,-218,-147,955,222,19,-506,869,-395,613,-609,785,-441,133,707,635,928,357,-254,5,-455,-208,78,574,-343,178,447,-623,267,174,-78,-674,124,-311,430,644,-674,-195,764,-870,-156,308,-192,75,-709,2,511,51,-25,-14,484,-752
-463,-863,-815,-735,-744,-87,303,-1,643,-22,93,680,414,-970,-519,438,-730,738,108,531,716,-22,468,-333,-948,193,282,488,472,277,623,571,-267,-655,-437,606,-312,680,394,-152,-609,726,-448,-390,-991,-999,989,431,-85,723,101,-465,986,370,-971,-371,809,19,429,681,146,-779,-411,864,725,179,-338,-887,399,593,681,-307,-999,-386,508,-684,901,-86,226,-781,752,808,249,406,603,-172,-956,-540,509,-525,-766,-173,-438,395,-246,-802,-155,655,619,-456,478,384,856,-225,333,-257,-369,-545,-893,-960,-649,352,973,-931,-583,743,811,-992,-71,-992,-585,-176,-582,-180,805,229,330,-384
472,470,-59,472,224,183,898,-100,44,884,-753,306,326,-294,-537,811,353,502,-45,831,697,971,-607,225,773,-377,-993,452,-646,188,-879,-786,831,-525,-181,-514,246,752,687,103,-202,34,-11,957,-231,484,-2,-391,907,345,490,-919,464,274,70,977,-226,3,665,-282,-487,164,-292,189,-924,911,224,-709,-677,-259,388,129,307,-959,723,960,257,185,-237,698,287,298,11,589,-190,761,-961,552,-171,309,84,-332,602,724,435,-205,-181,518,-594,-162,-523,-524,-394,-168,-218,-519,-949,-926,995,-760,-255,-979,-453,965,-886,706,-761,867,-692,-183,213,368,-354,370,355,181,524,461
537,-770,-46,-984,-881,-167,50,967,217,-289,-114,395,90,-786,-569,-863,725,673,814,-591,705,497,-363,130,287,244,966,-690,415,959,-871,486,739,-765,748,-608,-964,360,-535,-907,-676,-389,-327,-461,-319,578,-358,-876,-782,-855,-698,774,553,927,269,-200,-498,-157,292,133,-735,192,-393,-333,890,-115,-917,-210,-201,804,-866,117,628,391,-886,934,-382,835,-204,-528,-287,-740,-398,906,526,-578,202,-258,-571,772,480,-861,-173,-115,780,-525,-835,484,610,150,572,760,302,-926,-382,435,362,-950,-535,428,-346,800,-810,-456,463,-104,7,879,-46,-622,-756,-607,295,-431,-756,-258,-360,-493
273,485,323,-594,-575,452,-65,668,491,-682,474,158,-351,-488,-593,749,-777,915,101,-394,-451,801,815,687,-447,-286,-942,149,-666,645,-654,-36,48,133,-622,764,571,458,18,-636,411,-715,586,297,-263,-884,949,-221,-897,-809,-662,-924,-605,-556,-611,27,-385,250,-338,-805,984,-448,742,-751,169,-996,-213,-5,-700,166,-23,-369,-92,465,-353,-331,955,-687,-346,-317,-156,943,355,-288,980,327,500,-849,-145,398,120,607,-927,94,341,730,705,513,-436,453,-947,229,558,-626,-167,-870,876,-272,-753,-631,980,574,-234,-568,-672,-279,-444,-990,622,-787,11,-259,-938,-198,-831,73,1,-220
-481,570,752,-471,-335,640,-380,-820,-487,-275,-300,-754,622,406,-532,132,-542,-152,-683,-574,-218,-122,62,398,-818,518,48,873,13,-721,349,-542,-349,872,138,-905,757,-568,691,-574,-482,385,-444,231,-674,48,792,364,525,204,-626,767,-459,915,589,147,526,-680,416,550,-233,973,907,-206,879,-246,-603,-368,531,75,-117,667,-213,821,-834,-129,693,589,-3,727,21,-244,-986,266,648,757,-7,-420,-813,64,960,-291,843,911,-565,-634,-772,498,-855,-523,697,-904,-920,-493,683,651,840,-206,-334,-474,-498,-189,-34,-340,-727,-708,265,-503,-256,298,-348,-853,792,-821,183,-282,-803,-86
573,802,-687,-450,-109,-657,-537,443,351,-547,-562,697,997,-974,-981,-824,-763,50,-853,867,-847,-117,403,-882,161,438,-449,-97,794,-870,-529,-408,993,-953,753,856,104,-606,-898,341,103,130,578,-82,-323,87,855,-952,995,-992,368,-311,1,-958,-427,-827,987,445,375,-703,-961,949,186,-812,119,269,-82,-830,814,-534,567,-949,301,659,370,-12,840,37,-925,-602,879,928,-393,480,-45,-893,-376,-9,762,447,365,-844,-274,-946,689,-94,-7,-580,-835,-803,-235,119,129,-871,-735,188,-607,-944,-746,-526,661,-88,511,-648,406,-639,-559,-134,-941,-589,274,556,-357,428,-152,-394,425,544
-192,-935,193,706,-950,22,-163,-458,258,-66,162,-367,-84,196,655,-70,-245,793,816,190,911,-160,-160,399,-269,-61,-781,51,454,-259,885,509,-499,-763,687,875,-713,118,-477,220,-78,-525,-853,606,288,-112,156,-309,-273,-836,830,939,-784,-353,-275,391,134,284,940,-974,604,-967,-371,301,840,-745,-999,464,-483,52,-231,641,362,754,-544,-561,28,232,82,760,-603,-115,-298,808,-706,-45,419,629,945,-153,612,989,630,-489,-752,-951,-635,861,-37,758,-124,288,-16,206,522,-639,-996,196,651,-607,946,-135,-9,106,869,-923,351,360,163,-859,-961,434,-805,-941,-696,939,-327,-393
312,394,955,890,-433,324,-63,-442,-915,907,865,-429,-841,775,-697,190,631,647,-955,-983,1,289,976,340,-517,836,734,219,-227,-403,869,-982,-605,83,290,-859,794,-386,-698,-852,816,-288,104,847,63,139,-520,-754,-941,19,116,-103,690,938,-221,-475,-981,-100,229,-119,97,780,-827,-180,190,-10,149,-475,160,512,658,99,745,-123,-400,927,-158,-269,205,660,-739,-396,-312,-359,84,363,-175,-464,-381,-799,-813,-801,-906,-215,149,33,173,-830,-493,747,411,252,419,-150,-161,-664,-780,720,195,-848,89,514,690,-607,-863,288,55,-870,928,973,-681,-651,-666,-730,-93,796,-222,231
-827,172,232,-586,-694,107,680,-273,390,327,82,721,286,477,-415,103,849,880,505,-174,25,-359,-391,535,-740,-845,-966,175,24,919,478,264,930,631,727,892,330,358,-982,563,-126,-612,-206,-247,893,-175,899,-966,-481,-733,-372,-817,-632,409,-435,688,612,100,-595,866,-519,-51,-916,375,-799,545,98,790,303,-775,11,-450,954,-940,545,-534,-455,988,-264,-682,-320,807,-584,634,797,-236,737,-420,332,-750,706,942,567,309,-80,805,-701,-15,-770,681,-202,995,-821,975,-873,-775,965,-791,420,924,176,-316,555,-387,-422,-741,-477,269,306,50,-865,-362,-228,-832,-282,-440,-637,-736
-731,304,798,-938,837,-314,363,-649,-457,-76,-661,-882,10,642,-938,634,-899,-987,120,256,-251,462,-142,-531,-674,-768,-782,372,-933,-660,941,-633,-792,444,-323,-944,-978,319,-50,-84,-132,565,39,-697,306,-974,-211,193,-522,210,403,-421,-483,434,-739,573,-454,-324,577,293,480,-678,445,-271,-549,-840,-595,165,805,716,191,506,-857,902,-287,-788,-19,-463,-867,-341,528,889,761,879,-395,364,-725,-202,-415,336,592,509,793,-24,-178,649,730,734,887,834,-420,-187,141,413,560,915,-103,426,45,675,-708,195,603,199,-525,862,-514,-725,-435,-202,755,664,704,-848,125,552,-523,510
-786,459,-955,765,977,152,707,-936,41,187,-185,307,-666,637,-99,193,214,836,644,-461,780,-95,-985,343,-573,-809,-345,48,-796,-71,-518,419,585,289,-595,-698,921,65,-610,874,-802,308,-647,-823,-991,-705,-279,823,-159,-748,-964,676,-692,164,952,-811,365,-596,-704,984,183,-272,-320,425,373,514,210,-626,969,563,704,596,-261,-277,-506,-684,438,-61,600,110,519,-640,-708,-641,341,278,741,-860,-815,506,-373,87,176,176,969,-957,-689,-211,635,859,594,-43,171,600,908,-321,439,-173,954,552,-573,240,187,-542,-811,-729,-467,44,-379,191,-489,-787,-356,872,142,-654,-548,973
486,-721,-425,484,-315,-841,422,420,192,914,196,293,-614,324,-262,978,311,139,228,-613,-241,-516,-607,319,-44,68,-184,-863,989,353,-123,976,-844,266,46,114,-164,873,-916,-247,494,-201,-727,-770,376,292,756,-290,380,-285,646,147,638,0,854,910,28,303,-251,310,-56,-697,225,631,-972,-995,228,-337,267,444,-690,218,288,56,-799,372,85,262,-585,827,-90,781,-99,-703,715,-894,-825,-284,692,702,421,-613,657,-20,-85,-677,-803,159,33,504,12,419,-290,193,-746,-200,276,783,-957,663,847,-995,-107,-853,-350,-139,-757,-322,-741,-15,810,-561,-798,937,214,945,-796,600
-899,504,-315,964,829,418,-351,-96,199,-998,-100,577,38,362,-272,-449,521,374,487,684,67,36,74,219,-92,-607,709,-845,830,-301,-459,-946,-445,843,773,-14,953,829,861,-577,-810,643,-942,-965,-979,-777,-45,-337,-637,-618,-656,532,814,910,-688,591,287,529,84,-334,509,-654,355,559,-749,857,30,980,-890,-528,-47,553,-167,353,435,-615,-703,882,278,-894,-411,-764,-368,-566,-117,-770,985,1,854,96,-200,754,-968,-297,-834,196,977,746,221,-538,-197,-356,659,-376,865,-578,-841,-481,474,-926,-801,-123,676,-424,-909,-738,-912,481,-628,459,298,-566,-650,714,-983,-690,-385,-911
416,228,-123,247,699,536,-794,-256,-99,-360,-332,979,-309,348,872,-289,553,-690,-396,724,-145,147,-627,658,512,-76,-804,836,941,-679,224,-990,178,394,-935,-777,437,-703,633,-85,897,840,-672,579,335,595,731,-839,389,518,-753,-220,-711,974,-866,-385,-594,342,-57,-324,-718,162,-979,-80,568,349,387,-607,-460,-150,322,985,235,-508,923,582,154,530,842,-314,72,552,496,636,-713,-822,-121,752,-501,309,-252,155,710,204,-340,176,-426,895,926,-555,-262,60,214,-962,-695,-631,-495,-832,-806,-919,825,815,768,638,-73,677,-840,-177,-10,-56,973,-388,911,-951,601,174,992,-231
412,580,557,316,571,-987,-509,-463,-250,-364,-273,-144,441,-368,-75,675,-57,344,-980,297,421,-892,105,-182,604,619,149,-491,-95,-434,695,178,544,51,-925,148,-248,-628,294,-200,-611,-290,-147,637,532,-324,419,134,-904,401,-452,-481,-512,-999,-474,-636,298,544,-465,-651,-296,187,-925,-588,588,-415,273,212,-202,422,-653,438,205,-831,736,3,946,955,-213,-547,-351,-727,35,-138,177,-900,916,-923,-250,-430,-872,-658,204,399,681,477,-964,845,283,-694,-936,213,-134,969,581,-57,-594,-462,-139,72,-932,837,-191,492,-394,216,344,-522,868,-732,-802,179,-871,-503,529,-585,249,421
-425,-101,-616,789,-500,-571,-605,-821,517,757,-132,460,507,331,-992,247,-640,-158,-286,-69,819,175,-23,644,806,967,-936,-363,30,897,-515,46,-345,970,-823,-584,294,-741,450,-532,825,980,-375,218,-522,-948,96,929,-719,295,-37,-169,662,-813,292,-189,354,875,751,-374,950,916,-954,-922,465,460,91,142,982,865,-379,-263,874,-590,-948,-891,617,-991,-368,583,-530,-702,-532,-641,506,332,993,-506,-327,23,939,-990,97,-776,359,-639,-646,-40,-477,-16,708,-464,-528,863,283,-934,381,-120,-3,-1000,-980,-385,460,-869,-764,-901,890,-883,-429,427,-562,270,-247,-570,346,-621,229,436
-961,-519,-367,-211,184,-657,272,-196,998,-592,158,-415,590,842,96,-704,-920,-989,447,933,137,937,973,-755,-309,-179,829,563,702,-185,-768,-265,-595,-311,-25,-506,195,667,-873,595,7,-924,987,-924,-256,-853,624,736,-200,90,-286,58,389,-411,-99,-970,-542,824,-713,-903,-212,-120,-105,-266,-122,659,243,293,-264,778,468,-631,59,470,-112,34,341,-620,561,-859,909,212,769,-187,819,232,871,-979,108,229,-628,880,-906,-974,708,-972,-597,-132,-314,-149,726,-916,-299,-472,802,-895,269,906,787,401,193,-615,-710,-910,822,-764,276,770,-696,-582,10,327,808,949,-400,178,866,126
768,-803,459,40,-593,-9,-40,-187,109,686,-166,211,541,-847,884,-224,26,318,-429,-940,-436,8,-959,177,185,821,77,434,332,713,-646,-947,-238,671,-584,947,-951,-515,226,-164,672,42,-33,-942,-214,903,-44,657,-566,-722,908,784,-829,-952,-917,608,194,-928,405,-375,-167,961,572,952,100,223,648,191,-502,467,-356,344,651,-740,-271,943,-854,-379,270,934,-153,-343,84,166,38,803,341,-182,-722,-404,556,-258,-204,389,75,-380,445,-851,45,669,-75,289,6,-998,-757,-646,88,781,596,-598,451,-167,942,-528,-900,-221,-574,487,955,16,-36,-156,960,-799,682,-249,698,658
-902,380,-349,-321,-151,946,-322,22,-836,-929,141,557,426,-50,664,-960,-811,-174,-348,812,482,951,541,-364,916,218,-696,739,829,299,-625,985,700,-98,130,-848,141,-368,-145,976,556,267,4,237,-809,341,-776,520,-507,102,260,-101,696,-977,-552,945,-740,-937,965,19,-11,-639,17,-846,702,188,-902,397,-452,-958,-481,471,-258,-530,763,775,-614,722,-179,-730,904,-639,-374,-421,-476,584,423,80,923,687,278,-927,403,542,494,19,-685,587,-823,688,-4,990,-115,0,922,269,121,-201,496,-378,702,729,-673,-804,-250,-966,743,718,-246,752,-156,-234,-652,-896,581,-398,612,-846
-36,199,395,-702,602,964,141,697,-708,348,691,-628,-192,599,-688,-780,169,395,-629,60,383,-246,572,151,-167,-748,-670,517,-31,680,683,692,722,996,-281,-219,484,-613,-86,459,-456,-603,-340,-732,654,839,-652,-551,-791,983,-757,64,939,-785,795,219,-93,597,-90,-383,-940,-813,-506,981,-364,-767,-55,985,262,76,774,248,993,918,811,-964,432,-10,687,544,919,-899,-710,-459,-432,-433,-161,885,457,170,416,926,-291,79,992,-437,-711,313,-705,-832,-986,-904,-229,240,-761,-367,962,971,157,-983,923,-80,686,828,-629,848,-658,-401,898,-439,-785,503,-409,-805,-216,98,-589,-441
177,845,267,781,960,348,-628,226,-611,-426,988,-301,434,-893,591,-593,466,-233,322,920,-618,-66,-241,-329,726,-687,203,349,239,-827,659,10,369,-31,-9,252,-396,-746,-178,-139,738,-253,-848,-922,-128,-285,290,529,786,-184,78,939,-631,510,-440,-262,-274,744,-84,719,-940,-239,144,167,-11,172,197,-929,-860,-787,830,-73,622,-468,134,-957,298,-347,-133,-921,762,-250,-208,-325,141,961,764,-542,73,641,-870,612,-34,-204,69,-455,27,709,396,-721,422,-343,665,223,616,-282,-938,293,-345,-291,-701,72,-531,-74,59,-520,-792,-50,364,109,-38,922,-441,-55,-415,-769,-521,-241
-761,436,190,-904,-316,7,501,-310,-175,-564,584,-246,-227,995,223,974,443,566,487,821,79,698,-176,58,-193,630,969,286,703,869,143,-386,116,-405,-395,824,906,-966,770,-837,-160,341,-739,454,-255,654,92,-446,-921,520,4,276,-682,-455,-513,-429,-479,783,-37,-895,514,26,-721,568,-758,705,342,-16,867,-505,-355,-302,897,-200,201,765,952,-762,632,362,-785,-546,-585,687,688,-315,172,-919,12,847,-964,-208,-2,-608,297,870,578,190,186,-833,609,162,-624,664,848,846,-475,965,167,178,-424,769,-876,-233,640,169,318,804,-698,-670,-159,-545,-324,539,33,-336,192,465
67,265,591,-311,432,-522,29,-684,256,898,715,935,963,-242,206,-471,-207,822,952,-773,-203,-99,858,-236,-245,286,-986,864,99,626,-477,-586,421,53,184,895,412,-797,-181,645,-676,867,-500,499,453,869,905,381,876,454,-853,634,-979,-376,-141,-912,-728,97,-712,182,-490,-877,283,-942,-348,-257,609,-270,67,-45,-453,145,-175,-554,-235,-245,-702,90,224,-799,824,-464,789,-94,-977,-461,-743,757,92,-383,-399,370,639,150,-506,201,184,406,927,363,-850,533,-513,-583,61,419,-569,47,-109,665,875,-1,-891,-753,-27,962,550,-479,271,-523,131,-260,-367,134,-674,980,-909,-319
-215,248,-619,213,736,686,783,865,73,-619,-345,949,-509,93,-775,-321,616,15,-41,-783,719,-194,295,-873,-142,603,132,787,146,-286,251,775,-216,-209,-397,-43,142,413,136,-399,-285,27,-559,669,753,-359,34,-514,599,792,-459,-787,-383,338,-430,207,-731,155,363,717,-366,162,741,865,-755,3,-140,341,404,131,-467,286,-446,228,-759,-883,-732,234,70,-749,931,-699,-439,984,-612,-501,-308,-46,-214,335,-190,-270,686,515,609,-331,258,477,-761,996,139,789,356,622,93,-391,584,-508,710,-249,618,-135,806,-648,869,-242,-749,-829,-17,-717,-954,324,-637,112,-423,791,826,989
-6,-938,535,678,-846,-243,30,990,395,-193,196,620,-718,-993,-75,-932,-772,-812,480,31,-358,837,314,705,-130,613,-960,168,162,-517,76,-632,892,864,-296,-677,-927,280,431,349,-990,485,-297,554,491,383,-20,-702,-744,-429,36,-446,860,-242,930,544,551,-698,31,860,-812,-52,-31,-323,498,345,-679,936,694,489,-165,-860,158,72,-721,87,-583,832,874,-370,393,-382,678,577,-999,-173,-411,767,-148,-449,541,-933,15,773,-355,-628,661,578,-525,-113,715,303,-441,-816,656,-855,252,311,147,306,-393,72,-549,157,-915,-132,-469,513,-954,627,119,-425,-251,489,-832,-529,-351,-952
-643,435,-804,207,590,319,-835,288,-477,728,4,-421,287,74,428,687,-912,-354,-976,643,658,-124,498,56,989,946,-779,-358,498,782,-796,2,572,-700,847,-669,-874,838,-521,-196,-646,-418,593,-844,946,-959,-838,591,54,351,-303,576,-10,962,66,560,-983,231,-533,-184,-578,-294,-352,-677,-372,442,894,-156,102,751,-368,966,-583,-836,186,561,236,867,819,-870,144,-621,212,-20,301,403,-949,-101,104,-154,-774,213,-217,-281,-200,669,-507,-537,-177,-152,639,918,723,-217,-74,351,147,938,-465,346,-286,-384,-421,246,-340,-134,-726,764,91,-524,-477,-232,970,950,-727,-257,-117,847
-563,-727,-614,116,567,932,-697,935,-863,913,689,-489,272,-347,-53,519,-509,-194,297,-919,-271,-720,-503,207,841,-726,-740,-780,-370,885,-429,-19,666,-72,310,297,651,672,920,-458,-192,198,-103,-344,-343,-766,-12,-870,436,280,-741,-729,-420,964,-696,601,858,-416,85,466,-822,324,300,492,303,-48,-183,574,-967,18,981,-968,-852,961,235,585,-349,-119,-764,209,-27,998,-268,795,579,548,-20,590,369,-863,355,-655,-346,-43,-693,-760,-190,568,-459,141,-28,-983,-525,-995,191,-114,510,19,840,-999,-255,-74,764,690,-148,888,-449,828,653,777,-22,-138,-52,-358,-656,-752,-862,-526
-189,-551,273,64,-94,461,873,-701,774,-523,7,431,832,-975,-59,765,-759,742,-550,622,415,-590,-155,352,805,657,509,-626,-432,-637,-845,-622,-782,-837,214,-13,111,-905,300,314,368,423,-735,36,765,537,331,312,-422,477,977,384,95,-700,834,-405,76,-930,141,96,750,-373,642,372,-426,-439,327,249,159,275,-393,949,136,473,-766,729,-156,-528,-903,841,411,-529,444,49,-407,24,-137,-135,-938,53,-657,-943,-308,-642,-433,710,424,98,53,-688,-629,-742,858,-17,605,-74,208,834,-574,660,-363,-360,771,-514,-16,458,880,-176,-445,64,600,404,-117,-212,999,-948,62,240
791,612,629,282,-424,-34,-919,706,888,744,594,838,-376,568,-607,-316,901,-375,-440,-265,459,512,-867,-32,-607,537,-93,-63,519,672,389,-288,845,-7,-965,670,167,-425,-66,-88,-538,-640,761,732,159,119,-374,673,850,-532,-785,498,936,232,-340,-238,-938,-402,711,389,26,-557,-308,-711,817,-580,-157,-766,146,-851,-536,520,-243,673,745,-143,987,589,-968,-744,376,-987,289,650,-927,-637,-66,905,595,217,-570,510,-977,331,-675,-229,742,576,674,-442,-462,-311,791,-712,-898,-556,368,895,-95,909,151,168,-353,-305,766,-616,206,-411,-964,753,249,-152,-388,-674,-212,192,-262,-32
-528,-145,-544,-739,-663,611,917,763,-706,785,175,-461,-91,968,339,-194,737,635,976,-915,393,598,98,421,-58,899,-812,312,-590,-112,-637,-410,-503,-585,61,312,-339,-128,513,365,459,710,-523,-11,306,-536,771,-132,365,-434,-118,-790,683,-527,716,572,112,-353,252,-169,-420,-532,548,670,-228,-117,622,173,497,-524,-159,-530,460,-189,-202,678,498,614,390,327,519,-9,-889,311,-151,-755,961,734,-477,326,-508,-771,138,614,878,-769,-817,-606,492,-530,590,262,-950,628,-338,592,401,-403,-589,-616,746,-720,799,-51,95,-171,-79,764,-841,870,77,-99,57,919,-3,426,-896,-588
-191,605,-544,873,-649,954,555,-185,950,916,94,-604,-638,969,332,-423,55,-181,34,613,720,161,-658,-844,-765,537,-442,-244,-690,817,-702,-451,-250,-758,318,-167,-279,-385,191,-482,-678,847,-223,325,671,891,27,-757,-348,-535,666,385,-504,252,-998,329,921,590,542,367,228,250,-78,-68,757,130,-637,-451,-482,-729,691,121,-595,436,-454,41,962,-903,215,-927,582,-796,512,443,-485,-646,959,173,-527,-715,566,360,767,-485,502,330,-685,-446,711,-840,-913,928,196,-439,795,-851,988,-439,285,897,-572,-425,-173,-648,474,827,65,6,-179,667,-889,-144,790,-402,250,-114,219,536
780,433,356,787,894,-167,904,-336,473,-630,-888,222,713,236,427,-967,-510,365,323,-699,482,-610,418,-61,-922,-412,-676,-88,-766,-288,-806,-539,543,131,-940,-312,-839,-708,381,-383,-437,-161,-386,-375,-472,627,913,674,-694,-876,-174,381,978,-977,952,230,-727,96,-83,-359,770,-101,169,-285,-458,801,-733,772,376,91,156,309,-885,-999,545,-924,-599,386,-40,661,820,677,-729,-479,194,-549,434,982,-383,605,9,937,355,655,757,-338,372,3,968,408,451,-671,515,-868,613,-613,-428,-12,-732,996,5,-477,52,839,485,-431,824,342,349,529,-749,-782,481,-498,785,-847,-548,636
-210,-69,305,-534,743,517,-76,962,422,618,-322,-126,-484,413,-513,-934,-811,945,-677,107,-534,-435,-276,136,818,-642,-898,-119,592,805,-275,-35,517,-959,682,-710,-27,-776,-531,13,581,-891,769,417,851,-934,-676,575,566,360,-650,-130,-963,403,-334,985,973,-156,450,290,939,-148,761,913,400,-505,-514,328,-461,-641,-307,374,315,67,259,664,-952,-165,585,646,-217,785,547,878,-301,-193,268,918,756,240,653,-661,260,-530,-596,-834,2,-5,-517,134,38,-982,-159,550,83,952,-15,-563,-340,603,250,674,491,-705,-154,-194,484,-796,72,-811,775,-405,-530,-935,11,-349,-7,263
19,-200,847,985,710,-31,-983,113,-895,309,-534,285,263,512,-636,225,-346,-270,-275,-511,-214,593,-698,531,-282,-339,829,743,945,-994,303,17,-948,-636,-154,-553,-841,-627,-336,825,-645,-551,171,357,-869,-659,789,849,874,560,331,171,740,597,-893,354,336,-723,-902,608,246,-400,573,-66,-340,-66,725,727,955,527,-528,-903,-139,-921,-962,-210,228,-676,-352,-163,627,658,433,180,-121,856,421,-609,-796,-512,712,325,-145,862,287,-371,191,-929,209,785,-237,-78,462,344,-502,764,183,-357,905,428,-571,-477,67,683,-556,692,177,-439,-469,-217,-941,260,361,781,-225,335,-223,119
15,-957,-878,297,-378,-901,111,-641,-766,-134,-844,-921,-962,725,-603,392,291,-118,-324,405,-48,643,791,607,-439,-266,-581,-538,-740,-741,58,-921,-448,151,-235,298,981,-585,706,-550,-822,-557,531,-339,-103,746,-809,-973,535,173,939,-871,582,181,247,958,-625,-654,-903,-719,877,-36,-38,590,-661,55,671,369,526,756,706,-408,-977,398,568,87,321,-608,-625,743,-182,783,736,-421,-896,912,-675,-168,-229,408,332,-952,689,-476,-262,370,-61,237,-860,-334,23,-564,-302,155,-380,438,-600,-923,800,-63,745,-407,-604,-220,-191,-645,-41,-516,-654,380,-709,584,-142,-5,-413,-6,918,-382
-872,232,-469,-532,977,-323,45,-836,575,799,-790,-220,-503,2,626,-510,-723,416,-891,-956,-418,324,486,836,596,187,-338,824,360,-621,660,-482,-136,412,15,-606,-674,-764,-193,694,799,-420,-294,-733,328,716,5,-206,-148,936,-114,-211,593,-264,247,-432,214,756,-730,-856,457,-907,-388,-266,-166,-734,-887,729,-814,80,-663,305,-456,-775,-385,654,-975,47,800,880,-843,267,-176,-956,842,335,263,559,169,384,11,561,-101,758,-639,539,140,814,-857,742,174,944,-613,-274,343,555,755,-468,-859,-726,-898,-471,549,-588,59,-541,-62,-672,364,245,278,134,-532,-587,588,201,115,-182
