1,119
5,168,199,180,62,99
11,161,64,197,207,199,238,12,85,19,32,254
11,62,186,248,74,241,71,127,252,182,29,99
15,71,71,247,250,211,168,81,7,221,111,206,89,51,199,237
10,129,47,72,14,200,99,104,11,231,121
14,35,124,56,195,250,97,80,155,15,66,235,31,118,196
12,198,226,116,126,21,137,122,32,79,41,3,39
7,55,156,38,248,250,81,206
12,91,53,152,119,245,18,217,62,158,207,207,19
9,245,126,90,201,53,41,156,179,117
6,118,163,38,193,141,36
10,148,137,36,191,162,147,114,181,171,197
8,35,183,184,40,207,166,250,177
16,142,246,217,162,57,30,12,94,233,178,156,254,216,145,147,172
14,47,186,190,230,196,34,84,72,146,74,31,59,141,219
7,48,250,8,26,198,94,150
7,17,49,165,6,133,46,192
11,232,68,120,165,234,251,45,224,229,231,46
7,48,120,120,181,225,126,101
