1,14
6,52,174,188,212,221,233
2,180,208
8,8,52,74,127,131,178,233,237
4,13,59,61,229
7,93,103,113,170,173,224,253
6,75,129,160,215,232,254
5,6,107,109,134,179
5,15,35,50,99,159
3,17,155,165
8,10,16,30,47,109,114,139,222
2,36,220
1,61
3,122,169,203
3,69,204,206
1,86
2,16,210
5,14,40,44,184,251
4,161,165,213,244
3,28,96,160
8,29,31,94,153,168,170,175,206
6,23,28,66,99,165,204
5,75,86,88,117,233
5,54,83,132,136,249
8,31,32,107,112,124,157,165,203
4,58,60,165,231
1,222
4,31,161,214,253
7,2,21,68,73,158,198,251
8,16,58,70,89,122,126,151,237
1,159
4,25,65,144,221
