1,119
5,62,99,168,180,199
11,12,19,32,64,85,161,197,199,207,238,254
11,29,62,71,74,99,127,182,186,241,248,252
15,7,51,71,71,81,89,111,168,199,206,211,221,237,247,250
10,11,14,47,72,99,104,121,129,200,231
14,15,31,35,56,66,80,97,118,124,155,195,196,235,250
12,3,21,32,39,41,79,116,122,126,137,198,226
7,38,55,81,156,206,248,250
12,18,19,53,62,91,119,152,158,207,207,217,245
9,41,53,90,117,126,156,179,201,245
6,36,38,118,141,163,193
10,36,114,137,147,148,162,171,181,191,197
8,35,40,166,177,183,184,207,250
16,12,30,57,94,142,145,147,156,162,172,178,216,217,233,246,254
14,31,34,47,59,72,74,84,141,146,186,190,196,219,230
7,8,26,48,94,150,198,250
7,6,17,46,49,133,165,192
11,45,46,68,120,165,224,229,231,232,234,251
7,48,101,120,120,126,181,225
