165,218,-782,898,-451,637,-644,693,-130,859,471,96,61,430,328,-791,-50,-504,-36,-221,-522,160,-943,324,-213,-139,-975,216,-177,362,-197,-96,690,-860,-940,281,812,34,129,-915,-653,255,142,-356,145,-427,566,-499,-80,-708,-366,97,-501,562,-2,256,475,508,989,-639,-696,-724,-560,-583,-794,-773,-771,900,-952,-813,-44,-705,566,-584,-503,492,884,88,-3,-945,914,887,678,189,-772,-983,5,13,-924,-350,504,669,627,-49,274,-684,-167,703,808,466,-570,-68,-88,343,-82,-112,-65,-458,243,423,124,699,-916,833,626,-945,-308,-614,-415,520,165,579,-514,-405,346,781,-741,-755
980,-959,32,-266,-154,155,988,-782,200,-696,248,448,-708,679,-125,824,-975,1,397,-5,87,152,284,-775,114,1,646,676,137,-38,-28,-16,594,82,-294,-788,494,765,-807,-77,334,941,-250,417,-618,-133,-77,-849,-557,-655,992,-26,949,765,-622,524,792,778,-910,-422,-353,-954,351,-176,814,-579,-146,744,807,-100,-684,-694,40,-276,986,-49,775,945,-282,-637,-868,-9,-888,-569,735,-806,593,-709,-996,449,-924,677,-772,-382,746,225,-652,-63,953,480,-20,840,-880,-407,377,-720,-374,-444,920,-336,309,-624,-836,661,-582,-322,-363,-155,-638,-12,-938,-690,388,769,-486,-419,899,236
295,405,149,817,262,-863,778,336,-767,601,317,396,606,-108,763,572,-923,-672,221,714,-664,-640,-863,-39,-822,-590,532,-694,-140,135,-758,358,-541,7,529,-939,-35,-780,112,-885,-276,141,-88,-681,340,714,773,-276,-204,-274,476,-209,-535,357,475,-951,422,410,939,312,-192,-937,469,770,-601,77,550,566,666,-673,25,-396,428,672,929,508,745,633,733,343,641,-166,-454,573,899,-259,439,149,-844,-706,-278,-838,-408,498,-715,922,335,258,-479,505,659,79,-218,347,-715,786,-293,158,-412,-332,-846,592,580,-271,-697,-162,-849,-173,52,504,602,-604,-663,-679,738,54,123,806
590,-849,103,-658,-630,845,-765,-60,-394,551,-778,623,-297,-501,213,709,-528,940,624,9,501,-66,838,750,-789,549,626,465,729,-487,-180,564,-6,-752,572,765,-741,990,-439,83,144,54,-984,-739,-931,387,170,-188,280,811,439,-556,906,948,-892,-789,-393,-994,-693,917,334,-749,-462,-465,96,-605,184,-435,7,-880,573,-980,-738,391,-59,913,-725,-694,-922,493,904,20,494,-900,-989,547,-56,987,761,-806,3,-927,-953,708,-750,-907,-225,-912,-754,-105,994,-163,835,-460,-144,545,936,859,-748,-298,-583,-391,61,-23,-445,287,695,73,-968,429,-12,-259,-102,-139,494,418,-944,-775
796,-788,987,-166,-379,298,-913,693,263,-736,-585,916,579,-507,887,591,-725,984,723,960,-28,-89,679,-621,-881,-449,-981,-545,-851,-402,-349,-58,661,835,298,-368,777,-383,-706,-399,-583,-899,50,-452,521,504,722,896,267,-693,-328,711,253,638,-18,-7,556,-601,584,528,-231,-798,961,969,54,914,791,68,724,681,362,-762,-292,623,179,629,276,931,679,613,-314,277,-871,-538,-589,796,-799,-773,688,606,797,-351,216,336,-444,-31,-491,740,-350,302,226,-902,99,547,-352,351,-884,555,917,-936,738,-455,-858,851,-919,-802,-428,-539,287,-108,-872,688,258,491,296,17,-250,160
-482,869,-423,687,417,-630,-423,70,-273,-1,-338,896,-562,-916,-774,603,404,861,-951,-449,148,-648,47,-360,535,-156,-526,679,-702,-192,-639,39,258,-847,672,-275,-386,-423,-521,545,782,-367,683,942,954,764,947,27,-331,982,692,-487,-904,484,-46,-678,-911,78,-819,918,169,787,745,-938,-247,-546,137,-164,-580,-103,122,-623,36,-426,-758,-239,-110,-197,-731,72,-788,83,66,-74,179,-979,577,-736,543,191,-240,687,127,-808,-222,-31,-436,344,-387,668,522,-329,29,-550,-405,-449,157,229,-246,-286,648,-700,-835,749,-288,124,670,-554,271,-950,411,750,-81,527,223,-362,788,-606
965,37,892,394,-274,-825,-267,-14,836,533,842,339,424,307,305,526,716,384,804,837,524,-800,-69,634,265,933,-728,695,288,893,-190,-332,-325,-784,-386,-324,-935,-146,799,-154,-690,-229,880,-503,-473,66,662,-212,302,773,224,415,-633,841,734,-931,11,422,-208,-514,571,-730,435,-241,-231,857,-909,196,639,-195,36,107,-29,-512,993,-230,13,605,-797,-10,993,881,-410,876,-574,-653,718,972,-994,826,446,-635,-223,-933,974,-331,922,-572,-65,-146,848,-109,-521,-872,221,410,-803,-534,509,85,518,-540,-698,567,786,-852,848,-362,-492,103,87,-257,-905,-978,94,351,-203,645
443,684,-993,-471,-350,334,-498,929,855,97,-437,-381,-573,-927,-676,316,-986,767,13,-274,-283,931,973,-481,191,-663,-970,721,487,-557,-658,-226,-189,426,-613,-740,-160,728,86,837,-100,-685,413,-634,-306,-310,-722,334,276,-513,698,-947,547,-683,810,408,-356,403,806,388,-882,-443,-948,-44,714,205,-344,396,-341,-852,-51,592,394,-516,-540,-367,102,380,-506,-233,699,-645,900,-7,-850,485,519,-60,-476,582,939,-89,-800,-906,-202,-322,164,166,-713,-560,126,579,-130,-349,-643,-218,-826,-63,790,-940,631,763,620,-751,403,-697,886,755,262,-656,-397,-552,-571,936,56,881,514,489
-789,-35,890,641,-580,-762,394,-3,-752,628,-419,-610,354,-198,445,-992,999,45,595,622,551,-114,-408,585,-743,915,-860,-992,907,961,45,60,680,-674,-428,757,-628,168,119,-184,879,459,-757,-66,15,-707,-167,-47,980,-928,-47,-913,657,768,-592,-652,133,787,184,233,846,-712,412,303,171,-849,530,669,-805,956,44,530,903,-777,550,-630,928,-470,33,-161,44,-456,-281,172,789,347,-183,512,39,167,-118,-745,-162,285,527,-647,-311,140,-29,-113,-327,785,-917,-731,-591,697,988,861,-364,-469,-899,-761,-146,829,127,741,962,570,-409,-770,-391,-691,576,816,85,-393,528,179
-592,489,-474,-692,308,565,-394,-445,-382,-670,-93,-154,287,-103,799,48,-126,406,-118,753,273,971,-610,679,588,-270,212,36,517,742,233,28,-878,501,29,-228,-93,-73,-790,-500,-311,-845,-446,-95,64,-775,382,-591,-159,868,-398,711,306,325,258,68,-776,-808,547,808,132,372,-146,377,-181,964,-88,-149,-127,-775,-703,820,43,-895,305,832,-76,703,484,140,-412,429,-502,592,113,-870,-354,944,887,-326,28,284,8,-781,606,591,639,647,62,-553,7,557,-648,370,-401,693,-451,-313,513,-428,235,-316,517,-65,735,-698,-787,-484,479,238,-688,-500,-796,214,-128,369,357,723
-177,-214,-440,-373,779,-745,820,794,-983,507,-920,-411,-454,-259,253,120,635,-879,499,860,536,-156,-197,496,806,230,-178,-976,-332,-73,-111,58,706,768,-749,-714,876,985,-205,102,-63,-542,-341,125,-439,-825,-226,166,99,-112,-292,411,-742,-120,469,-442,813,19,178,-80,673,523,452,978,169,-402,-347,-917,191,-130,-71,471,750,50,903,231,896,673,-56,-360,994,-231,-369,-787,-844,321,-271,741,642,-236,194,260,430,-761,293,940,301,842,306,-279,-218,-284,-406,-465,884,-300,-208,605,145,-314,647,611,-571,-732,648,730,947,594,244,558,-364,-425,-326,-699,-345,157,-717,-763
-216,112,834,842,-868,337,-987,-974,256,-757,-610,436,-235,884,-689,-796,-26,447,-798,364,838,847,250,-792,777,270,-959,-263,712,42,574,982,-213,-103,-794,617,-169,701,641,434,650,-63,-342,-818,-477,590,803,-368,-546,954,201,273,-126,-318,29,910,-890,-478,920,29,42,82,-854,-763,913,-996,616,771,873,440,-612,-41,-261,583,986,127,830,98,733,874,-939,904,-816,280,-184,266,57,-800,-779,-393,377,-342,-521,-201,-659,-21,434,441,609,656,35,-210,4,-162,587,-380,-383,636,586,-540,372,-678,-457,974,-127,-75,-766,59,259,757,292,-665,811,493,905,981,917,-32
746,75,-162,-552,529,-77,-752,-917,-210,-164,-879,459,-873,-792,704,-302,800,283,-720,-33,-128,-463,-980,507,338,392,435,350,933,84,619,925,-402,-849,-701,-650,-658,-925,-509,-944,406,735,-335,-45,928,169,-55,990,-466,-880,188,-89,-580,652,-572,790,291,-599,528,-683,656,-406,-748,-463,-452,-78,742,-939,-494,-740,545,157,560,448,199,-521,-765,618,-87,-982,399,846,528,-572,932,-166,882,276,611,829,-105,-400,158,-932,673,912,-690,-367,342,-864,-56,16,-923,-530,316,-604,919,948,827,-863,349,147,-731,-620,-58,881,825,683,267,278,321,-976,-462,772,392,-615,-742,-439
210,990,93,-628,-699,-361,-892,-397,49,-373,591,767,-22,-700,-230,166,-90,855,609,397,8,-744,-307,-983,-894,985,749,-521,4,752,-209,895,-543,-668,-308,-367,-309,826,-384,-311,671,961,570,-555,-940,-422,944,-358,98,-643,-94,915,64,441,-897,648,-83,658,395,116,18,552,57,936,855,-331,208,-122,188,385,-158,248,-506,-193,9,511,-666,667,-32,194,-456,-87,-893,-688,-987,-256,740,541,-246,406,12,209,329,-748,-144,-383,12,-877,-171,300,485,916,879,-316,-316,807,264,380,983,-175,-699,-692,-744,-841,-66,3,34,566,445,-945,231,-388,-509,-836,-392,-75,-402,870
377,-757,113,600,340,24,148,-135,185,782,171,-846,-418,-390,971,-809,273,725,-252,-255,-239,-967,360,-221,65,-454,-115,-41,-871,459,7,263,-212,-520,-808,466,907,798,747,882,-549,564,683,242,-111,306,85,468,-108,-219,-654,397,847,206,-700,265,381,435,95,431,-255,-879,-934,589,784,18,-912,-935,986,-471,-343,-680,-728,73,-353,-911,-819,451,-768,-789,172,-753,647,469,353,78,865,175,-966,130,33,459,38,291,121,-405,-848,-230,-212,-608,-209,342,257,27,-123,745,724,730,157,-744,-595,517,-629,-34,-630,-784,476,772,-548,672,369,-749,-170,968,300,-662,394,-878
-694,-457,74,99,-58,-610,457,572,-294,903,157,575,391,407,987,597,-366,-223,850,164,890,429,-501,727,749,-847,83,237,999,530,516,362,426,-413,-765,364,950,-744,-396,0,510,-206,-950,-343,-970,-408,-337,-932,-89,-827,-767,585,135,-114,825,-171,965,951,-475,-587,-389,153,23,537,-354,562,-565,344,-94,926,123,105,912,-166,833,-80,-664,908,-686,-889,694,-246,716,300,-73,357,-700,-375,-356,-124,-473,-49,33,-211,-353,685,-980,-255,-424,-321,-197,-854,884,797,208,-101,-192,665,-922,-410,267,594,-711,730,895,875,382,-637,809,-282,-761,328,-330,-828,906,774,-365,-893
639,44,254,-745,253,474,69,641,163,-632,706,-566,-767,148,371,229,-240,-936,-555,496,-556,566,779,-120,282,843,-74,977,904,332,734,-867,208,45,621,468,-242,550,-716,655,-586,152,805,367,54,471,1,787,67,700,-851,-248,978,467,-876,83,-270,647,-899,617,457,-192,-754,-981,359,-302,568,710,-454,428,570,856,369,128,571,-267,-693,-647,943,975,-535,-263,-407,233,718,479,250,59,928,511,-965,883,484,942,215,348,-808,-126,986,466,-746,5,620,471,-541,137,784,948,695,-261,995,825,635,-905,-546,-393,-761,-977,746,-706,-118,933,-969,-2,-182,-468,594,-520
400,495,-12,-635,-218,956,-24,534,749,517,-895,-47,-42,-412,720,-538,327,712,217,810,-120,-301,-676,-621,-934,401,564,523,-5,-687,716,622,123,-471,-397,222,-452,897,-899,762,-88,909,155,217,560,569,511,-42,-629,965,845,-641,-950,880,-794,834,-249,484,704,685,-406,-907,-915,379,876,-601,-668,-109,-686,517,-974,854,-369,981,505,792,782,382,477,878,-945,-836,-273,-721,-359,352,-643,-647,-812,-204,675,-711,793,-176,951,888,296,-988,396,-970,-955,-105,467,-429,-529,163,-238,927,79,-941,321,-723,-803,76,35,468,25,754,397,-591,306,261,537,520,-214,-406,768,-354
177,333,-437,753,-457,-490,264,-742,601,-744,709,-12,-229,-378,285,654,-62,-97,987,-947,599,-590,314,48,-811,262,993,781,-160,-37,888,-454,-832,451,-906,-898,-469,-453,945,-38,-657,-897,905,133,-730,856,-806,13,-590,708,371,884,-225,551,-270,485,797,-326,-434,21,-573,79,648,-114,796,-542,-871,934,-248,226,-904,11,315,227,-757,694,211,656,-1,111,-703,-343,65,-794,953,-345,-325,-165,743,365,-972,477,-756,-186,-902,296,-400,-474,-336,917,51,-330,891,-154,-965,109,-134,442,285,-775,514,527,863,674,-161,-119,-890,948,185,818,233,492,452,467,363,-3,464,-59
713,62,134,984,-991,214,-144,-361,665,425,258,-709,742,-264,-899,732,163,991,332,750,950,-380,898,608,447,-300,-300,971,843,508,-528,-497,531,968,967,722,281,478,-574,-416,-733,-236,-149,167,597,-170,354,-145,-242,-247,173,49,-45,-584,-824,-954,-939,302,110,31,113,607,-24,708,331,-303,684,438,253,-293,-212,471,-17,515,98,-806,888,-44,-325,700,-499,760,247,-675,136,397,946,-247,325,-943,586,-915,-841,979,844,563,892,743,463,628,719,746,-543,-40,252,-33,-612,64,38,-908,90,-398,970,-779,82,-257,-41,-379,724,-358,-566,763,736,-371,838,779,-649,-152
425,487,761,67,-501,990,233,-434,-16,13,-540,-990,412,366,671,-206,655,707,361,914,90,24,588,-123,980,-239,945,-715,-586,-672,756,184,-332,-118,-476,197,-105,-49,654,-794,-616,-995,871,537,-946,478,-981,320,415,584,-90,-331,-272,80,92,-123,-593,-209,-878,340,-151,157,293,-39,234,219,-940,-63,335,830,-957,283,-390,-853,134,464,-541,-167,248,946,-832,102,859,-898,-44,-958,-674,-767,86,-376,-718,951,670,740,-803,-615,-793,-282,266,800,-235,-6,-993,425,-688,-597,-876,-405,755,614,900,450,561,-140,251,236,-414,-652,381,-424,-755,800,467,41,-102,-778,-994,-672
680,-338,903,983,859,461,-674,873,-720,-659,337,764,-923,-734,-805,-684,588,-382,817,154,-774,-960,-414,408,-346,19,490,119,-207,-304,43,-32,445,736,-664,-443,710,447,534,584,-130,757,-26,-546,876,944,-783,-898,648,421,-851,-912,886,-607,-606,794,-504,-134,105,-816,-809,-433,-165,667,-141,269,135,-87,502,-461,-569,941,-820,613,-794,844,-691,-948,-94,-614,-265,-144,713,185,471,906,987,-125,548,-935,-696,507,342,-888,459,-341,-520,781,-205,343,-899,-770,-61,467,-190,484,-179,-716,760,495,-501,-910,-282,592,209,559,-257,2,312,-944,713,691,478,774,886,370,727,813
756,854,18,-295,885,-511,-586,-236,-357,-32,823,190,726,834,-267,225,-510,-667,38,-83,-888,-564,523,-806,-634,600,821,867,588,-599,-944,571,925,-595,760,26,-237,795,-429,-847,-78,-105,-129,276,399,598,-873,765,156,-808,481,742,10,44,-157,-637,-561,-344,177,7,791,39,832,-17,940,-494,-516,-315,352,-70,-392,219,-295,-335,-547,-128,-983,-669,-504,479,-26,-242,-991,-345,-11,-566,-859,-529,981,-319,278,132,-98,454,-136,879,-313,425,367,-955,-867,-943,660,913,-21,-383,381,-456,18,-64,904,55,491,984,-741,714,199,450,858,-845,829,115,931,784,-419,393,-551,86
-443,738,782,-926,342,-524,14,-567,-958,-702,-989,481,-371,-186,-788,-100,750,-350,-480,774,-11,-703,632,690,626,371,-722,-568,-716,-933,-393,626,474,-519,186,539,78,-24,330,-80,573,914,145,-184,916,-376,-692,-849,673,639,-969,148,76,-216,836,75,-565,721,791,-915,205,917,147,189,237,-545,-566,60,-307,490,-233,949,835,255,363,-299,884,-46,-834,-384,-293,386,-626,653,-538,-268,-552,-453,19,948,-666,-629,716,-78,-991,-647,-496,-216,841,832,-542,237,501,309,133,301,75,-268,506,-884,-48,100,-245,129,825,641,492,495,662,-572,-366,998,866,-538,781,-486,-90,-695
-268,-778,-190,-939,-307,233,-553,447,83,590,743,489,978,654,-565,-423,-788,76,-487,704,41,-920,-152,821,-484,-163,137,-363,94,-335,-507,568,-989,479,799,823,723,622,2,-136,-911,-121,860,294,256,248,732,-666,-676,211,-452,979,580,565,210,-349,-522,-529,-72,596,-576,-204,83,-359,-383,993,141,558,-316,-760,38,3,-186,895,689,574,-688,-7,481,736,24,-374,-832,79,-183,-231,-89,-612,218,203,-753,131,-882,180,387,-110,391,159,79,128,-700,-536,617,-762,-53,-974,-816,-551,-981,-527,-79,-763,-992,959,38,126,548,20,-4,-558,474,-306,-931,-881,64,-747,-31,272
896,-391,980,671,691,240,329,236,-260,905,-988,-324,271,-744,470,211,597,-378,91,17,-1000,-872,-990,-367,-399,-162,-736,524,-946,-563,-418,-282,932,553,290,340,-392,-782,-387,886,56,440,932,-647,731,-596,163,-232,742,268,875,571,671,-145,324,-370,435,-998,109,803,881,127,-294,-947,372,721,-781,137,-394,-153,-329,895,988,-709,903,-270,154,918,-917,810,641,943,-127,-313,649,-406,-693,501,-258,204,756,307,-481,141,-244,-603,-52,816,-981,808,144,-394,297,861,-122,-368,440,882,653,-614,-172,915,-250,207,-564,843,-1000,-924,-604,229,-484,738,-926,358,34,352,98,-3
287,-458,-403,-771,351,-449,-800,735,-979,182,-829,-205,-178,787,806,-947,-814,95,672,-525,357,-435,210,152,-450,44,184,-618,-676,353,-808,10,577,870,579,873,15,-422,362,133,-384,-912,833,-783,-418,-250,-909,47,619,-202,525,790,-188,997,721,635,743,38,-743,276,-443,532,-899,161,-3,909,290,875,675,199,-497,-544,443,64,713,-523,-112,969,429,976,880,-169,-226,-162,23,-703,-325,-389,-784,-325,-729,686,-515,62,313,871,-747,-566,898,-306,168,-407,319,108,562,123,903,-208,346,-94,310,-439,-259,872,-583,212,902,-473,828,840,391,-297,372,-174,500,462,-984,-440
-425,-680,-269,-49,445,-939,-751,-253,-299,-354,-112,-179,518,-77,-781,-755,932,220,-924,-785,-104,48,-710,-523,-890,-828,-874,401,-654,948,-772,69,548,531,-195,935,423,-376,754,-600,428,108,460,543,141,586,-831,-715,-200,-546,670,84,-274,-215,519,-471,638,-657,-482,-34,178,46,151,806,680,106,486,330,332,-340,-912,434,195,283,-981,383,804,83,-835,261,128,-524,-361,268,-626,-937,-620,-670,674,96,635,388,67,-560,448,977,-37,93,-860,509,21,655,647,709,763,-379,123,691,191,53,-100,398,-434,-568,247,467,617,556,360,-277,-873,920,-219,-287,-322,-839,-246,-724
518,481,278,-240,207,454,-878,-788,709,415,-773,987,-270,-199,-273,-602,932,-659,-647,769,-15,-180,-837,-229,-62,-486,169,-794,-363,328,244,30,344,-226,995,901,597,455,46,-582,761,-981,480,-882,-140,-18,-724,-879,-847,-693,-976,762,-416,844,-591,-568,-155,283,40,782,-354,144,509,-285,-154,211,-223,-419,-741,-427,810,-623,515,210,-495,-400,-47,698,968,655,-725,-637,-791,316,-324,859,-787,285,77,-308,-135,-399,898,320,131,-443,574,-543,411,-643,-561,604,866,189,-368,366,149,110,-555,363,182,190,-804,170,-8,641,745,586,575,564,188,352,-260,14,-213,-965,397,-446
-219,-764,-94,420,-891,201,519,-435,161,360,-740,218,-632,-199,633,-985,11,-650,-862,559,-583,-995,-849,544,390,641,475,609,-553,-831,395,592,-218,458,-408,416,748,-730,270,-704,703,568,-87,648,300,268,-107,493,762,125,-685,-379,-618,363,19,157,339,60,677,21,-44,824,-457,403,-904,353,-947,-101,-956,549,-621,613,698,-482,274,427,63,111,-888,928,-267,398,-702,281,-342,687,-524,649,-542,940,571,-181,111,-636,-690,-769,322,968,-746,390,-178,684,875,-486,-236,146,410,689,212,-193,505,261,-27,-970,97,134,-771,827,-371,-506,-309,-947,-795,124,-127,829,-886,692
-884,233,-809,862,-758,-72,845,-645,394,573,-652,921,-537,-463,536,-137,-164,940,390,-53,388,492,263,-851,-831,765,416,964,-311,671,-538,-173,341,-643,227,-499,-221,869,-513,-731,-555,769,597,281,619,-521,-762,-958,901,999,682,-617,193,564,992,-350,850,190,-621,-395,97,131,-107,755,910,235,-725,-149,295,-794,497,-128,176,136,-74,802,398,95,-358,-578,346,25,407,234,-863,-737,636,738,-387,-318,-432,924,-989,204,-586,674,790,-727,71,-877,867,-725,-815,-706,-468,308,53,-451,611,533,170,-820,-88,-180,586,-615,576,544,621,-43,893,-709,-259,621,364,-813,647,744
944,446,357,-518,-976,266,517,341,292,-868,-435,574,-73,-930,-634,245,-924,-942,960,484,429,-593,-232,-332,183,-256,-913,258,253,-549,-362,-74,552,-843,-522,-279,-312,-191,-933,368,613,887,-99,-968,-414,366,775,-719,-877,-860,-950,639,239,-871,-404,-963,-78,-417,98,-636,-723,801,755,551,-841,72,878,-732,-389,987,113,46,-870,103,127,-244,724,-365,648,-698,33,-739,-102,-354,-502,429,940,210,-841,-102,965,-81,-112,263,929,901,-410,706,109,-60,696,-679,-456,-420,818,-227,732,699,-169,-414,-100,132,825,-397,598,891,242,25,-746,-193,-738,814,-908,-323,-621,982,404,807
-36,-303,318,755,531,-470,-707,184,201,101,826,231,-915,61,-279,974,681,645,273,-519,-348,-367,-640,-430,104,627,-686,-62,-408,-318,-642,147,906,-418,805,-650,659,-985,985,686,378,996,524,-251,-267,78,-139,-15,-538,514,-960,968,383,-81,-151,632,-813,-393,901,717,851,-347,182,962,-770,-18,224,-812,-674,-101,610,-842,29,917,-829,421,748,835,-395,634,-991,-638,-189,753,403,-461,511,575,849,544,-729,798,-922,-875,-622,198,643,-22,89,837,275,93,278,568,417,462,-736,185,57,616,-22,37,157,500,59,-719,-118,-721,190,-4,-334,-637,889,-787,-509,527,655,-39
178,966,-629,-942,-434,545,-628,-166,-616,510,860,-257,18,282,-267,-563,778,219,244,-503,-590,195,238,938,274,353,-571,-303,823,-120,-235,-962,-782,605,-619,-879,370,419,-293,764,-894,196,-723,-575,-413,-731,82,117,816,185,858,537,-324,996,181,-61,961,-537,884,-611,874,125,-717,782,513,-322,-105,-332,-536,-153,730,103,-718,596,200,850,-323,767,-378,-943,243,-25,96,412,145,-840,-637,261,-265,398,297,406,-176,303,85,-799,-475,603,642,412,880,84,-189,637,712,-269,-975,-592,484,853,-275,-361,959,-212,714,426,81,-565,-839,-956,-977,173,-633,-31,767,491,266,239
615,147,277,-324,-675,-332,-53,-599,-675,-88,996,203,206,-41,-336,553,-305,-738,759,138,880,651,857,634,-733,-419,-43,-718,-699,832,-852,501,496,-637,-918,326,-754,111,-113,331,-869,-666,-366,303,-575,630,109,-712,-33,-706,485,563,421,-153,-350,707,-768,-899,-378,263,-571,-69,211,-613,430,325,-168,-291,-397,-540,34,-743,-894,-542,21,629,-275,-709,772,-142,-70,-67,298,-388,-282,-752,900,814,-517,-932,127,731,-73,53,-559,-725,951,969,-126,-281,865,-78,634,-202,-586,-786,298,-627,629,-85,-685,-157,516,842,315,-826,535,-757,-968,948,-700,614,-634,-86,981,292,-679,-102
-479,-993,145,742,-313,140,724,-843,30,860,786,-585,-463,238,839,510,635,416,725,-877,158,337,753,613,967,-845,177,-758,122,-137,850,-139,513,834,881,-676,709,-947,75,-503,73,584,-378,-581,-541,582,289,-826,98,-552,546,31,584,-695,928,-649,189,301,-952,169,-530,-28,441,-419,-312,-973,-269,-919,255,-456,826,-647,-17,-875,-331,907,382,-775,-521,-342,463,686,-97,4,-331,-254,-880,-981,677,545,589,915,803,-795,-978,-961,885,-970,215,59,-607,-611,246,-519,-997,146,-618,464,128,964,-865,-993,679,84,-339,476,82,-175,-405,513,-640,-801,-790,-9,-715,-487,647,-563
-633,-201,-442,338,599,715,702,274,-550,69,160,-447,-526,-156,407,667,-124,-524,878,-796,-558,-650,464,403,-760,-420,-837,362,-280,-739,-507,-221,-135,202,-564,-491,-824,955,-472,-363,161,891,-228,-462,-716,-414,-380,768,-405,517,384,16,481,-431,-821,91,-491,216,773,6,-6,677,-120,205,186,990,-323,-341,653,-441,-485,-980,196,822,-121,-212,381,443,-460,615,-72,-15,-234,-100,969,613,-41,407,681,-10,7,395,-458,-594,373,468,304,804,499,29,-591,597,95,862,710,1,-353,-469,954,268,-848,455,763,-531,847,143,-791,165,-927,-260,-53,-303,-341,-423,-883,-546,215,-229
-538,561,-871,539,-837,506,-73,21,-314,197,286,-2,-874,631,355,-551,-99,17,-486,972,533,-114,-661,-424,-349,892,683,-231,952,162,-125,-953,-641,-231,231,254,989,-407,-359,699,271,-343,872,-414,289,349,528,528,329,972,-308,-920,-391,-609,861,-342,692,635,688,-167,774,-529,-26,-147,744,-88,768,-595,951,-202,98,-119,462,649,777,-565,-143,-105,673,-493,-330,67,-983,554,443,-633,163,-856,298,667,-114,400,-745,262,-653,-697,754,-961,-960,670,868,112,213,-120,-862,-991,758,915,-156,151,592,-148,-168,-930,-42,-743,-952,590,-846,474,398,-226,652,562,-515,-17,-932,147
181,462,-18,-201,380,70,-284,-305,326,-990,276,-556,-477,-882,-397,283,816,-685,-890,-591,-880,-585,-844,-20,358,824,73,-620,500,-686,510,443,828,-703,-856,-264,626,-872,-51,843,332,918,-170,341,-388,-34,846,-398,-834,319,268,712,274,-432,747,-803,-923,-841,-619,-721,-993,706,136,-289,-88,-727,-673,744,245,54,-1000,821,-220,-528,428,-35,313,263,-827,-759,465,-210,702,-439,830,85,278,278,-72,697,-73,-677,-928,-222,-315,750,-709,888,292,-140,-141,-653,675,-281,-293,892,485,73,773,422,719,713,-642,-621,410,-607,297,649,784,576,-203,-743,-439,-115,561,866,260,-990
-352,-498,-492,-171,-484,-187,701,-184,949,759,216,-443,409,775,-644,890,-314,936,11,242,-242,-542,-236,-489,-817,-444,-153,982,693,-67,-572,-386,239,866,130,-162,444,-156,140,142,76,147,-408,571,55,-558,-539,-316,-986,-750,508,-863,-840,804,951,198,358,-73,949,344,-420,-716,650,-8,893,-500,410,-428,46,-166,922,-190,594,-15,-29,158,-964,216,-456,343,200,-87,684,512,502,-47,-14,379,-478,-422,-895,928,65,-72,364,-475,708,-866,-869,-120,-462,917,376,689,-970,-859,161,-363,-676,129,-759,571,756,-101,665,-201,-731,-522,70,-946,-324,-809,-810,-631,-766,-942,-331,-381
591,529,-778,-721,-852,-136,-606,761,-720,745,-820,-737,575,422,533,144,-575,163,-430,416,935,-81,693,-337,95,-760,-326,793,-874,29,-547,524,785,358,-154,120,-745,323,-253,-920,579,-631,495,-368,-29,569,-512,-701,-363,-508,958,-674,-800,-32,-684,-635,-339,391,-607,297,-330,387,-185,-674,-552,-5,-318,430,692,441,-447,-731,-929,311,399,37,-4,-707,-547,-32,768,-793,116,-542,-647,683,-573,506,-137,966,877,262,12,257,233,-61,385,-238,206,-766,-359,-251,-998,348,501,-886,653,192,-262,-186,632,297,805,-341,-266,351,-711,744,229,987,-892,-962,911,362,860,700,-942,395
310,-444,833,858,-341,229,611,-225,464,-62,870,-790,-537,648,-675,918,-514,334,585,282,514,-444,663,-838,-550,881,-241,44,-345,-656,141,-988,450,532,-127,741,705,80,967,-222,-891,440,-839,-356,-313,913,-676,106,-240,-775,710,-831,-529,-571,318,-316,-776,979,354,941,270,-358,-245,-722,818,870,392,-664,939,-801,301,-654,-752,268,839,-1,-609,-372,-276,521,-252,-251,358,-561,-901,99,382,403,-26,764,441,-194,535,494,567,516,141,-726,-218,-358,-875,-895,595,136,-136,232,699,164,469,-616,-197,-525,-657,565,-573,-843,652,-52,-558,774,702,-976,-6,-737,948,-876,235,775
-612,-355,-563,48,-171,876,994,-255,804,-225,-484,-420,957,-223,-417,951,-994,-966,-163,-992,617,-871,637,-639,-379,24,539,-753,296,-409,-763,-339,-776,-416,256,920,-809,208,-344,-580,-318,251,918,571,16,346,420,-225,-345,658,-730,393,-945,280,899,445,-56,-707,691,-609,-739,309,772,-371,25,-309,314,-588,-698,-787,-518,197,-756,517,289,-526,-150,597,-581,-764,-437,-86,585,-780,-922,-780,671,673,32,-940,18,690,485,933,-344,-452,482,70,-98,825,-248,-779,169,845,-19,471,-65,951,78,436,-574,101,749,856,573,-185,814,452,-676,-320,728,-487,-744,-337,-836,983,-751,50
-913,-260,-479,864,-871,-377,-73,162,767,182,175,-993,-982,889,810,69,-562,133,-451,-338,787,-839,218,48,325,-502,758,604,-750,75,-674,-915,239,-741,-594,-857,-909,768,720,-304,-3,404,649,-164,371,272,-512,408,-107,964,-995,917,-246,-930,953,378,564,94,-123,936,-506,934,771,-952,-697,411,701,-224,627,-574,638,856,-221,-726,-602,28,-580,190,927,853,-446,-550,866,-952,377,-480,149,-653,116,752,883,572,-514,624,417,200,-693,-569,239,711,907,-827,337,-176,662,-681,-769,-724,-487,284,-959,246,-644,735,177,-93,-981,-772,230,-424,-739,-819,249,495,630,88,-860,-323
68,492,-854,104,-851,-787,-131,88,19,119,-165,672,676,-326,-203,-427,-942,914,613,914,-893,-713,-346,-510,-987,-297,-511,-493,114,-387,-54,-726,467,442,811,-364,213,-523,573,-200,22,798,-416,480,319,398,665,989,386,852,-376,569,968,472,-403,92,518,-936,-687,-912,923,6,587,580,-135,205,890,429,-665,-245,710,573,477,-809,-285,952,469,101,-939,976,-892,73,-820,453,-594,716,-697,-392,-195,-563,-581,816,402,39,948,49,270,383,-449,56,-81,295,321,-714,-704,-25,-289,-876,-931,-48,-220,-980,377,801,724,-925,297,-849,-163,895,-707,524,-38,945,-505,-801,-608,-156
-68,-768,416,-6,493,-458,493,-379,89,46,118,-655,-814,-43,570,-723,185,-565,-611,-900,995,815,-478,-878,397,-516,-582,-670,-831,-206,-420,602,-761,747,-487,99,-831,975,-175,-297,-340,-577,133,-240,-390,631,787,857,-618,156,-86,238,755,-700,-482,-743,646,909,-480,175,796,-157,719,-237,258,151,795,-514,-878,-207,774,-336,359,633,-150,-843,38,764,23,839,152,535,-9,-321,-623,31,142,833,743,951,-546,940,938,-664,589,-349,-371,26,10,225,151,-711,425,-189,-731,-248,667,919,-578,-857,-182,972,745,-366,-983,-416,-978,-603,527,-122,626,-488,122,-521,-473,588,-345,182
904,-997,904,-459,49,-754,130,-214,716,613,487,-677,13,514,-20,-160,-893,0,605,564,-560,299,212,707,951,205,-540,-390,-487,389,919,575,-485,95,-929,244,-111,-834,422,849,-255,-491,685,-924,580,-109,-49,-198,-892,307,825,-444,-861,-42,343,719,702,780,472,783,900,-908,249,-51,-786,543,566,-12,253,-260,400,-841,918,220,-615,-627,255,265,-233,-124,759,-678,549,85,739,-950,792,612,831,-306,61,-521,-475,-634,-276,-88,-245,-35,894,958,593,634,150,-36,-265,-668,67,483,-418,-69,430,207,-749,-388,813,797,790,137,-503,26,-906,309,-294,457,860,-337,-818,-800
128,-497,753,-441,-806,-162,671,819,-376,955,593,364,-759,-552,-110,43,456,2,497,924,-799,-585,803,-661,217,-640,-495,639,-597,-307,821,-157,-196,706,-242,-377,-159,76,-412,432,-12,-711,896,980,-76,350,-339,-318,154,-953,789,972,-807,271,-301,-217,-301,-913,788,765,323,497,-934,-191,-845,-663,-318,-941,-38,-5,666,502,-448,31,-317,-564,-313,-187,-111,283,-336,700,978,-544,-242,-351,37,-533,-669,-341,143,-234,976,-785,-257,-216,729,692,286,-838,-737,-733,565,-598,-438,-484,-111,-813,34,892,-198,859,-943,994,-510,-793,-573,-270,401,97,-8,-207,-550,601,-954,-222,-710,-644
208,95,-153,-814,-395,223,-948,-376,-501,952,213,964,-889,-950,466,-701,910,-975,661,-165,-682,56,634,902,-814,163,641,-156,-324,548,-7,685,325,662,561,-16,-526,728,-577,301,690,69,865,-321,462,755,511,541,142,-520,-26,-194,-604,-231,-769,-286,-174,-730,-34,481,-202,-347,-597,710,285,-910,-676,949,373,922,-533,822,745,-654,-953,-967,73,111,429,941,383,-853,-103,-129,-388,955,-840,-322,-225,-111,151,449,459,-719,-552,566,-380,-941,-503,475,-61,-488,-883,-220,-401,-38,735,628,617,-774,404,-503,-962,389,892,592,683,719,667,-864,-797,673,-858,-196,-57,454,-699,402
-773,483,444,-719,783,105,-198,425,17,799,542,-383,227,-378,810,-933,286,-209,45,953,-388,939,483,627,-856,845,542,228,214,252,-725,969,173,-28,-954,467,-538,769,244,-41,534,539,332,-287,609,445,-515,747,991,-301,-205,-464,-841,498,-601,16,838,-760,-759,-693,-949,-328,-137,-277,-847,119,-875,-371,559,763,-654,-679,120,-126,533,-476,749,457,-943,547,813,773,13,-986,652,-152,869,384,587,-756,711,-456,139,-488,800,946,466,224,-57,-279,849,185,-418,291,705,-543,617,708,-604,81,389,-847,-708,-879,-58,282,-772,-752,488,186,87,-68,195,-550,-920,-111,135,918
16,-892,-240,429,588,247,-552,-393,-448,971,78,956,-858,-620,514,-678,-124,803,-273,-187,-80,204,798,509,352,643,-348,-72,-983,-436,292,-111,423,837,199,401,-667,-912,329,647,-364,-632,-284,-795,742,210,-813,849,-985,186,840,-990,-911,-848,-604,-499,-188,200,-627,774,-297,-965,-429,-79,178,801,720,-385,420,-97,-970,496,-472,451,-428,-753,756,958,815,63,293,327,323,-487,896,647,278,-358,-844,102,-831,618,-775,-122,455,780,-974,-382,-628,-222,728,580,929,-261,379,-340,443,-273,-589,-7,418,-762,85,-541,-106,-440,-483,-670,-312,-377,-828,-146,71,335,758,638,-782,-638
82,682,218,763,773,-967,-16,-374,-567,-623,-348,-669,-80,347,374,-766,155,-469,927,-619,782,600,691,540,-746,984,812,979,-983,-311,412,-206,67,-948,755,-429,-919,480,720,561,-959,-292,-392,-170,601,-17,558,675,88,308,838,-198,721,248,-86,957,-884,900,-333,887,62,-404,-292,830,90,-144,-371,-839,-292,-600,-391,330,-539,585,-852,917,182,-307,725,769,-720,243,232,764,320,52,202,710,28,-759,271,131,90,-609,-45,319,-592,277,-367,-254,-64,175,345,445,-271,3,411,339,225,266,410,154,146,596,721,304,-902,-912,-217,904,694,640,-449,-121,-618,-248,-121,-452
-648,153,-134,-815,541,-348,-488,-264,-261,-504,187,-809,-222,119,-344,-416,-257,-626,-24,29,753,0,950,-355,-311,-414,-425,736,758,827,-821,-998,-843,132,-61,604,-243,-869,6,726,-942,-349,577,-915,657,-414,-308,-265,218,871,2,336,396,12,-893,-596,346,-242,439,748,537,194,217,952,226,-196,286,839,54,-221,21,462,-246,-887,76,-539,909,-777,208,-372,633,-413,-589,794,29,831,-646,-503,574,-147,-318,325,381,-539,-327,27,-18,-691,-266,-711,-533,766,-2,-889,-52,188,-508,-331,472,-527,11,437,-286,-833,975,670,-979,652,-94,512,-182,-485,838,853,87,783,698,-602
980,-181,-602,-803,-470,-30,-767,421,421,-476,299,198,522,842,525,336,-983,-95,-241,549,-845,877,-252,-915,-388,-777,199,-490,-39,527,482,-761,432,-404,-300,256,246,275,-423,-415,-212,-547,625,-112,357,-806,-443,-747,-404,-679,944,-680,-729,-821,992,828,-49,-397,773,276,891,-693,59,-739,-722,980,-577,970,554,-75,-82,217,873,721,-861,735,4,116,-739,673,-95,-512,193,-548,-377,940,601,-677,91,-724,421,650,-348,537,-394,817,548,915,319,-107,-270,485,330,816,-998,752,61,-571,547,-361,636,213,936,-384,-461,369,717,-89,-960,868,458,-818,31,-711,114,-741,61,999
269,-309,-504,318,91,189,-400,69,-874,-448,-131,-719,-797,-74,-753,-63,512,351,-293,340,432,-198,486,-487,-514,-132,-774,-144,575,-628,-626,394,-298,-180,-394,-398,44,803,-361,279,536,-401,467,-477,-487,-660,472,798,973,-822,687,-339,-944,-338,-51,511,620,-586,-725,222,18,-537,-4,-468,-446,-310,-190,-598,-603,-490,-514,349,-345,-943,-663,-784,-586,-945,933,-57,653,-883,411,190,818,-866,213,267,-108,-532,745,-66,-402,684,21,-985,406,-219,356,-724,-588,-382,945,28,-171,306,265,-848,-714,-970,-473,-12,247,-480,658,-511,-87,-688,-912,278,-578,-778,761,-589,-468,579,-316,-918
-228,882,-154,497,823,-844,162,-832,-624,-239,0,-690,-741,-904,-742,-299,985,349,-400,-939,-52,-140,-826,-27,-565,78,68,-842,170,-966,-181,-681,-934,684,509,20,-985,-848,-659,-675,856,-805,-123,-931,-95,785,-444,739,-121,386,-725,573,463,798,-321,460,-271,-812,87,181,2,117,360,875,853,147,-317,-237,122,-835,-432,-962,-231,886,195,384,959,-490,-224,147,-924,-741,-14,414,313,610,736,73,-706,-329,787,828,-702,280,-646,-724,-634,299,-836,-780,-343,350,-708,30,976,809,-692,260,-257,-722,77,230,782,-868,-250,-154,-367,-601,624,-280,-775,-699,-165,-188,-603,-479,563,558
-221,-211,508,-189,882,442,388,398,-332,-23,256,-978,465,-136,884,-146,-102,-229,-75,845,-178,899,-998,954,96,111,959,-167,-219,-241,739,-106,-548,-821,956,-197,-344,49,-147,765,-200,962,308,-214,677,-25,568,-723,-196,884,-807,337,896,-468,-868,-22,470,210,-50,818,0,209,181,-284,611,365,431,-566,89,520,-651,-762,-469,-670,-318,-188,676,-466,410,-411,243,-391,-113,-948,-637,-262,998,955,166,448,688,-519,132,217,123,-47,-769,-613,710,-646,-833,-567,-85,761,160,-591,205,-209,151,339,-777,-56,717,331,-574,726,690,311,-248,922,-905,276,182,977,-89,-655,889,-183
672,104,-297,-129,576,591,-641,536,-900,-296,-311,-946,151,958,-605,115,771,-274,471,546,-354,-191,438,604,-213,-151,-634,-168,602,-927,92,-476,-668,-470,422,-97,-688,-634,-44,111,-372,-302,-645,569,317,318,234,-141,-480,448,-53,176,-875,711,179,859,-515,405,-999,-775,-972,606,550,733,-291,-814,-759,-297,-704,-267,-584,-358,-418,-46,206,-936,618,542,400,184,-112,-158,54,-337,617,132,-382,755,-798,909,557,-150,502,-513,86,-487,900,666,-994,-841,975,-549,696,-1,-107,376,341,-750,-143,434,-865,-134,769,380,470,-118,984,-91,-190,-485,305,859,-646,547,-914,-889,959,519
-318,161,-621,-964,-440,-608,-155,-277,877,-386,441,-692,25,500,267,-470,-64,345,-185,-294,-33,-467,-107,-826,-869,606,-141,-388,519,-68,-417,-12,838,-999,713,709,-218,510,491,-267,899,432,-481,-816,-303,-140,-876,365,-610,-28,-758,885,-240,-76,-522,-447,-414,957,774,-877,50,523,837,625,615,161,-542,-918,716,-756,59,-22,712,-267,-208,-360,948,275,83,-942,834,460,-143,463,403,-314,-807,-136,-765,-930,-564,639,347,-742,-749,118,357,336,-37,551,992,232,74,654,207,848,-444,254,-350,-415,354,-966,-681,-617,123,-597,956,8,916,-251,126,913,520,544,-441,25,-437,305
-44,364,100,-404,876,735,971,746,350,-400,17,501,-337,354,-833,70,599,-554,-252,-242,-708,-736,-593,703,-276,-898,-845,238,-55,293,810,-294,-314,71,474,720,-521,-306,-861,-385,697,930,864,-370,496,718,-201,109,522,-949,-186,-925,659,-363,-971,291,-135,983,-491,-217,-374,815,659,527,537,-716,-340,744,-360,28,390,-59,-465,239,297,-43,393,809,140,508,-961,-26,277,630,777,615,354,-538,190,425,-467,343,254,987,-803,-421,-418,-851,584,475,52,663,-571,105,-516,122,-436,-377,25,-20,-681,-374,227,753,-348,895,-933,702,-203,687,319,-539,-355,-527,331,-734,-601,69
599,-330,-668,-209,-235,81,949,285,-467,266,664,-602,-822,-785,-335,-304,-661,840,-175,556,-624,112,439,474,975,955,-118,361,-490,253,929,-94,-642,-599,225,403,-725,-28,376,-713,969,811,231,-950,-593,-36,847,-262,297,390,309,-279,-574,123,-68,515,-412,553,914,770,-533,-990,593,155,63,838,15,-967,-755,-51,918,995,698,34,993,-845,-695,-552,416,-337,7,-91,847,-325,638,-948,-120,29,-87,-475,-867,165,75,-941,-663,-344,-357,-246,323,47,-452,-519,710,796,-781,-64,-983,595,568,-754,-653,-383,-99,-864,12,-980,391,-441,-993,229,-269,-428,730,278,552,-290,-985,-992
-674,-16,-256,-416,-686,-83,357,552,658,680,-614,-921,176,690,243,-136,690,802,875,595,-245,-627,-221,-106,-738,267,-318,274,335,-18,838,-55,772,-47,-490,894,-89,-654,41,-514,-605,813,650,-524,-929,641,835,-659,4,568,-958,-428,787,429,493,505,-472,818,-822,366,-297,-631,-992,425,-544,-106,744,670,-53,-731,-470,-351,-247,695,-670,406,-652,-839,-959,-286,-370,-712,497,-786,-636,-527,145,-776,801,-685,-574,657,573,-119,-843,-357,-156,-868,-201,-491,-840,545,367,-90,922,549,578,638,-684,-704,858,350,-726,958,755,-695,-245,-213,837,747,-133,-491,-668,-22,685,930,847,355
450,649,-861,-853,-274,-447,-759,-313,-816,515,-957,-263,-100,705,-127,-104,531,-588,125,-371,-328,-144,-125,838,-278,-80,689,-243,-371,757,90,430,944,283,746,382,-319,-289,583,755,-549,-73,886,-64,-721,804,353,746,-198,-276,523,-144,-594,-45,315,142,727,783,385,188,-233,12,-928,899,-374,295,-758,-815,694,918,731,197,839,-783,957,-297,395,-660,-361,805,-771,147,-630,508,94,186,-65,-640,192,-94,-336,983,-683,12,194,-648,-371,79,-268,572,608,-514,-905,-467,-491,636,552,630,734,-662,608,32,297,-131,630,-446,-138,358,-748,-65,290,-748,-517,-298,433,968,-976,-498
489,980,-723,555,-782,-806,824,-774,-351,651,-919,-252,990,-632,292,895,-414,712,-508,294,-650,-497,-343,-454,980,-201,-97,-115,-535,-983,-553,-193,951,127,34,-421,-68,157,-320,-652,-942,-833,903,705,634,934,-912,-397,-117,769,738,489,667,392,198,-135,556,202,780,106,-184,-299,759,-151,885,-951,893,680,209,-845,-662,-576,-868,967,-336,-604,-914,909,274,834,608,-633,-855,-877,89,-94,56,399,-804,880,211,752,-964,900,-233,41,254,172,584,247,62,561,-693,-536,813,756,488,71,117,129,182,-714,-266,697,627,448,-801,-603,306,-42,795,982,-709,-625,782,-139,-569,843
545,421,202,-74,387,-238,162,-228,-370,-458,-852,83,166,651,-288,823,-665,185,761,481,-428,-759,934,-295,-530,457,596,466,238,-605,-193,42,468,-992,75,416,149,553,-724,148,747,-874,492,-270,-205,488,151,-155,-348,496,688,-332,965,-934,725,283,-442,843,579,-62,396,588,10,342,95,428,402,231,846,-497,-23,-67,305,-606,-794,505,415,-280,490,120,151,1,410,-476,651,614,-822,-588,-723,342,340,861,-584,917,604,121,-122,425,-905,472,-135,951,-299,4,341,-473,-854,-929,641,624,67,-511,757,-256,846,545,936,-517,-213,287,-553,-503,35,-556,722,-441,563,-367
435,609,192,943,-240,510,-750,-817,-500,910,-43,-239,-844,-305,-247,921,988,195,-980,-303,714,-609,764,156,21,-305,-564,775,112,896,-15,204,-142,740,-612,-860,-285,924,-262,126,-160,375,-764,335,-578,-187,506,413,567,-277,636,-754,-832,141,364,-987,-181,622,-715,-202,669,-860,649,-130,672,750,-24,819,286,448,256,-659,779,774,-187,14,353,-314,-90,950,378,753,-633,-852,45,-102,-579,-192,616,-809,492,-715,-274,770,-484,-722,-796,-921,390,161,-122,182,-780,523,-993,498,-206,699,483,212,362,-694,435,781,616,539,-624,-271,355,-529,-443,-852,84,-977,-685,-649,130,850
509,-755,-961,943,811,-895,-725,13,-369,593,-396,-951,992,-105,-48,310,-54,-778,387,660,801,174,-330,610,-961,-569,363,-758,471,422,-278,988,-397,-894,611,749,217,-166,797,-774,202,74,885,186,546,-606,312,79,789,391,-499,-930,811,880,-85,584,-405,134,-490,700,325,-852,-656,-979,849,778,-459,202,-901,886,518,926,594,-438,-96,-681,670,-187,-550,-399,-777,520,-686,-120,726,-719,2,-288,-746,84,-904,-928,-298,722,-854,283,302,484,449,-260,336,784,39,-610,587,-885,-24,476,675,289,-523,59,526,-16,-974,-954,935,666,-127,855,667,-946,-877,-674,-100,-156,-954,-222
-541,-878,-389,-794,250,-674,256,646,484,962,-666,-281,-940,-610,-407,264,823,-697,-82,-345,924,858,348,-7,944,-809,-974,-195,992,-890,885,527,-802,-899,-315,-135,272,-550,463,159,838,-533,865,61,13,-267,255,314,-843,-948,328,-377,18,349,-133,517,138,638,-830,361,-311,796,-243,526,881,850,-239,-327,788,408,-285,-720,-14,892,106,799,502,-667,-781,-331,131,-818,-559,-39,-710,-911,191,-894,855,965,-975,-889,338,-753,904,26,678,506,205,176,-984,75,824,56,174,121,-196,17,-23,-329,926,138,-161,-857,-757,834,236,-910,715,468,388,546,-395,247,-35,-846,-617,-724
592,205,-402,358,757,652,-544,364,-827,-730,401,460,-883,-355,-998,-737,850,371,-928,441,717,256,-734,304,992,393,-5,-964,932,-939,671,432,994,322,372,787,245,20,976,845,-583,308,-895,-988,-42,-378,-940,723,841,-922,-820,-611,-577,652,931,-114,-130,812,532,81,533,-594,764,-755,-660,-129,559,909,-694,-175,10,-74,716,-142,-641,269,823,197,953,802,472,-579,502,889,881,-11,-155,-480,-105,-488,442,474,493,812,798,-365,544,-478,946,-943,-828,318,-73,-221,-523,350,-740,-950,-809,-53,-83,-335,-621,-237,673,-897,995,-521,-633,880,628,896,-755,-303,403,904,-720,403
-643,862,-495,377,-900,400,183,-106,727,-20,531,449,-722,-412,-547,-274,-116,122,-326,-263,883,478,21,308,-987,700,-246,-944,-74,67,-463,-309,824,966,-294,-490,121,-805,-813,-142,-710,28,320,-366,-697,-198,982,574,570,-732,824,294,642,810,-224,-985,-361,-588,29,32,101,-872,-6,-842,426,-770,847,-219,-407,-579,-245,422,127,557,-95,752,-438,421,99,588,-569,-570,625,-868,-420,585,407,105,-156,284,882,508,319,-493,339,921,613,210,463,-652,720,420,385,250,110,-819,-412,293,-86,-522,472,969,141,807,494,-990,-825,-902,546,447,546,-28,348,621,-147,832,-793,720
451,325,-869,665,484,130,37,377,436,134,246,879,-143,387,403,572,-423,-554,-2,-585,-101,918,829,-771,933,665,-576,-631,-778,-709,235,676,322,-422,658,-206,670,721,944,-240,-835,-360,527,96,312,-696,-271,-974,-677,-117,-730,-250,297,-833,-443,-822,-265,163,-615,-397,461,889,-459,403,580,-735,405,-959,73,-968,9,-604,352,529,-332,699,728,346,-872,558,362,654,-603,545,-649,732,587,299,334,-93,-40,877,-671,91,844,659,255,-452,971,376,681,517,-32,434,-931,-879,185,-586,679,417,-59,604,-358,-785,-410,675,69,251,-265,-55,620,-235,710,-364,550,910,543,-848
-447,324,64,895,-627,994,594,706,544,201,-17,-798,-409,-178,706,-998,614,32,-803,5,120,-327,-237,-350,824,559,-744,-975,-505,-211,-147,179,816,-530,-374,-948,240,-291,65,-773,-828,603,696,-750,-583,-694,564,-200,639,21,558,-618,762,617,108,970,508,224,265,755,196,192,692,-146,733,-674,338,-789,-956,-301,25,916,410,-557,-791,407,-2,747,-28,230,-442,-716,604,262,622,-924,-629,682,399,-166,180,822,-558,723,360,459,-104,-105,74,22,764,641,-822,911,-154,390,-159,510,519,198,253,319,622,-760,-559,200,-338,-9,893,38,603,497,-612,156,777,743,592,-319
-910,963,-825,-494,204,111,-838,-465,-36,-450,384,477,-32,-713,517,-948,-679,667,263,590,986,-323,852,203,-417,-446,719,-142,537,852,23,837,-291,769,349,666,680,-878,974,966,763,-245,272,-402,995,-171,521,939,279,382,-602,959,773,422,-913,-593,152,610,-284,481,853,242,-104,-214,-235,-292,-512,-955,-857,226,-864,592,-113,170,206,-704,213,-206,582,-317,-397,-644,429,-150,43,-437,-940,-295,899,-35,926,-702,-229,310,152,-845,-60,-83,-714,445,252,-196,-719,293,-241,-677,981,664,-915,-697,-884,-196,646,224,11,-908,93,184,585,348,-522,999,206,29,906,742,-147,-471
419,386,-311,-309,869,528,-656,-613,-810,61,-318,300,524,974,-606,-253,239,624,-350,76,122,972,357,-216,532,314,-299,759,72,-603,430,472,598,-12,-865,530,722,107,14,793,-509,220,-669,-799,-650,-814,467,-535,-567,894,-215,272,961,355,-568,105,568,762,-884,-485,-489,-839,214,-595,734,249,-107,787,514,582,785,-371,288,913,961,655,145,221,970,-878,-599,-121,-612,238,-487,688,91,-290,-637,-553,864,-185,242,-968,-534,437,-605,376,554,-728,630,-644,222,614,216,-303,305,-245,908,-759,-201,72,-851,-584,-396,-98,740,166,-231,140,-294,13,-518,451,-101,-105,-718,657
243,-895,-718,-633,-727,-599,-270,296,-432,-326,385,586,-655,361,291,-425,-167,78,632,-40,-412,746,582,206,-355,-393,-802,50,350,782,952,-791,-676,-928,820,-928,-592,-161,-534,-628,-501,246,641,-104,-971,320,-294,906,-638,-823,-323,-951,761,424,-982,863,349,-60,-536,-216,198,254,281,123,-54,-355,408,906,40,-3,-205,-666,973,-897,640,640,-393,-964,414,115,906,534,10,989,246,-341,-899,-702,592,-358,562,-455,672,-650,917,494,121,-215,204,721,65,891,211,946,-138,-582,-737,-194,-199,-410,-250,-449,-408,250,407,-428,191,-136,573,809,-656,857,584,-749,287,-275,638,-271
-784,854,128,-40,987,410,474,460,-719,506,-389,919,-424,969,-213,-514,-921,-373,-81,863,-234,751,934,-925,-863,37,-543,-184,-440,673,-416,-478,665,-30,-366,493,878,-134,-353,-83,-449,823,-987,-958,450,423,-179,-496,-711,349,-998,-891,662,760,-18,-69,517,277,529,705,479,0,761,-653,24,-236,-255,-748,-72,-685,136,656,290,-139,39,977,-451,250,964,-86,-458,311,-8,-399,-442,-127,-655,65,158,-520,-812,111,-157,-577,-97,717,-420,544,-627,-930,-279,505,988,-844,-795,148,665,192,764,-537,-345,-170,778,-516,-775,137,592,-713,-995,-649,-749,863,692,-618,-47,508,19,996
350,-583,494,-493,687,986,248,535,626,410,430,236,-373,-826,-103,287,-441,-488,942,-902,622,-61,-197,294,981,-997,-59,-240,793,941,-492,-111,996,692,473,742,-611,587,-234,-55,-66,822,837,482,222,12,-567,-392,141,-567,134,301,-222,535,-569,-555,-971,361,-275,375,-390,651,-637,653,864,471,-563,-136,-548,604,-939,414,929,326,587,640,-263,-684,-432,-234,-893,-71,878,-338,686,-544,383,777,894,120,-198,17,708,-707,571,-600,425,-170,875,-722,773,-538,-317,-41,-421,-966,-13,641,-912,778,391,-177,-63,141,-991,-418,-901,549,-500,864,-454,-975,895,-695,-361,123,224,-277
-480,524,-754,-452,-638,-183,613,-157,-208,-647,76,273,-516,884,266,315,650,-993,-428,-411,-897,384,-69,-715,969,727,-693,-854,-717,169,217,-261,-617,-506,-887,-582,-565,-259,673,-48,-775,559,-852,-753,40,562,-654,-235,248,550,225,377,361,668,-565,-627,777,952,-514,-988,-7,757,-461,-267,93,-323,-549,-599,-388,-461,-774,611,866,96,-64,624,-415,-79,638,-768,519,-806,-830,99,133,767,20,-437,626,524,805,-133,574,-332,222,519,-374,-168,-873,895,109,472,983,-623,492,-547,-563,893,-668,-305,84,-354,-597,-320,-342,-738,49,-11,947,-657,911,-229,-224,935,-893,-249,-480,-214
-531,-846,-234,542,-377,-963,-228,-273,-189,-111,-526,938,-918,993,699,162,-890,927,-416,6,867,94,960,-867,-31,-862,961,469,250,-403,621,720,511,-994,-786,286,842,276,-712,-59,227,-733,797,517,-474,73,-66,-832,655,-522,-954,30,-463,-31,473,755,-354,-859,-397,-291,57,-723,954,911,-754,505,846,-907,387,-319,227,-838,-430,-57,-260,-466,601,486,766,-237,537,-712,-333,76,-699,204,480,437,225,-269,-991,-109,-93,91,55,-214,591,-69,-365,494,-248,676,-472,773,814,191,-167,-473,316,-645,-235,-363,708,961,240,326,-527,777,723,697,917,-914,-510,-343,-323,838,525,690
938,-188,693,-396,-236,541,916,-839,-802,-397,-389,-389,98,421,818,921,167,851,988,-119,315,-542,-978,-744,-135,-568,671,945,-350,463,168,-860,855,-949,-523,596,-889,610,-256,812,-213,870,972,921,621,446,-817,743,954,-386,475,-721,403,28,76,-798,605,-64,491,-949,-56,-911,661,-163,-190,392,-961,720,-704,-113,609,254,829,-10,807,583,-649,-253,791,-758,389,-783,573,-639,-591,702,799,-188,-721,137,-531,844,-227,348,413,-439,-327,796,921,-341,-528,-73,489,-363,329,-557,913,300,-707,-259,820,331,-492,-714,433,624,-845,-823,-967,869,-297,585,323,-215,848,992,59,164
367,-240,366,-214,423,4,847,-908,253,-117,274,-383,184,744,208,-798,374,-308,-946,76,258,541,-481,405,-746,59,-870,-63,-369,-2,578,261,-171,127,-717,-446,-184,-561,714,313,820,-925,251,574,-281,-804,-505,-184,-840,-166,-481,608,-871,-318,-442,-760,661,671,-240,90,728,616,-341,-345,-215,541,173,641,-917,239,208,-470,-176,-822,-647,-17,703,-774,209,362,-783,673,915,-383,-523,6,930,-721,957,413,565,-243,-553,-351,566,-53,-226,-403,915,296,888,-894,-49,-398,840,89,291,-812,229,-638,144,-207,872,797,-134,782,-249,-106,636,-865,175,377,555,723,532,-922,246,-941
361,10,0,567,823,-468,-593,-78,198,981,414,-819,694,793,-103,204,395,41,990,-903,-559,-652,-440,249,737,103,215,770,-5,-146,498,-567,416,204,429,998,161,107,677,-823,-874,734,-508,-119,727,-206,-914,310,782,789,689,596,-799,-46,-71,-515,291,-475,-973,803,180,-254,429,912,-4,-817,-436,956,-399,462,-194,497,430,-610,483,-991,-132,-493,-686,-37,-170,300,-427,917,-772,-897,-538,831,-516,-757,-260,362,-190,686,729,456,-830,846,116,573,-171,-671,-720,-886,-115,567,254,811,-810,995,115,-753,369,984,-915,-568,319,409,742,822,-103,15,-257,-596,177,-740,551,-679
594,611,-951,-69,17,-733,-812,-371,117,84,557,993,-14,-537,147,-76,126,489,-665,156,-843,553,-233,718,79,785,-532,634,-865,-451,512,-110,-216,944,-94,-111,786,-843,984,75,-516,-670,439,43,12,219,729,-661,995,172,-537,-769,194,529,763,584,-765,-969,237,69,-351,621,551,-600,617,946,-298,1,718,-523,455,68,445,18,-500,599,-287,-239,-235,710,-586,4,146,-592,869,571,151,737,-240,879,-860,-142,-119,572,849,305,-810,346,-441,187,672,-168,-571,-743,-86,812,395,454,-519,208,18,-514,-126,-592,165,112,884,291,-225,19,137,-181,600,-838,213,-307,847,-94
714,742,381,-886,17,-146,-259,750,575,536,401,-398,-138,-234,-161,-81,181,872,630,258,880,209,221,-680,-1,-851,642,622,419,-784,843,-587,47,-190,-169,744,254,922,-279,-853,-920,-5,-147,-853,-653,-537,295,944,-997,-468,322,883,-387,-17,806,-7,-931,491,10,170,720,-519,-413,-1000,534,-753,185,653,605,513,-548,-962,607,-327,893,918,-51,585,-872,-539,368,-488,-421,-117,406,830,-52,365,368,998,-58,265,145,-309,362,-959,426,-939,894,-823,-861,-14,45,-725,-471,343,-797,-112,29,-232,972,-173,-908,-91,721,-328,-800,-949,-738,-991,753,827,-168,-686,312,319,-33,911
-20,-987,-72,-783,-479,910,-377,-980,-433,-204,66,-683,-76,-706,-356,480,-342,-371,230,413,425,-94,-258,354,358,567,-253,-461,-222,-273,655,-942,110,727,-452,-933,824,334,-525,-522,-197,-643,700,-346,500,-835,719,-772,448,-554,995,-977,307,804,82,281,-567,249,755,395,113,206,756,263,-937,933,481,-311,0,-158,553,-790,561,875,714,-784,180,950,-868,-525,-318,-421,-749,-451,-27,-28,13,-711,-447,-367,777,115,788,175,-658,590,-98,28,-145,-18,576,-58,-467,-255,975,-162,546,-230,420,977,589,-997,-478,305,483,925,-924,301,95,-44,917,479,141,-596,639,-556,608,-655
-367,-608,-83,228,-867,-627,393,779,611,876,768,393,42,65,571,562,-754,595,-650,-975,-622,501,-815,953,-763,-141,-827,-749,493,651,-164,22,-416,492,854,-929,622,186,473,-846,43,810,-564,-269,-204,582,-14,-482,242,520,-95,964,-80,-768,258,982,-452,972,-200,185,972,-523,722,-854,400,580,548,-295,-363,432,-850,-438,-677,767,-922,494,591,-515,774,-415,152,-655,-211,-8,547,-737,-277,-963,-625,-418,53,832,-623,377,-261,-273,-345,287,101,859,584,450,24,68,-28,-393,-497,255,-152,-983,715,-981,-966,-220,28,138,271,-726,-547,-857,574,218,-168,422,-277,240,788,879
329,268,-596,326,571,-749,-695,-752,-654,368,-320,-891,892,-909,-205,-783,-991,166,-89,928,400,-606,505,658,-922,306,781,58,897,69,374,-127,-822,823,-852,323,-655,982,-982,269,-579,-505,361,-425,178,-196,164,-140,767,-358,-849,590,381,640,823,-43,280,13,-285,-33,198,970,-345,787,-295,190,138,-949,-900,-775,-51,-115,-955,-76,484,896,-278,745,536,-801,274,393,543,265,-765,-622,487,585,-321,912,-377,736,-570,690,-344,-300,27,-594,-914,-1,583,70,-652,691,-92,-831,-721,-328,-970,-520,408,525,43,-444,67,-867,123,-397,-192,664,-851,-937,326,-291,839,960,967,-428
-967,906,934,-870,-176,914,861,-505,845,688,918,862,-366,109,930,-490,510,-197,-889,649,-443,118,-894,-824,-712,16,437,832,-835,478,-168,267,23,972,201,-603,-701,551,-812,832,-458,-164,-263,-843,-781,619,-530,-625,164,-40,-746,-363,-214,238,288,669,-145,-781,-888,-310,202,-291,-596,684,411,172,-868,339,526,-803,508,211,-136,-751,-14,-538,399,526,-876,566,-218,982,659,-506,-11,-812,779,-712,424,520,-554,-791,-452,-815,442,601,906,168,105,-984,-634,837,174,67,810,749,176,-640,-434,135,220,245,460,903,639,528,51,-550,-755,167,-793,818,-901,191,-129,-941,10,563
40,-520,-725,-290,204,399,-142,914,522,-191,753,237,-327,-436,591,548,-875,157,711,-27,-263,-516,-546,485,468,141,691,208,-221,273,200,-118,-759,-549,-372,-410,926,-109,418,-243,839,273,-668,392,-78,-178,-132,335,722,-825,-538,166,-501,-93,-731,-181,-313,-920,-236,-404,-191,-937,-579,-721,-544,625,-751,33,752,-778,-31,639,777,-497,-911,116,587,358,331,871,-138,766,46,-479,294,517,-119,685,335,162,905,21,584,777,-562,-123,285,603,-368,376,-399,473,794,294,-690,-342,925,-616,-515,68,271,-482,-260,-1,286,-80,-621,-344,-166,-635,597,518,293,317,625,310,860,-458
892,256,-168,-257,708,939,-599,921,-604,-280,-351,271,724,-401,533,543,199,-662,841,-439,-727,253,982,682,977,-268,904,-677,742,649,-450,310,-425,942,294,-343,-629,-22,-334,854,-792,-304,-400,787,174,995,-963,-47,-93,159,797,286,293,881,774,464,-840,-459,-452,805,-151,-103,155,54,-524,321,-306,-889,-944,377,128,-516,-539,-555,866,728,950,993,-929,-176,-152,-430,-871,373,218,-128,-627,174,-19,-719,110,206,-910,283,-243,93,891,-704,-786,777,202,-493,-701,642,-297,936,234,-301,-307,-687,-501,190,32,514,-235,-872,-892,-877,801,-778,-313,-240,923,986,-653,-708,199,-175
548,887,-494,-96,255,-69,821,-723,-276,97,950,-142,188,-850,-800,131,103,502,-580,556,232,563,-43,716,-403,251,-69,532,-658,-938,-950,585,-773,-852,546,-120,-135,-847,-823,528,588,9,-70,298,-163,-322,-507,507,-932,-536,-669,-238,667,258,-926,357,87,-924,298,-984,-640,494,-58,51,-716,-982,-567,-763,-89,387,-275,177,946,708,621,-838,-657,-945,144,-229,-663,-737,-710,-444,-139,-853,774,100,-938,549,451,210,143,-405,-582,811,-245,729,439,-698,-363,-657,-181,-181,-716,179,-882,-54,31,-656,-52,32,-247,-491,495,971,489,-597,-169,-179,-855,540,-966,-83,-252,-127,20,-663
-234,-536,398,-530,540,137,646,22,-34,428,-735,298,-74,-711,-190,755,633,575,-279,-195,560,992,554,-270,-400,727,642,704,713,-565,199,462,-829,421,-711,-929,-850,893,-507,-653,200,773,-844,816,914,117,782,243,615,417,868,287,73,803,-394,406,225,605,-894,-71,-881,-622,-903,-754,939,525,-737,-547,403,-175,-457,-510,295,48,518,313,791,-419,672,-447,-660,-820,-221,-942,-830,-796,-285,-299,-391,29,310,-491,564,-597,-811,297,-962,599,-476,50,-184,-592,-841,795,-104,454,620,903,-234,-330,-521,-665,-695,-792,746,-147,569,-285,-216,964,296,-290,-582,-463,-936,-956,-477,287
-845,34,-734,719,-102,584,-757,-358,-304,521,-315,-316,-358,532,535,-192,473,758,-55,-387,799,859,-158,463,78,950,535,-114,989,-645,965,447,-8,-953,-935,17,30,-644,68,-998,714,-306,-717,-748,316,-582,-363,-207,-231,998,510,334,-790,-146,-706,909,969,768,591,987,234,-934,-609,-311,248,-655,782,632,940,833,259,431,-207,442,243,-631,-979,-265,871,296,-482,918,-972,-221,673,-825,-412,-291,-164,-884,959,-248,885,-87,14,-506,-360,-33,857,-381,-863,-110,739,811,-793,332,700,-835,-504,-393,442,-892,917,-796,105,888,936,-871,-257,702,804,-656,-715,-656,881,322,-683,1
982,606,-540,633,961,235,537,519,-550,789,-934,827,357,373,-414,-130,-886,379,-81,-281,-421,24,-890,-626,-514,-63,911,-867,14,-526,-385,-94,-853,-7,646,388,598,425,884,-130,-316,-784,204,-528,-218,-994,-690,146,326,-368,789,39,-842,-807,-3,413,-551,584,765,-858,-944,-623,-62,597,-142,383,343,-4,250,978,-935,-699,-742,-735,326,678,794,701,-27,962,38,-292,168,202,709,-326,-566,997,-517,688,949,229,452,-71,-900,453,457,375,166,-991,-728,-263,623,-386,-339,974,63,-765,-190,956,75,-619,-396,536,-223,-969,840,38,94,162,-245,-613,-718,153,489,-925,605,688
-500,-477,-687,878,-189,168,803,609,-890,859,251,879,192,351,-207,318,-937,608,-235,81,247,-289,830,333,804,-542,-498,-970,-406,-30,905,-193,206,-790,654,-514,-469,-589,-674,50,562,-457,-567,483,782,424,926,-785,808,727,-110,980,269,-671,491,-26,-2,794,111,757,-675,-724,375,120,242,685,-596,-140,-28,-808,-929,45,478,293,311,-919,158,187,983,357,494,668,-883,682,500,-929,-926,696,597,443,-487,-457,-682,-499,-200,-738,-80,835,-232,934,-220,457,287,-186,-929,108,-282,-695,-873,464,-862,-967,-495,499,-8,598,5,749,-594,454,317,-24,418,14,640,-989,519,369
-168,-464,659,-347,-118,297,-119,897,614,900,535,732,-543,-165,923,901,-881,-870,770,-755,928,544,839,389,-27,765,184,-11,215,-678,-670,-939,-694,-398,-255,-433,-704,-213,-40,-353,-469,-252,-162,-269,963,155,-637,439,966,-355,359,-338,121,815,-63,-484,949,-374,442,-318,-348,-861,813,-60,-563,-964,129,969,562,-909,-411,-800,117,345,-20,-939,640,-426,682,-123,23,-409,-436,-552,-842,488,255,593,572,868,178,-825,-475,161,168,378,-848,-52,788,-640,-871,-919,965,812,333,234,233,192,-614,186,199,714,-361,172,-280,753,-7,-486,150,-60,353,-120,852,-157,-903,-35,866,-658
-989,-836,-311,276,584,632,-745,-297,318,-802,-734,-716,627,-6,-678,-693,-677,-288,962,-88,71,794,192,-804,55,921,-34,921,409,-17,820,-906,-600,652,607,606,-906,379,441,229,567,-444,-758,978,-394,-593,923,-10,834,121,-940,-987,743,244,-597,250,301,478,901,-783,-849,443,-25,989,921,-591,137,-234,857,-446,-527,-43,485,-916,373,-854,532,24,463,-113,193,-845,-896,378,400,719,-321,763,-246,-887,790,23,499,-750,-925,60,997,585,846,409,316,-644,305,394,-300,-155,-621,151,-471,710,-728,-537,-580,-240,35,465,165,502,109,909,543,-984,357,696,775,694,390,-296
122,-117,216,-195,118,53,-914,-738,-585,735,-892,-128,314,579,713,-658,-506,220,-407,-401,-819,-264,34,598,557,200,484,854,-180,66,282,639,913,8,987,191,606,-650,-638,-404,372,-899,91,-664,264,-188,-386,-660,393,671,-986,980,539,-328,-460,-691,-690,-837,534,94,71,689,-241,-428,238,836,-658,-352,586,-642,-849,-593,-947,-607,543,770,557,-338,-337,-550,528,-989,-676,482,442,-179,-980,197,-241,-716,-821,245,-586,321,-961,714,-760,43,45,28,-359,-569,-231,984,502,-993,-93,87,-902,-918,-281,516,-482,556,-765,-60,620,-928,-335,-624,-51,864,785,-803,221,-188,921,-173
611,423,-735,-856,500,818,-397,192,381,702,-846,-421,-770,176,66,-719,822,183,948,-920,-357,306,760,533,-793,-359,906,929,-804,749,787,526,-850,974,-882,807,-79,566,-129,279,980,-457,-373,825,-174,-767,-55,-49,-698,690,551,11,576,746,-839,952,-284,978,-426,861,-898,-385,371,608,-258,-477,354,-798,230,-976,-643,852,-233,-837,574,623,910,-110,528,250,772,-337,80,-521,-902,992,514,480,-517,966,-260,4,64,646,-661,-777,-450,998,686,940,726,-504,-237,261,-772,-211,-903,223,-548,942,-685,460,-656,753,655,-948,265,-471,-174,-811,-564,-919,-477,-84,664,794,-803,241
254,-827,-689,786,-474,386,-237,-161,-358,-814,-283,695,888,-526,662,-617,-943,490,34,251,926,664,544,-182,-773,643,-589,-277,594,-216,-228,621,-81,263,-898,-355,778,879,69,190,682,-722,-124,833,978,376,656,846,997,150,-193,592,703,850,198,-482,-336,287,-454,970,265,-85,-837,675,162,834,976,410,-70,-946,-872,-959,563,690,-778,890,752,744,521,132,-431,-90,-737,859,204,-750,-936,-128,562,825,-189,-1000,127,-105,-635,90,365,595,625,751,-649,22,-767,503,-576,648,589,213,523,-702,141,-776,481,-504,386,82,-130,-578,381,737,-316,267,-941,-117,-875,449,-361,-661
637,-931,562,540,-569,-341,-500,-557,549,-307,192,-560,574,205,-492,-474,-709,259,-176,924,708,738,116,-711,55,-31,121,-782,-845,-299,951,-90,279,843,663,530,-777,-22,-186,934,26,-872,-958,222,-620,76,-567,796,-960,-857,978,-859,-353,131,-69,-382,141,425,-190,200,580,693,-238,-107,-134,-462,989,-447,-211,-438,248,-746,314,55,41,323,-252,-792,46,883,154,-579,72,-396,-275,653,-362,827,-788,-836,425,-363,930,56,-681,-9,-585,-933,-128,568,781,394,132,-865,-459,-190,77,401,-208,947,-364,-672,-659,740,675,913,-843,-774,280,-172,-87,-491,-845,68,764,579,574,-430
403,-777,-683,288,998,-901,488,895,-912,860,-705,100,-252,-889,633,-587,25,862,743,418,-638,-633,-65,-35,663,762,130,-903,528,-580,-722,532,531,-180,-546,775,464,-799,-661,-388,560,-594,-7,812,-191,620,-989,-10,-934,920,-976,-899,220,-389,-204,876,-496,-335,-773,-342,-350,786,-237,-464,59,240,392,-865,-300,589,4,-601,58,984,151,787,-530,-58,-825,731,79,900,-830,882,-492,829,374,-132,-359,-677,13,-956,459,-24,220,938,478,-175,-403,-119,325,492,-865,749,782,-624,378,-938,23,-13,-459,585,-293,-27,836,668,-248,-159,792,-846,-802,943,-927,-74,361,-197,-387,-939
-863,-859,-678,443,-151,452,629,81,705,967,789,768,618,290,-219,717,-935,707,568,472,781,-119,-319,46,930,-603,-986,871,-383,818,-104,758,-592,-176,-443,151,-454,770,-852,-745,-252,-28,-221,42,723,-883,-812,-23,223,-586,998,-723,-512,-269,565,-565,877,-514,-602,168,495,583,568,-357,784,-118,-650,-742,-1000,-432,-780,-86,-676,558,652,-59,-977,-501,729,-709,120,208,667,-680,-961,-350,-666,-766,-448,613,-246,555,-493,-219,846,662,-761,658,512,667,448,231,-342,-66,-478,-745,-320,-607,-617,578,715,-652,126,-29,424,-703,-5,-101,-877,-981,432,244,-913,28,-212,309,-185,-446
420,-394,913,187,-927,234,-840,557,59,-749,554,422,-18,-307,294,-54,954,0,612,192,-582,248,844,549,-329,339,23,209,863,-181,-712,192,959,80,-266,13,59,-92,307,-66,-114,572,350,-385,-451,198,84,-987,35,-180,941,-511,777,-764,371,-538,-441,-500,-683,-331,-152,18,-592,-530,319,770,185,-67,-745,-864,-549,-472,906,818,-979,-951,353,-219,679,-270,577,-942,414,-305,320,444,495,976,302,-793,-662,-725,640,31,-549,435,643,670,205,-749,447,859,588,277,12,-69,166,630,231,-465,456,87,458,-14,871,-145,-812,968,350,479,839,168,-760,-977,109,826,629,8
3,-324,658,962,304,307,403,139,818,672,-487,540,325,-396,-141,-392,-773,-425,11,-684,-229,809,-919,332,147,-724,149,-505,-537,659,995,-83,135,-186,-989,961,-887,73,-428,785,-657,-638,742,-511,-788,-930,872,164,617,-450,-132,-531,-103,-177,-619,646,585,-453,202,70,513,-583,-188,285,743,545,26,719,39,-33,663,-201,-101,-555,-616,854,771,-182,371,-277,359,733,143,-3,-49,514,273,-79,105,-449,-932,824,-505,392,-440,697,-788,48,327,-370,-601,188,997,810,-591,-368,534,-73,434,-249,178,-312,458,678,14,721,516,-691,336,160,-329,135,-38,-736,-266,-675,-946,-525
-910,262,-177,-461,-896,421,-276,-293,-220,-983,-232,-670,369,84,-778,-445,-142,478,700,158,-413,740,729,-78,552,565,-953,73,-503,409,-63,816,-52,743,-821,-243,145,-237,350,-640,-253,-448,129,-778,925,60,-620,219,878,598,-31,50,280,-349,550,105,-63,-901,-969,719,-247,472,638,195,-524,710,124,-252,398,-674,222,299,-804,520,60,-856,684,-892,916,-802,-431,-170,798,-891,-91,867,780,-302,-95,-289,231,-920,663,-308,115,-39,122,634,729,898,-268,631,997,840,400,-269,5,-452,-772,641,913,-118,-632,299,-914,-473,-365,300,-657,295,-276,-316,839,-685,-463,-937,-43,-783
432,773,909,344,855,229,481,778,631,938,304,272,-66,-448,83,370,680,743,266,266,-622,-193,-122,-903,609,-51,-339,482,41,-464,772,-759,528,-335,-879,826,-98,938,301,-886,377,-489,-317,398,-608,-902,-363,-657,-576,360,27,394,738,-263,218,553,277,-932,763,-356,837,-140,590,-869,-520,-786,516,-910,-288,984,977,750,840,638,526,-20,168,725,27,-878,167,-235,479,485,596,360,471,-402,-591,-911,164,168,-678,-903,983,456,457,459,-226,13,265,-496,-582,593,-737,215,663,-335,-747,713,-713,273,-829,-92,235,759,-652,-107,-767,-622,103,-87,-856,85,918,-714,112,215
772,-402,-337,-58,-740,167,-543,-50,651,147,-167,-187,-444,961,-703,85,148,463,383,-167,819,-10,-915,283,-118,69,237,444,-261,-72,427,755,-167,745,-145,507,82,919,-57,558,792,679,-819,-219,-597,-973,719,-1,374,-755,-615,672,72,907,-515,-6,189,479,-595,643,693,280,-870,222,-119,235,675,849,959,-452,-672,-912,508,-895,-611,549,800,696,709,674,-624,719,-241,-336,197,-656,737,-886,-992,-184,-655,449,-817,832,938,-409,220,-719,-708,896,-688,-681,115,-426,865,-179,982,-574,713,-344,512,725,125,-22,-760,-764,-719,-791,192,45,801,-615,976,252,-628,-281,877,784
-312,777,594,613,-399,-246,545,848,716,251,-895,727,-546,-341,-878,769,-821,626,74,-842,160,-898,-617,470,-514,-504,-827,95,893,116,556,-821,106,657,690,167,-121,161,702,230,310,106,-276,-363,-967,640,627,295,-840,423,-288,-706,-589,595,662,-820,806,-801,-462,665,-663,93,142,773,-600,641,180,-367,-44,138,883,-84,-25,-272,-386,596,-917,258,513,-970,961,237,-423,-548,944,504,-412,680,58,493,151,399,-10,-204,-833,-417,911,92,289,-393,910,-264,-43,-40,-994,284,-75,489,-105,-304,142,547,412,-800,293,-637,115,26,-433,-960,-98,-220,566,125,-322,-456,-480,-42
-439,-864,-833,-359,370,-361,250,62,99,526,-785,-105,-717,-360,-852,112,-933,523,-791,-450,53,-726,-118,573,318,-853,94,154,106,493,968,-507,731,-187,166,840,838,-253,-18,345,685,-912,-994,-980,-839,708,953,-756,591,-492,931,391,-852,-516,-171,-106,-309,348,607,567,66,-147,-204,-101,-289,908,475,-282,-138,-738,462,-717,295,-706,997,-86,24,-253,-229,-922,-764,794,704,-120,774,-794,708,653,580,78,564,196,964,-855,755,-504,637,147,-567,-623,510,112,112,-275,460,140,-629,707,-697,-416,-801,-112,-44,661,-159,331,-81,-888,-476,-546,-506,604,207,-313,207,-808,-545,-847
-348,-74,-679,-67,810,-390,-248,64,-300,921,618,246,-636,955,-118,962,151,410,720,-878,823,282,-261,372,-257,981,172,598,-301,-239,-456,111,-161,30,486,377,7,663,-917,-939,203,201,-103,-123,593,-505,-512,-15,-152,846,-611,-808,-348,-175,152,-426,818,853,277,554,864,-710,311,438,-712,666,-937,913,-237,-761,-774,108,-548,168,586,419,-593,192,-666,-959,-421,796,429,-273,-826,-569,166,276,-23,-855,905,235,339,-425,883,-997,-740,344,571,-55,109,-597,89,444,925,939,-586,423,182,-966,94,-21,-22,-473,790,654,25,-715,705,-859,-643,562,205,951,545,814,-291,586
-124,254,51,-263,197,856,537,-151,503,647,-706,440,238,660,-849,-200,441,-92,845,-611,-918,-458,572,702,148,-750,43,540,582,-719,-565,65,778,-941,537,-551,848,-14,-648,827,772,173,-117,964,-492,663,223,-619,67,397,64,569,-368,976,154,-253,-9,-822,430,-105,45,-439,-137,784,-645,-415,-855,923,-947,-296,768,921,-73,-856,146,649,-346,-535,449,-639,-886,35,319,284,-70,290,223,-879,789,916,260,-1000,-251,305,-110,-571,435,881,-164,406,-761,-21,515,-382,364,-802,-357,231,-762,-541,446,-788,-591,-233,995,641,-268,527,199,201,27,-246,875,946,-726,-255,-706,-521
636,102,654,-813,-976,-785,-105,-698,-787,240,687,-48,-865,-452,-721,827,777,17,-875,-917,-382,655,-33,-747,34,-626,-673,154,-12,-376,95,746,173,944,346,-64,387,-494,122,-729,120,271,-258,-233,-174,-55,90,-688,191,105,-359,-647,-372,39,93,62,539,-598,810,-907,-914,847,990,-215,417,732,453,317,594,211,-742,644,-747,-105,929,-349,-696,527,-104,-719,-435,198,176,757,315,-266,-242,212,-929,-511,506,364,993,8,-274,-243,-316,105,-369,-839,620,85,-324,-537,249,-203,-925,276,-528,238,831,-245,-22,-356,-401,-884,773,920,611,-33,35,-474,-930,656,-387,60,875,855
-351,-816,30,754,-385,465,361,-265,-718,-408,-570,-716,753,33,-316,521,283,-567,-433,19,-311,743,-522,171,-180,151,390,-806,-604,-427,89,-131,-22,-321,248,774,848,-305,875,947,558,371,-449,-386,370,-587,225,-610,-175,300,-323,536,-858,212,257,518,-9,-173,-365,-255,257,534,365,397,853,249,614,105,-417,-761,-377,-202,-955,-326,-558,366,-959,936,-182,-429,-118,-27,978,697,874,-812,357,927,-822,310,838,83,-818,-187,-451,-381,-762,367,-439,753,-726,-638,395,294,631,-960,18,160,445,-776,657,666,-404,-917,-362,-491,-789,222,-780,174,483,80,-297,351,-615,-997,-628,-419
610,-644,-845,-764,-358,979,-659,548,724,89,482,372,-190,-71,-35,775,-685,-967,-460,-17,-24,171,-941,365,-501,-496,796,-539,310,490,-164,-894,-174,915,-560,-505,-648,301,248,726,682,-643,-308,-950,-483,-764,103,440,-179,34,832,-292,715,-662,-872,-833,89,795,252,90,-434,815,-778,-766,-542,571,583,-12,366,-879,140,-188,159,539,-827,-710,855,-281,-962,-739,391,-326,118,15,733,-715,-573,-400,-239,-833,-892,-612,416,575,-450,-892,781,-955,220,-997,-731,-885,761,-841,-815,22,880,715,-361,-726,-940,505,-973,985,-688,-597,29,-889,246,208,607,-594,926,-344,592,992,-842,297
-212,630,567,-934,313,-242,472,371,-407,-47,-785,-503,134,-964,825,929,124,613,-25,461,563,-682,-244,-768,627,736,-990,261,-790,856,-966,-132,-658,660,964,-147,-376,747,-215,516,-906,-554,-98,242,16,602,884,598,-265,536,-762,232,-260,914,-206,827,540,-129,451,-250,-678,484,-219,337,-19,-308,817,-392,-785,799,148,-312,390,477,-128,-985,125,-739,-747,144,179,669,224,436,845,-53,-75,356,265,496,-915,-779,600,624,116,898,-573,-558,-952,-258,-500,181,-14,-587,139,-198,-924,355,-889,579,-750,697,-533,816,-505,-933,-192,677,-117,-645,697,-790,169,-523,-472,595,-140,841
231,-204,-337,831,-140,334,895,-97,-166,-796,467,-728,-439,-357,925,-806,127,352,247,-847,825,-115,-266,-445,-442,909,682,500,-849,665,-552,485,440,-269,-378,-801,555,-575,-609,965,192,807,794,-288,895,275,-866,-575,17,-305,919,-757,547,-316,-414,391,943,-520,-140,598,894,-850,-466,11,693,272,60,521,-702,901,-86,633,-920,-719,697,961,339,833,-560,733,-12,-807,412,-17,-200,-587,639,743,557,167,567,-515,-550,431,-841,-631,-573,-509,394,957,477,-5,-307,104,-456,841,-539,499,469,-503,339,-792,341,621,8,-264,756,696,826,179,-56,42,-969,770,328,316,-951,659
940,-617,698,-337,-856,-999,-297,291,43,-255,-870,-77,-946,-117,-361,-252,638,-995,-927,-82,135,-560,-780,-384,826,327,175,516,-302,279,334,333,359,229,-309,27,-727,191,-663,-384,502,-365,432,-943,936,605,-159,-522,-888,612,853,-76,779,-359,712,-754,874,-6,981,226,-703,422,727,-20,779,-966,182,-33,-217,969,938,597,406,-762,54,-397,353,469,-567,154,461,-848,-436,-994,-460,-712,862,-421,-414,780,-105,845,-558,855,671,-356,771,972,492,139,-305,-758,464,-216,-859,737,752,812,-432,-824,-767,-793,555,606,965,-166,979,-719,447,-322,810,-827,967,-432,-279,751,-433,692
966,-458,99,-912,94,603,985,337,439,-139,549,-553,-370,-42,-47,-42,-537,579,569,254,-666,468,-928,298,931,-398,800,-507,-561,-85,-949,-303,29,-236,-622,-12,616,-265,-610,323,557,-216,-903,-103,-581,563,-978,-349,-255,659,35,305,-22,685,-814,961,694,825,-467,-514,-14,-583,771,382,-909,256,-457,618,491,706,-594,540,867,317,-617,-347,-266,-811,-472,-142,961,-921,419,48,-132,760,-809,982,972,-520,-671,478,879,-202,262,884,530,-351,-408,-607,-720,7,880,-672,-798,447,671,403,509,-570,721,-645,175,-965,740,-159,611,-171,-261,-365,416,787,925,39,-985,537,-742,40
899,-860,-997,-633,-458,-738,892,746,331,720,-451,942,275,177,57,-126,-158,-103,-257,704,220,112,-236,-445,-363,-852,350,390,273,-964,-189,-112,-629,-422,-261,580,138,517,-926,-649,-141,2,-683,-25,3,495,-875,499,-799,400,497,-80,-517,-46,543,960,984,-374,70,-500,973,-936,-791,-969,-905,-600,-553,238,7,-225,-426,-570,676,-590,390,-243,-338,-277,831,-119,90,553,-874,-281,331,-388,509,482,-419,2,-532,547,-542,606,-714,512,-976,-829,-469,123,753,412,-413,-642,-496,-375,-902,706,-555,124,-623,756,-415,786,108,455,-78,529,-190,-2,-850,580,285,942,-825,-715,-534,136
-797,44,630,-819,-640,-423,143,-84,549,273,-97,426,-549,-798,-559,793,-883,-592,99,-84,-972,350,-512,427,874,-170,263,-746,-88,312,501,631,138,709,592,649,487,178,-381,554,-274,-296,-38,-736,600,676,478,-960,-200,580,700,146,-420,176,-168,716,83,52,-857,-438,-386,743,743,-352,875,319,156,233,-38,414,-4,854,114,999,-487,-313,336,-755,-840,-638,53,-259,782,242,-399,819,-548,411,130,-197,-260,76,-284,701,-97,653,975,367,993,887,-636,-805,713,389,-633,998,879,-790,871,691,-105,169,677,708,712,116,-719,-779,651,858,-473,68,-850,913,-332,-523,105,-108
-393,-153,-768,-103,-758,766,401,106,389,822,620,-417,-899,-993,-614,736,-772,-673,-356,682,-418,330,-424,739,631,486,363,-244,206,598,-591,991,87,122,-325,-576,327,747,-412,-667,233,-144,-770,-39,478,-360,-410,-655,-516,390,-536,311,15,878,791,882,-587,335,-819,-62,513,835,-205,824,426,679,442,135,328,-120,862,78,898,-561,423,-267,-923,53,561,96,-558,-29,767,454,343,-212,251,625,753,536,-412,672,795,-461,520,-293,-235,-565,-238,634,-680,550,-105,328,512,533,621,904,-832,-678,743,-177,-381,-717,28,785,164,-819,-675,138,-8,-739,769,-115,-730,608,156,974
-341,-916,36,948,152,627,-581,-318,-926,-670,-308,229,-427,386,-137,-334,5,264,657,-991,166,790,-160,-640,-806,-423,909,-826,-665,399,78,526,-78,-4,929,928,-733,-335,211,-680,294,375,420,-145,-203,734,716,297,-672,-117,-484,451,-863,732,-724,-253,17,-288,-832,-744,-87,-378,186,-963,12,188,-790,675,-22,-130,-981,-593,887,-740,125,-909,-262,-632,-97,-490,-7,-407,-653,124,388,752,-417,685,797,34,942,-649,-784,888,836,26,629,-725,468,297,756,-647,434,-263,-12,359,298,528,167,-801,-330,-212,-676,-290,-101,-172,713,214,84,-835,827,38,-511,49,-931,157,-720,924
972,-948,-380,543,-632,-432,-929,-935,-299,905,75,-438,-944,349,-175,-29,-172,-628,630,633,-712,707,152,502,653,-840,-638,294,-691,-258,-93,663,58,-548,518,-372,-883,-114,531,-811,-428,177,-428,-35,-521,-670,-139,321,-384,-553,391,785,442,199,604,725,528,988,-996,322,-630,-504,879,887,-682,132,720,252,-646,-31,-621,287,-920,238,-524,-246,290,-760,530,-508,-538,-857,315,-717,-603,582,-273,9,-129,-850,-546,-498,939,467,606,493,134,-727,505,-298,-901,12,-671,-977,939,-619,372,868,-770,-74,691,348,-607,997,562,-399,453,-301,-761,502,598,-772,713,-434,533,-148,-819,-302
280,-673,455,90,435,-853,877,935,262,-194,-821,-715,-143,107,41,-559,-320,60,82,-590,-960,-147,417,-602,545,-529,277,-383,384,-25,196,-552,482,-478,-936,-404,460,-198,1,148,-659,108,-133,608,-547,716,731,-7,142,-583,468,-541,674,227,433,134,-259,-966,-651,-734,533,-838,-145,-58,-529,-662,-610,-92,-260,86,571,417,-218,368,-533,-126,281,786,588,-618,107,-373,837,70,-710,-234,-680,204,468,-570,626,939,-692,-304,-646,-502,-510,659,595,-140,-2,67,729,374,213,423,-417,-770,-91,-625,59,200,-638,174,885,420,-644,828,87,476,27,-889,19,181,-237,-856,-615,415
-413,891,684,501,580,886,-891,751,-17,-805,-644,101,702,869,607,-235,677,-164,621,887,49,-591,-429,590,637,605,871,-451,-649,-27,-88,-94,339,434,-769,-246,-68,-455,805,-292,-441,720,878,218,-572,-306,-93,63,-640,-168,328,-728,-476,-541,538,-226,-887,414,-202,82,380,-461,-865,-878,334,-182,741,848,985,-708,-328,-389,834,-242,-179,-246,-559,-78,843,-657,-952,-651,592,-213,630,-827,864,557,-230,817,596,-231,82,700,-710,-137,-403,-219,-139,631,326,-674,5,-852,439,-500,339,-446,-849,-643,-118,121,-516,647,-393,-84,766,-37,213,-515,-97,-370,743,608,878,-58,-547,976
613,-984,-201,-4,101,-635,954,641,683,-75,-142,961,-64,431,-903,159,961,-864,-653,-228,372,880,541,420,-99,-412,-693,492,-49,-23,347,654,-859,307,-785,851,-482,977,-200,525,-827,234,240,47,-474,-874,421,599,264,-824,912,36,115,-328,57,-620,-354,56,-488,-877,-920,38,-651,-220,483,-698,-793,708,657,330,409,-377,731,-341,-275,374,-813,933,492,-850,57,762,319,-94,218,-696,522,125,870,-854,29,-850,155,606,-288,435,-382,604,850,-359,-750,-50,-648,274,181,-279,142,624,250,232,701,-173,192,22,-734,504,101,-468,626,-184,-62,-737,-244,97,163,833,785,876
881,71,-147,-786,121,534,-968,-55,-457,330,736,735,172,-929,673,-768,568,26,199,24,492,-175,997,-158,-824,-207,-384,-368,921,703,-598,-912,33,-86,501,-886,-862,-484,266,260,-778,534,903,758,310,-339,455,-142,-304,290,-273,124,978,-496,-910,884,-836,-956,547,241,-141,-304,459,-632,529,-707,-278,918,422,742,365,-737,446,782,-187,869,-525,227,-640,521,-494,118,-964,42,544,-858,914,901,-244,358,-857,199,-396,-424,-601,773,-515,415,-927,-482,385,311,656,739,-668,-600,462,-341,-123,129,-729,394,-665,674,-599,-481,-70,489,-939,265,642,725,-338,178,47,850,-193,-147
