38,-23,67,56,60,-17,-14,-76,-77,44,72,128,-114,-19,-104,-24,26,-67,-83,-39,63,71,-64,66,165,69,-4,64,-26,139,30,107,-84,-56,10,-33,42,115,-87,-45,116,100,79,113,28,10,-50,-86,83,-37,80,-48,6,7,-33,6,-3,-1,-8,14,-5,-46,10,18,-152,113,-37,11,-53,-165,-63,36,-74,-112,-154,-16,-11,89,-66,183,-69,-48,-35,106,-65,146,-101,68,15,64,-159,8,-1,17,-54,-68,12,17,20,23,-65,-50,-109,-89,-69,-12,-11,-53,30,86,38,7,84,18,49,0,166,-89,-26,-66,-111,-27,-110,56,84,-17,-74,-93,-90,75,-55,-100,26,22,-12,70,-65,27,-158,-4,111,29,-70,-29,-63,-5,-29,120,21,68
-16,-51,75,63,-76,29,104,103,-100,-52,8,-84,7,13,2,-102,-121,-97,-28,27,-34,34,-18,-2,-49,-111,220,93,-53,-152,11,159,-162,77,-145,124,110,34,107,-8,-68,-95,49,-58,-31,-58,21,48,59,-16,-74,5,-44,66,205,-135,-50,46,183,53,-8,80,-81,-36,-55,45,5,-155,69,-45,-56,43,46,33,49,-73,-29,-169,-3,-14,-44,-141,255,-72,115,-9,-20,-94,-47,-269,15,112,24,-96,-53,39,137,-80,6,47,163,87,-126,-23,4,57,-101,16,-5,20,39,32,-6,-45,61,1,193,18,13,57,115,-31,22,190,52,154,267,-181,-182,-34,-25,2,130,66,-51,31,163,85,-10,177,-65,-96,-88,92,-113,184,-54,-91,-104,30
-42,68,-89,-113,-88,-42,50,82,-98,17,6,-1,78,-14,67,-108,-153,-13,-31,-63,-19,116,-53,174,219,-62,-144,79,34,54,156,107,105,-32,15,-49,-121,72,57,45,125,-2,49,112,33,90,-37,-69,-29,56,183,112,73,-14,-3,17,72,51,16,76,76,6,-85,1,-120,53,-131,-1,2,-45,68,171,64,-48,-61,110,-72,36,60,-91,-48,-27,-56,-59,-116,25,-80,16,-58,164,27,-80,98,-23,-88,-111,-33,-57,82,-74,-79,-153,-7,131,-12,76,-28,-5,72,144,-48,28,-104,-138,-101,115,-67,-10,-16,13,58,-52,1,-7,-103,-19,30,74,-9,-67,89,-74,-56,103,-4,37,-108,-47,42,54,27,-5,122,16,133,-16,69,-30,1,170
143,-97,91,256,61,94,68,6,-61,-52,10,40,36,-42,98,-92,50,45,-118,-41,71,-80,-45,-32,16,118,47,131,3,161,53,63,121,-68,-107,-22,22,32,10,12,103,41,-81,36,91,79,-33,83,-110,-23,-55,56,72,134,36,25,-44,109,19,98,73,19,-2,179,-86,13,-20,-33,219,-152,50,91,-98,-7,107,69,-76,-10,108,133,129,15,-64,160,111,85,-34,42,91,202,-42,-60,-154,36,59,71,21,7,-39,-90,-109,0,4,-182,-27,59,17,140,-31,1,154,-20,20,-49,23,-26,-69,-183,-96,2,150,47,52,-85,72,-108,9,-36,-72,15,18,-178,46,-21,-45,42,13,-161,-26,-45,124,21,-72,-261,-16,22,-24,-65,-144,110
-35,36,-66,152,-27,-66,74,-21,-112,-38,-21,28,44,65,15,-127,-41,-6,100,-56,77,-20,25,-19,114,-10,4,24,182,-37,-40,-17,-35,-6,8,34,105,-54,-24,75,134,83,41,55,63,143,24,-22,104,59,-50,-11,-20,29,39,21,-57,44,9,210,57,-45,-133,17,-125,-32,-104,74,-23,52,-29,41,51,36,5,23,-31,45,9,-80,28,2,-31,-53,-30,43,5,-8,-71,3,192,7,-3,20,92,-30,-83,-27,2,181,112,-102,-38,39,-148,-81,-62,-43,-46,63,24,-22,-77,-12,-33,-25,-88,45,-51,54,44,64,-64,57,-44,116,-99,111,47,31,93,63,84,-41,11,-1,-175,69,190,20,-24,-20,177,-7,29,-2,-7,-79,-142,-36
-65,-8,-135,12,75,-37,-86,101,-98,25,-24,-40,-142,-21,79,-198,13,1,-36,109,158,127,2,-33,159,-45,32,-111,-19,88,-71,31,28,43,24,23,-123,-143,36,54,91,-53,-154,-80,-40,137,6,36,122,-55,-87,146,164,69,59,20,68,80,-109,45,149,24,-43,36,-59,-122,-156,28,57,-78,-159,-94,-125,152,-118,-53,12,72,6,-36,-9,-84,158,3,-77,41,3,3,-74,-39,25,-11,156,-62,-81,32,-26,-90,91,166,10,16,26,-66,-5,89,-171,-89,36,53,65,91,-102,-123,29,48,63,92,-40,-174,27,-18,10,90,58,-25,-105,74,25,25,112,53,-69,-126,-36,-45,-24,-104,-6,-162,-24,-132,114,65,-40,-84,202,39,55,-54
10,58,-31,47,-34,56,145,167,20,190,66,41,-93,-107,22,-98,-50,-46,-19,78,99,166,-111,14,-47,1,6,-171,37,54,-121,-71,10,-68,77,-144,29,119,74,-38,39,33,118,165,212,-212,-48,49,111,17,96,179,-97,-110,-85,-79,-56,-50,-54,-4,-83,28,73,10,-63,78,44,54,-131,43,92,-80,-51,34,38,65,-11,-85,72,14,25,55,-23,-63,101,173,84,202,21,102,-50,-12,54,28,65,185,-63,-38,31,9,32,-132,138,109,3,-123,123,60,-80,-51,14,58,31,39,-5,94,-29,83,64,47,-13,-122,-66,-50,-20,53,-98,-28,82,7,-69,-70,42,112,17,-19,-53,-137,-84,31,30,61,-44,-6,115,10,-82,89,-29,151
-73,100,-14,40,-97,122,-14,75,-40,-18,-21,-27,33,43,-59,-10,-55,6,-23,-139,42,-53,11,103,-41,-55,-59,118,18,-8,-15,12,106,87,-74,50,-102,-101,155,45,-77,92,-97,54,103,4,-44,-31,58,62,-72,-78,31,-40,29,-31,77,16,24,-30,-108,-65,-34,-20,-146,74,-78,-146,-26,79,-59,-35,64,33,-100,-41,86,29,-33,-77,71,12,-105,-30,57,-83,-84,-20,-35,44,67,56,-96,-90,41,97,128,-3,-42,50,36,-92,-89,130,-22,-103,1,-60,125,-6,9,-79,-44,-13,-79,-57,94,84,89,40,40,-1,-36,84,43,200,5,16,64,-133,81,85,44,39,-11,59,22,216,73,122,58,-115,-137,116,-54,129,-43,17,-47,-45
21,-65,-14,59,64,-96,-47,6,163,-8,31,-186,82,80,41,33,22,-44,-23,99,55,88,86,9,28,64,14,-70,67,-1,-73,-10,93,34,-102,-156,-26,21,-9,-12,59,-130,-49,-9,-29,-38,-101,8,98,22,-2,41,58,105,31,-7,-113,139,29,-36,30,-2,-102,16,-43,-137,-38,112,-13,-55,-19,7,-86,-2,58,99,-35,46,-21,-35,166,54,54,51,-57,70,-66,-3,27,114,55,-104,15,-41,-91,-106,-103,35,118,-98,-21,-92,55,-207,-49,-64,-142,41,-169,-52,77,50,-32,-134,2,0,38,57,-184,-50,116,2,0,56,-70,-99,55,21,-55,-14,9,71,-88,10,1,-97,-78,-78,-87,-105,6,35,82,-74,-35,19,113,51,-34,-42
36,-7,-9,-2,73,20,134,77,51,3,-33,231,-63,-64,83,15,-3,-45,-3,135,-17,-35,-149,-83,111,127,46,16,-71,168,1,43,99,-137,102,64,-102,-114,-2,-42,82,39,-132,9,32,26,-17,-32,-8,107,-5,-13,25,-214,12,80,55,17,-113,53,-78,76,47,110,-70,-68,-69,137,32,40,-40,141,-98,-64,107,-69,-118,-140,109,190,-55,-91,-90,42,17,-97,14,33,18,-54,-84,-62,41,58,22,-73,60,70,-122,157,-28,41,82,106,-18,-119,160,-67,79,-58,78,-111,13,64,-111,-13,66,-148,45,-14,-90,88,17,-147,103,71,-91,4,-88,50,-61,-102,-41,54,142,16,-67,-40,6,146,-34,76,22,-69,-3,14,-114,-134,26,53
-24,-135,-19,172,-11,-30,69,75,63,-26,112,-64,-58,25,57,-130,40,159,-23,-17,1,26,87,48,-44,81,27,-55,41,-43,-92,45,62,22,-48,-48,-95,40,153,-39,-69,-59,-115,-21,-122,36,196,110,-138,-24,-52,-18,44,56,-38,-38,22,26,48,14,28,72,-80,-6,-61,-66,47,35,-11,35,36,-75,-78,72,137,-38,-7,-127,54,6,-34,-72,-71,104,99,-105,113,-17,-6,32,-31,-20,63,11,-23,59,65,-50,-28,-130,-40,-47,148,63,91,81,-59,88,-67,-21,86,-53,97,-96,-92,23,41,45,142,-13,-49,-59,40,-118,-69,-45,39,-32,30,84,-22,0,-74,142,53,-36,-91,-131,68,-95,-27,-105,-96,19,18,118,-58,-49,52,10
-63,62,-54,-32,111,-8,37,73,43,67,-62,-34,-104,155,59,61,101,-68,87,44,83,23,-28,-32,-40,108,20,-116,-81,112,0,-179,-43,75,164,19,-13,-99,38,50,-89,-57,-1,128,-20,-101,-47,123,-47,-29,-81,-140,25,-124,-99,10,-22,-4,-70,-47,-117,-48,110,-119,48,-93,188,-59,-38,38,-8,-10,22,-3,30,-2,43,49,59,198,-120,17,-4,11,-42,-28,138,42,-52,-91,-17,37,41,34,31,-96,-75,140,10,-7,-5,153,-43,3,69,-71,74,81,33,-92,-1,55,-12,135,90,22,-28,-9,119,28,-123,-16,201,-75,48,-223,-126,46,-29,55,-144,-18,-126,-92,47,19,47,-49,140,-57,-63,102,23,26,-29,4,33,-32,184,-68
-60,-138,-48,-52,-10,-38,-42,-57,43,33,-183,63,-118,-1,-17,146,140,40,7,157,-73,3,149,-80,-205,-58,32,38,-35,-31,-122,0,-49,-22,-93,-79,10,57,-132,-5,-154,-16,10,-146,-168,24,46,-60,-80,-49,105,-85,-52,191,158,69,-78,-65,168,-6,65,-94,-55,79,107,-83,50,61,29,-103,77,-123,54,-25,-57,36,-37,-19,-46,50,-8,60,32,116,66,-31,-54,10,62,-33,-48,-14,89,-48,0,-13,-9,16,-137,-44,67,92,17,-13,44,114,-38,-2,-179,-6,-31,32,95,18,3,15,-16,-74,-54,-18,-32,35,-51,53,-23,-84,8,-62,-71,4,40,9,-42,-41,116,105,44,33,-30,-79,-72,-93,18,-28,-51,-34,23,22,-85,-7
-6,78,-61,-126,20,-16,-229,56,50,-63,62,-102,-42,51,116,-31,-101,83,49,66,65,-76,-24,7,169,-51,-128,-28,-3,123,102,-19,-21,-16,-42,-146,-207,-29,-41,111,142,80,-36,-46,-36,109,27,-93,-59,-113,13,30,215,-92,-71,14,135,-17,-60,30,157,-30,-11,85,52,-129,41,15,25,-48,-6,184,-127,95,-1,-30,-26,156,97,31,18,-106,-22,-66,-112,30,69,39,-68,82,62,-15,80,-72,26,-64,28,55,68,30,-17,31,58,-85,37,171,1,-55,144,-60,-16,0,83,68,-94,1,-50,-30,-89,4,109,18,75,-5,64,-80,-70,89,-95,-41,-86,23,-100,-65,5,16,-42,-144,136,-103,-38,117,33,-21,119,-130,54,-132,117,-1
93,-40,-42,-74,171,-65,-44,16,-12,28,8,17,45,-26,-10,-13,-27,-41,-16,179,45,52,-90,-78,-24,-1,32,-1,30,-49,49,-41,48,0,3,-43,84,-45,35,38,51,-37,96,3,-10,-22,-128,-34,-76,53,18,122,-61,55,83,-7,-41,31,-79,39,22,3,19,97,9,-28,-96,-31,13,-29,-207,-31,-32,8,80,96,-5,95,77,45,-42,-4,-66,-14,-36,85,-39,7,11,-32,-75,-141,-14,77,-77,-81,47,-46,-114,-112,21,-76,-40,7,28,-9,190,42,-90,-44,9,-90,26,-8,21,42,-24,-44,-81,48,80,-19,-153,47,-78,-55,30,-14,71,-58,-101,18,35,109,93,-33,61,-74,-181,-21,48,128,28,-80,29,-57,-16,-14,17,74
-124,-79,122,58,14,68,115,6,106,235,60,56,-36,-76,-90,-31,-40,-104,-85,195,97,131,-73,-102,-194,6,209,-52,-28,-80,-86,-77,-28,-76,-4,31,158,-59,39,-150,-96,-98,136,-42,91,-30,-74,19,56,120,-54,64,-141,15,77,16,-132,-63,-153,-120,-170,34,47,89,-39,65,-25,-58,-37,50,-38,-91,52,16,25,54,105,-137,-31,-18,12,110,75,-39,82,-24,-37,39,-7,60,-104,-80,-5,62,64,24,-29,-2,-15,-27,27,-15,58,82,-44,-137,216,-21,-167,-33,108,-44,-47,170,93,88,-34,-100,-154,-48,69,-22,-70,-77,-58,-27,-37,-32,38,-36,44,-11,21,95,137,-18,46,126,-198,-44,-71,-30,-80,-30,-29,63,-42,17,16,-56
-102,-41,-32,-210,-4,20,-112,-25,-65,-225,25,54,21,141,54,76,-26,82,33,-21,-78,-47,58,-42,-9,24,-86,2,-58,17,-12,82,-53,172,-76,-162,-152,15,-4,59,-176,-7,-79,40,61,-159,-49,14,-49,154,-17,-113,42,-34,13,68,-61,2,172,-101,-60,-99,83,19,-135,-106,30,-76,102,24,-57,116,85,-147,36,-154,62,79,17,67,-58,-43,18,65,129,-32,73,62,6,-93,-84,51,126,59,31,-96,61,-17,-147,-18,106,35,-76,-34,-45,75,63,-185,90,-64,-120,41,185,14,-109,-73,14,8,75,23,-92,-51,8,167,47,93,-95,-90,19,166,3,43,63,-2,112,195,94,102,-46,-27,3,-125,-37,55,10,106,-56,62,32,-73
-85,-20,86,161,-84,-99,49,-207,-140,-26,-42,41,-121,105,-52,-101,-110,42,5,-32,69,67,80,122,33,-13,74,16,75,-167,185,86,-57,64,-169,119,29,46,-19,-20,-94,-92,65,-63,-93,204,83,59,-69,26,-134,23,-33,38,15,-32,50,39,88,159,71,28,-163,118,5,14,-158,-144,36,6,-54,-70,131,13,79,4,64,-45,83,-49,-87,-5,-27,-17,19,-1,45,-174,50,6,-115,88,13,-55,43,-104,-8,-83,-127,-35,-30,136,-137,232,-87,152,-32,-50,-54,55,116,-90,5,-62,24,-36,35,-28,115,35,9,65,5,13,-13,-52,70,-12,20,76,99,68,27,-49,-51,39,-97,90,125,-86,10,5,-12,132,-127,50,-33,-114,-49,-28
-164,86,4,-73,-60,-13,25,-60,-57,32,-119,72,82,112,-17,-16,-94,21,98,9,-1,27,-76,95,-100,-5,59,7,-3,17,-9,-96,27,-117,-146,-61,102,68,-83,-57,-99,-71,99,2,-33,1,-53,-51,61,137,49,-210,-111,-8,146,48,-86,-129,-31,-107,-82,-55,-55,81,2,144,34,-56,-112,24,-7,82,90,94,-58,55,119,-37,-37,-2,237,86,126,-52,-28,-35,48,-88,72,57,58,6,-51,-25,23,41,47,-3,-101,-49,7,-36,-39,95,-47,-18,-93,78,-79,92,-16,3,0,55,-103,30,17,-93,-22,42,105,46,-45,54,37,58,138,31,-101,-110,64,170,-44,-69,-111,-65,106,94,31,-30,106,12,31,111,49,74,-2,-64,-146,-14
6,143,17,68,-75,17,-24,-26,143,245,-6,-78,-68,122,11,15,61,-50,131,21,159,-45,-13,-62,-134,-94,42,-47,29,13,-95,-178,-93,-28,190,-12,144,-31,-39,51,-76,19,118,16,78,41,95,20,32,-104,-118,-23,-69,19,-120,22,-1,-96,-159,1,-2,-116,52,-82,48,-61,63,-69,-46,195,-17,-111,53,92,-78,-93,24,12,-42,-38,29,89,-50,-80,41,3,31,72,-29,8,153,52,49,5,73,50,-26,124,65,124,127,32,123,71,51,-60,22,-86,-18,-108,-19,-27,-84,181,93,-35,-78,101,-47,-66,42,-124,49,-30,-48,-90,-137,26,53,-49,18,90,6,-116,7,-71,29,85,74,31,-126,55,32,49,87,-123,29,-2,91,-56
28,2,-65,-74,-90,30,92,-128,125,-50,-54,-24,22,66,-28,97,32,-14,119,-124,-162,-51,191,21,-51,148,-161,-31,161,-71,60,-35,-30,140,-10,53,80,-56,-31,-48,-43,-25,5,90,76,-6,14,6,77,-131,21,-123,-6,-88,-105,-59,-87,-11,121,46,-37,-4,10,-76,67,27,220,15,-58,48,-44,-18,154,-175,79,-132,-76,-59,-94,100,-119,21,-126,-5,38,35,94,5,-51,1,11,158,89,-30,48,-16,20,-8,-85,-84,115,1,115,58,-29,-126,-21,18,7,-88,-48,-46,79,59,93,-36,136,-16,-5,78,-140,-112,62,16,-20,24,-47,-168,-53,42,-72,-38,34,-14,68,137,49,-7,17,-62,-104,-25,157,68,-52,52,-42,-27,0,-76
-18,23,1,47,-42,191,-137,-117,6,-35,56,-81,154,-59,-97,51,100,-81,12,-133,-21,-96,183,-13,66,-121,-95,-90,-14,-23,-126,-72,-66,88,26,194,-3,-37,70,-74,-24,111,-8,37,6,-61,38,143,-48,87,-20,-37,34,-67,-15,-91,-4,49,1,-62,10,-53,-105,1,-11,-79,65,12,-58,192,168,-69,-63,-76,-33,-12,103,90,-97,-95,-1,99,-41,20,146,-5,38,39,-16,136,-36,153,-154,30,127,125,-147,-111,181,-114,153,20,76,40,-48,-21,-46,0,53,-45,8,-36,-76,-133,82,14,-46,103,39,67,9,18,143,39,-45,-29,-36,-132,87,34,-83,48,108,31,-18,87,-26,149,65,-116,-60,-126,-12,99,44,62,-20,37,-31,-155
-39,87,57,-72,119,-9,31,24,-13,31,-11,-75,78,10,28,-28,27,1,41,54,23,-34,-96,-71,-132,-9,26,-66,-23,-27,-10,-187,-79,-141,164,93,52,-65,74,-70,9,5,41,-6,-17,23,19,6,-57,-51,-45,-84,-113,-77,4,40,16,-84,-24,-79,-9,-80,117,26,121,14,35,-29,-14,22,68,-28,-130,44,48,82,89,65,-28,88,-34,-22,84,-21,-95,31,83,-93,-65,-87,135,-89,-140,58,4,-17,-4,107,68,-21,12,48,-23,-145,78,-60,39,110,15,55,-8,-54,-56,124,124,27,-156,-45,32,61,-46,36,27,-94,97,-134,54,-11,82,15,-42,31,35,-123,-36,-50,52,-5,126,35,3,59,31,-23,41,7,-30,-68,96,-99
-66,5,33,-188,-95,57,-70,-72,11,40,38,-9,-27,77,-16,-20,-94,-92,-29,29,-92,-58,131,-66,14,74,-68,-101,-48,-47,-79,-37,19,-119,-9,-146,-15,-12,-34,-63,-47,39,-36,57,17,-50,-25,-38,84,146,3,-61,5,-124,82,110,-82,-15,-34,-82,-119,-14,-1,-69,-5,59,-49,-57,-66,-25,22,-87,-50,-153,-9,18,62,-61,-113,86,18,-97,-36,45,-25,-11,-69,-2,-129,-37,19,-54,67,13,74,39,42,77,-62,19,-17,-48,24,28,12,-127,23,55,-27,79,-23,-58,60,33,-89,0,102,-73,106,32,-158,-55,-99,22,59,49,37,-15,-28,-55,-68,42,-45,50,-24,-70,-69,92,44,-5,64,94,-63,152,127,6,41,16,-62,-63
-69,29,115,39,-81,-9,21,-188,30,-42,67,-31,178,40,-56,106,58,8,62,-54,-25,-68,-14,93,-118,63,40,103,-27,6,5,-94,8,-7,61,86,91,-41,40,48,-212,-36,105,44,-102,-36,88,51,-59,60,-177,-80,-95,112,58,-70,-11,37,45,-179,8,52,-3,-87,-15,-31,63,-140,-112,62,-24,-90,71,48,9,-40,-41,-5,-74,78,109,-74,-37,16,-22,-37,-17,46,-46,25,-11,85,-70,51,133,-15,60,12,-127,-112,14,52,-126,145,20,-13,36,50,-39,-46,50,31,22,20,82,-54,34,46,60,-66,-28,31,14,-117,33,-35,124,7,-51,106,-63,15,79,-7,-88,39,102,98,111,-30,94,-30,-17,22,-108,99,-14,156,40,-170
-78,-34,19,-147,-13,68,-133,-182,104,-29,23,-119,132,1,-2,94,-91,82,12,-109,-105,-4,141,116,-92,-33,-137,0,-57,10,-21,-113,0,31,-48,-47,42,75,-3,-115,-62,-169,124,-137,-2,44,-8,-117,78,-106,-42,-18,25,67,37,-47,-67,-77,0,-93,71,15,104,-73,-6,-109,15,-25,-45,46,37,34,37,24,-34,74,10,50,-106,-2,35,49,82,-61,-48,92,105,-154,-29,-36,21,79,98,4,-132,33,6,-47,82,-96,-73,4,28,-3,2,7,-61,136,3,65,-95,9,145,40,6,65,20,9,-123,-64,127,-39,61,-32,-74,-32,34,32,30,-95,40,107,-29,-86,-33,-32,26,15,64,-60,-63,67,130,67,-23,-22,43,-14,-80,-128
-5,-17,-35,100,99,-84,54,3,-14,1,-24,-63,16,45,-18,-8,211,58,-109,-74,52,36,-87,65,34,30,74,49,65,18,-109,-52,-53,53,104,68,47,34,57,-138,49,21,-44,-19,-158,-155,166,75,8,-50,-64,-161,-156,74,55,18,-8,33,67,46,11,-117,34,-189,-45,8,24,-42,-79,-12,-24,-28,34,-39,7,31,25,8,-80,90,-23,50,51,100,-29,53,34,-93,50,-143,146,39,-4,32,-124,-17,6,21,51,1,10,29,-29,-88,86,-47,-140,156,-83,130,-9,75,14,-37,42,-21,34,92,95,-47,-131,-62,43,28,-12,9,32,-60,24,149,-28,47,4,61,-57,-39,-4,40,101,-12,26,-20,30,-74,-63,64,-27,-4,30,17
135,-103,123,90,-85,-57,-136,-229,55,-63,170,-71,133,-146,-63,7,111,-9,31,-75,-108,-18,63,7,-15,29,33,186,111,24,89,18,18,62,-104,72,16,5,150,98,-19,16,126,-40,-57,33,37,-94,-26,-108,41,-55,31,152,100,-53,-34,65,-8,-35,123,70,-95,-95,1,37,91,34,-61,-20,25,60,27,-21,1,-67,9,3,-74,66,85,62,-103,19,6,2,-49,95,-41,54,-114,-85,-36,36,53,-69,171,-81,42,-72,25,-56,-49,-70,-45,-57,39,5,-73,32,18,-45,29,-43,-47,-31,0,16,-128,-23,-24,-19,123,-4,-47,6,151,-83,-88,22,-82,-93,154,121,94,51,-64,65,-35,-34,48,-15,-33,-82,69,36,25,-78,-83,36
55,50,-81,18,-62,98,-90,-14,-93,-28,20,-37,-34,-76,79,6,-147,-20,36,-60,-39,69,57,100,91,-17,-114,33,2,80,24,207,-10,66,-58,-128,-132,137,-107,126,33,-15,39,159,8,-70,62,44,-8,4,2,39,14,-34,-9,106,49,-158,-9,75,142,-24,7,-50,-64,47,-98,-134,-93,18,-60,33,134,-130,-73,-38,73,-83,89,-50,-66,53,-129,43,74,66,-11,79,-28,-15,8,-19,60,-10,92,41,21,-71,-71,-48,-1,-18,65,9,-8,46,-125,-64,169,-67,-81,38,-90,-7,1,77,-36,72,42,123,-38,-67,7,64,96,53,-81,-52,8,62,59,-79,56,43,-6,164,-147,51,38,89,96,32,-53,117,39,-22,-34,64,-55,149
116,115,36,-53,-76,51,-90,124,-75,3,-103,-110,106,-1,27,-40,-144,50,-13,97,33,102,-65,-7,72,58,-5,-65,55,-77,94,46,-102,-7,-71,-34,58,69,-117,9,83,-42,33,109,55,-34,-23,84,15,50,-17,-40,82,-103,-116,18,-13,-17,-87,-42,21,70,-28,3,-78,112,1,84,41,7,41,80,-156,7,64,114,30,87,67,28,135,49,99,-37,-209,107,-60,167,-37,29,79,50,-142,-56,56,53,-63,55,-20,-113,-91,-51,202,-99,76,27,-22,13,144,38,34,-66,1,44,158,16,-86,6,-88,98,156,38,-72,-29,34,-77,61,-27,-42,29,59,11,-35,45,-214,-62,-127,4,32,-13,21,100,39,-80,87,-7,54,-9,-16,7
-1,-54,65,103,-95,6,10,56,55,80,61,11,-130,54,-40,-57,-77,32,14,17,46,-30,127,33,29,-79,113,-62,82,-115,21,57,9,144,-203,-93,28,147,-54,-9,-38,2,-33,-14,29,33,31,-134,71,-91,-83,18,86,-3,34,10,59,38,1,113,-93,25,-97,-86,16,6,-9,47,66,-20,53,-29,-27,29,-6,-78,39,-38,-4,-109,88,14,81,1,61,0,-18,-1,-3,44,-72,21,47,-129,52,117,-50,-50,82,107,11,20,91,-14,-138,-15,-166,20,-154,3,21,31,79,-27,-26,-47,235,56,7,-6,89,38,63,180,-32,109,19,-4,-84,-65,-32,15,-29,-12,-28,-72,-109,-6,-86,21,59,15,-92,69,-48,71,25,-69,-36,42
-73,11,25,-30,-49,80,16,37,-59,-9,-20,-69,40,63,12,7,-97,-113,61,-83,12,16,106,-11,19,76,-33,-55,134,3,30,25,-46,163,13,-114,0,-149,-47,40,84,-78,40,124,-8,-31,-87,76,189,-75,70,-2,-47,-153,43,97,-33,15,42,-4,-117,-17,63,-7,12,93,37,-84,-66,12,-111,2,-53,-106,-22,-73,15,44,-24,-20,33,98,11,-11,14,48,19,-4,-101,-45,-68,6,-41,30,-17,-19,61,-58,64,132,-38,-49,1,-113,-28,-156,-32,27,71,-50,8,82,-46,80,81,68,104,-4,26,79,-63,-63,50,164,14,41,-61,10,92,53,-23,45,53,-42,-19,124,-50,38,-13,43,36,-62,-70,69,-27,-86,2,-16,100,-45
124,-69,120,78,24,-5,106,69,-90,191,-114,-38,-150,-74,-58,18,-72,-122,-41,78,-96,86,37,-154,169,84,-2,40,-98,-75,-74,40,1,-87,82,68,-2,31,15,-40,166,75,48,43,-99,111,118,62,150,-70,95,137,50,62,97,-3,34,77,13,157,-26,157,-204,-16,15,24,-116,68,-26,-109,74,-5,-20,-14,-77,7,-33,-141,-98,58,-123,-123,50,-3,-7,-46,-89,41,-118,-72,44,-19,109,-45,-63,-72,-12,-55,74,206,61,-64,-56,-25,33,-22,-57,67,23,64,43,-40,-40,-9,-57,-26,78,-79,30,114,30,-162,-110,-167,-18,25,141,-136,3,-83,86,-71,-41,116,-122,-71,-194,16,30,73,-73,83,72,4,37,-80,-29,-108,7,78
124,-60,42,41,-45,-148,-86,-160,-37,62,163,53,-136,-106,-28,9,-63,131,-24,154,-9,129,-48,-13,48,-122,31,151,6,-155,220,33,49,-31,-131,-62,-237,193,87,45,-24,85,52,-93,-23,57,48,-224,-63,45,-73,143,-32,14,-87,-33,203,-84,-55,106,36,1,-169,66,222,9,-187,180,-83,-56,94,47,151,136,-46,33,216,15,120,-175,61,39,-78,-26,-129,-16,-75,-10,51,130,-77,-122,-57,-114,139,-95,0,-70,-61,37,33,-72,13,65,-78,91,87,-78,-105,-14,-60,-70,37,-25,-147,-103,-79,40,21,6,75,20,14,-64,54,99,87,-28,9,-8,56,89,-123,35,25,-88,-259,50,-36,-59,56,60,5,19,55,52,22,-88,1,114
-38,-34,-80,82,60,-68,-55,75,45,74,59,98,-50,11,122,-36,-26,86,16,-43,63,136,-2,-11,-125,47,-11,-16,-7,88,-41,102,1,45,-20,-73,70,97,38,-65,36,-187,103,11,51,92,38,10,26,-95,-2,-83,-57,94,-7,-92,15,-6,-7,-107,57,11,157,122,-151,11,-3,8,-163,33,-8,30,-106,117,-45,2,5,67,54,-21,44,60,5,-44,37,-98,68,-52,-19,125,-8,-10,-17,-6,-220,20,57,16,41,-21,-92,-53,149,52,49,126,-90,42,114,24,8,-95,119,-64,47,62,-101,-1,42,0,12,-61,11,-61,-129,-46,-35,34,80,143,83,1,-87,-85,9,-2,13,-45,-109,-48,52,27,-27,-41,-104,-43,52,-3,5,-34
-103,-2,94,73,-120,-75,76,70,65,99,69,-37,115,87,30,-41,-48,-54,68,9,68,-29,-39,24,37,85,147,78,94,32,88,61,-48,17,16,-114,82,-98,-2,-33,26,-79,9,42,-78,122,14,54,-19,53,-9,-64,-106,-9,107,-5,47,89,-69,-43,-36,-32,-18,0,-33,85,-69,-81,-15,18,-79,106,-55,-22,28,-41,-158,-148,103,-44,83,-28,64,-84,-33,-207,-85,-11,26,43,121,-18,88,22,-87,-118,78,-59,78,-12,-27,38,130,-37,3,55,-67,-9,4,-38,152,-34,-62,-23,70,54,67,-78,-87,-3,31,-63,-13,-70,-62,10,33,2,-52,125,-70,-31,-11,-27,-44,-19,14,-4,-20,50,49,-116,-25,-32,29,60,6,-80,159,35
6,89,129,46,10,-50,-91,-12,26,19,112,-91,124,27,138,79,-33,29,-69,-37,104,69,-33,-49,-17,34,49,-22,82,15,73,20,-51,109,23,-119,-44,1,66,-12,110,-108,20,13,81,-94,7,11,19,-32,-110,-93,-24,120,28,-26,30,16,55,34,125,-46,216,-4,-49,-129,-138,-38,6,104,5,35,-147,-5,63,187,-59,125,62,-19,2,81,102,-55,13,35,71,-10,137,11,145,27,-78,43,-136,-75,-77,9,234,65,-49,125,44,-176,65,41,-104,-16,46,41,-52,17,5,-46,36,-53,-131,126,-39,-63,47,39,19,-47,-112,-68,18,28,84,202,-28,-48,56,-47,-97,-72,-158,-30,66,-4,71,109,16,-158,72,11,119,-13,72,-127
-57,72,12,-135,14,-26,-44,62,150,131,64,-124,19,97,47,40,-14,-110,118,76,65,-27,-24,-13,68,-185,-30,4,-8,-59,120,-33,-28,18,23,-120,-45,52,3,23,-44,-99,72,-50,-128,-63,-23,-16,-117,-162,27,56,22,-66,-35,24,94,-23,5,-30,78,-145,51,-82,249,-72,124,-127,56,-6,110,53,13,-55,7,43,41,23,88,-22,-21,70,15,-100,-4,-20,3,-85,3,1,28,-101,51,-79,-32,-165,-64,107,235,-54,-24,74,-49,-17,89,84,-49,39,7,-58,-85,148,-146,67,15,57,-39,117,-16,15,-31,-65,171,83,-73,-213,36,123,-9,-105,-77,56,-21,-34,3,-14,138,-94,22,-2,-19,117,-66,62,4,-62,64,-62,198,67
-42,59,-22,45,-87,-105,-1,150,71,-31,-66,-77,-65,2,31,-103,18,28,92,82,123,158,6,66,149,88,31,-22,234,-82,-72,89,-27,127,-133,-153,-58,169,-58,64,62,50,-9,51,-108,6,239,31,31,-29,108,7,141,-2,34,109,44,-9,79,44,77,9,-119,-37,-82,12,-19,26,-36,-11,24,147,67,-56,29,-70,-42,-112,66,-49,160,6,33,70,-82,83,76,123,-66,25,125,-6,89,-8,82,-79,-98,-28,99,113,46,-143,43,104,-139,18,-81,-105,-94,30,-13,102,-63,34,-144,-82,-42,-1,23,58,15,96,-40,77,-76,106,0,12,-57,181,88,-64,51,174,103,38,-178,58,57,-26,-18,-71,64,22,70,-16,22,-13,15,125
77,131,-51,-20,-6,-77,-40,106,1,-75,-59,-62,19,-53,53,-33,-26,-49,125,-12,9,129,-104,-14,77,21,-23,31,8,16,-66,-21,16,127,-35,-54,-28,126,15,186,-25,60,-66,49,128,-97,-14,-89,7,135,12,-64,78,-7,-149,-38,36,-49,-94,-11,-53,-137,-68,-52,-128,89,-75,190,28,2,106,68,124,-61,-30,-61,19,-48,-3,-50,50,105,-90,3,101,59,-65,186,43,12,161,-140,7,-56,2,19,-59,161,4,-3,77,-58,-37,-149,-77,15,56,-227,23,2,-20,-14,-84,46,-118,-25,-129,28,-92,27,50,14,-6,20,34,-11,-119,-97,-61,76,18,-56,39,31,2,-80,-60,52,-157,63,19,-128,29,-47,132,43,65,22,-65,49
50,-2,45,31,17,69,27,165,95,-65,161,-132,-20,-3,-68,0,37,-33,-79,-18,-49,-76,35,58,-29,61,52,-32,-64,-58,0,92,-40,-34,145,-42,26,212,-6,-70,-33,-54,-51,-48,59,-110,-52,56,-66,-35,7,119,20,-44,15,-33,14,124,49,-100,24,76,73,-26,-27,15,164,-27,91,-29,38,173,10,-89,56,162,-178,-97,55,7,-71,-117,96,-133,-165,78,92,-98,-44,-88,49,11,-5,95,-87,-49,-170,20,79,-40,36,23,-47,51,-62,-46,-8,155,-76,79,-38,46,92,-89,99,-68,10,26,32,9,-100,140,-4,-30,9,19,166,4,31,-22,-106,-134,-6,94,25,59,102,-68,75,85,-19,66,-6,-4,-153,25,-118,74,-12,-17
71,-49,-42,-20,0,9,10,-48,30,50,-8,-55,15,3,27,29,-107,-13,115,7,74,8,-77,-58,0,18,-81,-55,81,-133,17,-28,-49,-36,-69,-216,157,-50,-73,118,40,-45,8,-4,-37,24,115,28,92,-28,-86,40,-54,-16,-92,-42,-54,-85,55,209,-36,24,-2,-30,167,-45,-149,30,-45,107,-121,-221,30,58,80,-55,70,-46,31,-66,19,-63,-6,37,104,30,1,-21,-72,-21,80,60,3,51,87,46,28,-81,-89,-84,-22,-48,99,-53,105,68,27,-13,29,-179,25,-33,-29,-33,-10,24,-26,10,12,125,120,-142,-118,-37,-54,34,-8,18,51,-2,-54,67,-79,-24,-154,-108,-74,-60,-38,-134,28,11,-23,67,100,-38,7,3,52,76
90,149,51,-45,52,-1,-52,-67,40,-106,17,-78,-64,-70,-59,24,-35,-32,-54,-45,-21,-50,48,94,19,28,-123,-19,-32,69,-66,-21,-71,-77,-32,1,-32,47,-22,-2,137,95,-12,-13,72,-131,-24,-46,85,-75,-9,-39,48,-53,-110,-12,17,-84,20,14,-45,90,115,-112,27,80,105,1,-42,64,6,-4,-18,-82,-17,-13,56,-51,6,118,2,-67,-70,51,14,201,67,36,22,-60,5,112,-42,68,-3,134,43,-15,17,-37,-70,22,-60,-123,-7,-101,87,87,44,28,-60,-24,130,42,-114,-20,29,-10,103,72,-65,-30,-17,21,-4,159,-43,-73,-100,-90,-170,-6,8,33,-3,-15,-46,16,14,20,-18,107,-146,21,11,35,-121,-6,-58,72
117,-31,43,55,67,88,-125,-86,-66,-62,154,22,59,-174,-117,108,106,24,-149,-81,-72,9,-103,24,88,-27,-67,4,-39,132,2,-8,-87,12,119,-19,-114,101,-21,-16,102,92,12,-23,12,-131,86,12,-12,-13,71,-71,31,11,-183,-43,-24,-96,-114,-31,71,-64,64,4,19,41,79,141,-63,-42,78,36,-132,-123,-102,55,22,159,-110,41,12,-31,-42,-9,-37,82,42,-25,108,-27,-42,24,-81,-3,-70,83,-53,-11,113,-36,3,11,-13,-121,44,12,-113,10,52,35,-13,71,48,-39,37,-25,-30,56,-62,-111,-70,25,28,-50,76,-81,5,-80,-41,107,-93,-15,-50,77,-112,-3,-5,-101,-42,-67,128,46,18,-79,80,-4,37,103,-16,6
-9,25,60,-103,-49,-40,-21,92,-13,-74,-48,-47,-18,-53,33,-24,-49,-91,28,55,-32,-99,146,110,180,16,3,-59,-100,13,-101,117,46,-100,74,-58,7,77,-94,-103,-89,27,-19,17,-32,-101,-168,-21,14,59,20,213,67,-124,75,130,46,123,75,-63,-64,100,-29,-109,-43,40,-89,0,54,-29,-24,106,0,-74,8,25,-101,-139,113,65,19,-148,-34,50,-138,42,-93,51,-55,-49,12,-71,91,129,-31,6,-36,-75,27,32,-58,11,18,-20,-111,-2,-65,2,1,174,-20,135,85,-64,-57,74,287,-37,127,-49,-109,25,49,44,102,117,-21,21,-93,-39,-61,-55,9,-47,49,20,15,-51,-1,132,17,-107,24,97,-126,-72,-6,120,-29,115
-75,27,-4,59,16,-114,5,-50,-18,-78,75,34,6,-49,64,26,35,-32,10,92,-1,-65,25,18,1,61,10,13,-47,92,106,5,45,-105,66,32,-108,-121,26,119,-77,107,20,45,67,3,-56,-6,-32,72,-25,56,3,153,-23,-1,92,107,83,15,100,82,96,-20,53,-170,-62,-93,24,9,9,28,-36,72,22,42,-102,-13,144,103,-94,-176,-48,-47,-70,-117,-29,141,28,2,24,37,120,77,99,-142,-44,-94,-53,-98,-37,182,-78,33,-13,89,94,12,39,-67,39,-16,18,-23,-29,16,-35,50,3,37,-104,94,13,-136,-24,-4,-10,121,-100,146,-61,-151,51,-76,31,108,-26,-125,114,1,88,62,16,10,-23,97,13,36,78,-17
-41,-36,144,99,71,-2,64,19,24,110,50,-19,-58,-129,-49,2,-31,9,-112,12,12,-27,-160,51,18,3,4,145,-1,54,-56,104,-18,-25,86,-60,11,50,5,-87,-48,89,36,-37,-55,-76,22,-148,-57,-40,28,-34,-37,86,45,132,-21,-64,21,146,37,-59,20,-9,-46,126,-68,-25,-77,-41,-175,9,18,-54,-108,113,3,-29,26,-67,-74,-131,-83,-17,18,-7,-133,-64,-77,-55,132,-146,-16,0,-44,-14,105,-2,1,146,88,-90,-28,88,7,-109,0,24,19,164,5,11,-51,68,-53,78,136,-36,-168,-164,-64,27,-102,-27,37,128,32,16,-53,-105,61,54,4,172,13,9,47,39,29,90,-42,-11,-101,-32,17,11,-89,84,2,28
32,-80,-93,-44,45,77,-104,5,-140,-48,14,6,67,-33,19,-160,8,18,-63,35,-246,-169,11,-81,-108,40,-7,-27,-103,-19,80,-71,121,-68,92,110,-16,-109,-6,8,-97,100,-55,29,115,136,-115,-3,-151,32,-21,83,21,-45,-34,-103,-87,-47,-6,-3,-10,79,108,26,42,15,47,43,-54,-147,-27,38,-148,208,7,134,75,184,151,-74,-52,-98,21,-35,-78,-188,-148,-73,-39,-8,-26,-54,-50,-17,-21,24,43,72,-119,-37,-69,84,135,-210,108,154,22,179,131,13,25,-44,-6,84,118,86,-37,-3,-65,67,88,118,-80,-25,71,-73,11,63,1,-118,-23,70,-92,-117,-49,44,107,-174,-73,30,89,109,4,-63,29,-153,26,-46,-27,-51
20,55,-35,-110,111,-158,34,68,-96,83,-143,69,-47,142,157,-38,34,54,28,114,26,-40,6,-12,30,-75,7,-46,28,-70,6,-44,-34,-20,140,69,-51,141,-2,-17,72,1,16,0,14,-5,-24,-57,44,-170,103,-126,-82,-56,125,103,59,-47,238,193,-25,47,10,-42,24,10,-14,-41,89,39,46,-11,-62,-19,-98,-5,156,-66,20,-10,-196,-63,207,60,-7,-34,120,-165,-13,-104,39,106,58,-37,-151,-150,35,-5,146,127,41,89,17,-209,67,169,-163,75,6,265,-224,8,-52,-23,-89,3,-30,56,173,24,14,-17,-26,203,-28,40,99,32,97,-49,-40,-17,-20,-188,-88,-8,-105,-18,94,130,65,73,-22,65,138,-30,-102,-78,16,65
18,-86,31,42,80,-123,34,22,-1,18,-8,-29,-63,11,28,15,-17,3,0,34,53,26,-12,36,-112,86,98,-65,122,-92,36,-50,-71,149,90,-47,15,-63,102,35,-105,-59,26,85,-29,28,5,28,26,1,-74,-81,-148,-18,59,-4,-66,18,132,77,-166,69,4,-6,-58,-1,23,-1,-90,63,-72,-147,31,-36,82,16,137,33,-4,65,-128,-77,54,8,77,-49,-57,-34,-47,-21,-80,-7,26,55,12,-65,60,41,-34,25,73,22,-18,-172,-72,-5,-24,15,-131,-59,65,-5,23,71,29,25,-1,17,25,139,-38,46,15,15,-26,3,-7,6,39,22,-136,-23,45,-19,43,139,-36,-54,-59,-116,100,17,-72,-41,-67,154,-17,-70,128,5
-53,-98,66,88,104,52,58,-17,-40,93,83,-20,7,-157,-21,-23,-135,-105,-80,-10,-28,61,86,-21,120,-9,-4,-17,-32,-86,-42,-35,-84,223,-57,-60,-32,-28,110,-101,-28,-105,36,-76,-117,0,2,58,64,-128,-9,134,10,10,14,-23,44,52,39,92,-44,30,23,46,53,32,-151,-88,48,-102,94,-119,-66,-202,18,25,25,-53,40,57,-89,-34,59,-71,207,2,-52,-117,-28,-123,-79,-88,68,-93,-81,49,-4,-71,128,19,-52,101,-93,-67,-63,10,-29,156,3,7,131,75,-62,8,33,172,66,-7,-77,12,-11,-36,-18,-32,25,-25,-33,23,59,28,2,12,108,17,-116,25,89,-108,-111,-76,8,-5,-134,72,-128,94,-9,-6,33,-48
-50,4,68,-53,51,-123,-41,22,7,-17,-25,-52,68,-120,-19,-69,82,-61,77,111,-7,111,49,-146,86,-34,39,-34,47,-98,-156,-79,-73,14,12,77,-3,-14,59,-57,-33,-7,34,-63,-39,12,105,81,47,-27,95,-69,107,93,57,125,-95,-16,103,-63,136,30,57,-49,-31,-52,7,-2,44,-17,88,-48,-119,-23,-9,-3,9,-22,25,60,8,-8,158,24,43,-30,90,29,33,-163,144,-25,115,29,-75,-136,22,-123,72,42,-39,-18,-75,-81,65,102,-47,-71,105,130,-67,-3,47,-10,-91,45,-216,50,-106,25,17,-61,-94,-38,-51,-46,-17,18,115,68,162,2,41,65,67,2,-77,66,28,35,-167,-11,123,-24,123,9,7,-12,-11,-5
25,-99,63,41,-59,290,-84,-110,-1,22,26,99,58,44,-34,40,-63,39,-23,-173,8,-40,10,4,43,-14,-33,39,-60,65,31,14,-28,49,-123,-215,-27,57,9,75,-18,-42,15,84,-62,-46,80,157,-128,-62,-75,70,160,-42,-53,-32,-92,-211,-139,82,46,-16,41,-94,-41,-69,-16,-153,-23,53,-10,15,-20,-57,15,-12,63,-6,-9,22,-5,44,-68,65,114,18,57,1,52,28,-114,38,-22,20,99,111,-32,5,92,86,-87,-42,40,27,-27,42,1,-42,75,-157,-50,148,-125,88,-58,14,53,-27,39,-8,18,-30,2,-68,16,-93,-144,55,77,-74,-57,-1,117,21,-25,17,-18,16,125,35,83,103,-109,69,93,-79,8,21,-28,76
64,-51,-26,-6,-17,33,6,30,51,3,47,43,52,1,-11,108,-32,5,46,6,-88,-79,105,-69,-102,123,60,-229,169,-129,-67,-63,31,166,-153,-78,64,-108,-43,55,3,-47,-76,53,78,-48,43,103,113,-42,-20,-171,40,-84,-6,55,-136,-26,62,85,-186,169,47,-33,-36,-10,35,-18,-8,111,-59,-128,42,-87,197,-40,53,-40,12,-26,24,76,29,21,183,-164,109,-15,34,-61,-20,19,10,18,59,48,2,-32,-124,-45,-26,135,134,-142,-43,-97,-68,-2,2,-118,60,-32,45,-49,-10,-32,-41,11,23,137,13,27,-85,40,-5,72,-2,6,87,49,-59,-52,-71,25,37,27,-68,34,-96,-90,-11,81,-50,-44,20,23,-21,-28,-70,-54
-47,-70,8,64,-11,14,28,2,70,96,205,169,-129,-69,75,-124,-95,83,-44,58,-49,137,47,-87,-68,0,110,75,-47,37,48,105,1,3,-213,-171,-49,191,20,-70,32,-61,40,7,12,79,94,-93,12,-108,25,9,5,75,57,54,73,-156,-205,-57,39,1,66,72,45,52,-17,-31,-68,-120,57,39,-44,78,-42,-59,-38,-33,36,60,98,41,80,9,-36,5,95,59,-4,26,-114,-151,69,-107,60,170,160,-62,-73,77,-93,-42,117,136,-122,-35,-10,100,-24,-68,-32,-52,203,-2,-47,27,17,-47,9,-32,-55,-74,-29,-33,90,20,7,-22,-28,61,139,-29,12,64,58,-6,-26,-65,-102,-15,45,125,-13,-7,-21,104,24,9,-104,75
145,-26,69,176,-30,131,-22,46,-117,17,-12,17,9,-32,-8,210,-58,19,-136,68,-87,-40,53,-64,-1,71,-42,91,-154,117,-49,127,65,-68,-12,3,-177,-40,-36,71,125,-17,-15,-15,-68,-110,-97,208,-52,118,5,133,36,57,50,5,84,176,-43,-43,15,86,-222,193,-72,17,-32,-39,86,-47,62,108,-29,-120,12,67,-51,-112,27,-29,57,-16,-127,-47,19,-91,-89,82,14,104,-40,-28,-110,-73,10,-17,-80,40,-10,-38,47,-12,-39,20,68,-47,56,28,54,-42,109,30,-74,-122,18,-72,-47,-55,6,2,6,-8,-36,-139,65,6,113,-50,27,5,16,-68,-54,73,-109,-19,-55,57,126,63,34,-1,-126,-92,-55,-23,-95,57,-62,-56
51,108,-154,-79,-45,61,-64,-25,-42,118,86,63,73,95,29,27,-63,16,-18,35,25,-55,24,15,1,-162,-83,26,-12,51,54,-32,-73,64,32,42,-98,-63,51,2,-14,-22,80,19,79,9,-74,-29,-78,-30,-12,49,-74,-132,-102,22,36,-23,-57,-109,-71,-94,17,10,-37,71,-63,-130,5,52,15,39,68,-147,-69,-107,202,66,51,-61,16,44,-87,-99,-13,-57,-122,-75,-99,26,-24,-27,-69,-28,28,-13,-28,112,18,-49,71,-51,100,-14,-23,-42,62,6,122,-3,1,-9,-185,108,130,84,-138,-18,-42,6,33,-49,26,84,111,-11,-131,52,53,-84,-18,33,-34,-117,80,113,71,140,-53,62,-10,65,-101,82,-28,-39,5,-33,42,2
-121,111,86,-50,-92,-157,-27,-44,146,89,-102,44,152,-1,41,5,12,-63,101,199,89,55,-109,23,42,6,30,143,68,-60,38,-20,38,-153,7,67,116,30,-79,-83,-28,-72,126,-18,-125,44,47,-23,24,-16,6,-100,-59,-49,141,54,71,12,8,-121,9,-20,-107,19,24,73,-15,-11,-108,102,64,68,-13,3,-19,-20,12,-95,-13,106,154,2,-6,42,-192,-47,-31,71,-63,158,98,-33,-52,30,32,-165,97,72,32,-46,-49,37,48,132,-4,82,-27,-90,3,149,7,-8,-57,13,24,-22,-9,-12,25,-51,-22,13,23,-58,-44,-74,114,39,-71,104,51,-44,44,-31,-64,1,-18,136,82,-25,181,-42,72,-13,-39,-26,8,14,28,30
-85,4,61,-78,90,-174,36,36,185,27,62,45,-278,-26,26,170,41,-61,-51,31,-36,-20,29,18,-308,121,90,-20,-45,-29,-3,181,-75,-22,-35,-44,118,54,-49,-35,-54,-17,126,-21,-91,-24,41,-33,-74,-17,-1,-76,-124,64,47,63,54,-19,32,-108,-106,72,151,-47,123,-7,137,-200,-52,9,-38,-26,178,8,32,-61,-121,-24,34,62,-139,-71,27,-9,8,-135,47,46,-87,-99,-168,-6,139,76,60,-11,78,82,-101,-53,-55,117,-73,174,-32,-39,158,3,-98,-182,-38,-7,303,76,-5,-70,-7,-89,224,122,-283,-40,62,-42,-58,89,63,-58,-163,185,-50,-141,-38,79,232,89,155,10,-121,-46,-120,79,-65,-34,-193,116,-25,89,123,67
-101,-25,-41,-46,-98,57,23,29,-55,-6,-84,97,-48,-16,-135,42,-12,-75,-38,-78,-62,0,97,19,90,-55,-5,-29,94,-75,18,83,-67,101,-134,-91,84,-30,-117,16,100,37,24,0,15,140,2,4,71,-64,171,53,22,15,72,-16,-93,-10,39,68,-103,-18,-74,71,-42,113,-52,-46,-5,-87,-1,53,226,-192,-17,4,-45,38,-91,-26,1,72,-56,-48,-21,10,-69,-45,-15,98,-47,-59,68,-24,18,43,-78,-29,37,74,47,54,-102,68,-240,-44,-75,-114,-112,29,33,106,-66,-42,-1,4,47,-87,1,46,-18,45,-49,130,-70,43,-81,45,-47,-37,75,-60,67,22,138,144,71,100,-117,-105,-4,-106,61,-39,-134,-98,73,34,-117,46
39,-51,-56,65,-65,-4,52,-35,-72,-75,-26,21,-30,-14,18,-22,-73,147,-2,-57,-106,36,84,90,-145,67,33,69,156,-150,179,6,72,253,-60,52,-128,104,15,44,-48,-121,-40,6,-91,184,69,-34,-42,-119,-37,-33,-1,-76,25,-6,91,-126,-92,-4,40,48,-103,142,131,180,117,26,-19,-133,-13,-10,141,-16,-10,-17,-53,-4,-38,-133,54,85,-14,-55,-101,-5,133,-189,35,-81,-100,0,-80,-197,40,104,119,33,-178,120,16,21,-4,148,-112,0,-159,70,-122,-13,-21,-13,-12,63,90,-113,11,-23,67,-44,16,174,39,48,143,20,150,-5,28,31,87,30,-5,-26,-53,59,45,-91,52,-31,110,-21,93,38,-107,24,63,-34,-104,-61
61,-86,57,40,-48,120,-106,-64,-139,36,169,-38,127,49,51,-58,-76,158,-70,-144,-109,47,34,3,-42,-7,-114,72,-85,32,111,31,81,83,-49,58,-68,55,237,-105,-29,-98,86,230,73,36,-75,-6,-155,-16,-94,17,42,-7,17,-90,-41,28,-15,-166,6,-22,58,-72,-161,19,9,-29,-51,-39,44,93,-143,71,40,120,102,251,62,-23,32,124,-15,60,-76,16,-23,-2,-1,-13,-194,18,-132,80,-94,-14,106,-25,33,-15,-123,-109,138,-30,64,-59,66,184,209,93,-68,-86,91,-2,162,3,9,22,41,-12,91,-82,88,-44,-18,-75,69,-67,128,-3,31,1,-31,87,45,53,-162,72,-7,59,-29,80,-62,-116,25,23,87,-57,18,-59
-8,0,-11,-112,-82,61,-49,59,-31,10,7,74,-63,37,49,-79,-105,-6,48,-4,-25,35,-21,-7,95,7,13,-53,18,-39,73,131,-54,29,-44,-20,-13,9,-6,-40,-20,-44,48,70,54,3,78,15,-59,91,-60,0,4,-192,16,-35,-71,-94,86,0,-100,98,127,-110,-119,-18,12,-24,-123,101,-15,142,52,-15,92,-18,240,-46,151,-1,-47,-21,27,-1,45,-84,-58,-28,-87,31,-101,87,20,91,48,-69,-59,48,104,81,-30,-62,111,5,3,50,40,-29,127,-1,-66,46,-36,181,-86,41,-27,-8,116,192,36,54,80,41,-114,94,-109,72,-36,-35,-71,-5,-28,72,154,95,-147,86,-51,26,2,119,-116,24,10,-23,-16,-190,106,90
-24,-40,-89,-57,88,32,49,96,-146,-22,132,96,2,-53,30,-226,-80,87,107,71,-42,2,34,5,114,-92,-74,-27,39,-5,44,62,82,-119,45,72,-93,106,58,-132,88,45,-14,9,141,96,-70,-90,18,41,-6,90,7,-36,57,-1,111,-43,-61,20,151,-56,16,120,-22,14,36,38,59,-93,-32,151,-76,38,-51,70,95,-61,89,-95,-38,-92,56,-64,-81,6,94,-155,28,6,88,-1,99,-71,-99,-20,-35,-172,134,6,116,-156,65,-3,-69,31,-157,94,63,148,-95,-16,-19,-58,-16,12,78,72,-10,10,-36,9,-48,135,-8,140,29,-15,125,-49,49,87,16,-50,37,10,32,-154,-27,5,96,-65,134,99,14,128,-34,-45,-34,32
-11,-9,38,34,-21,-17,48,-40,63,160,-127,97,-64,3,85,114,70,23,-15,37,-38,-60,150,-1,-92,70,-14,-45,-163,147,-110,-135,107,64,0,79,41,-33,-18,-49,-97,-63,11,40,-67,-1,-85,-7,-34,-155,20,70,19,63,172,-1,44,122,18,-104,-90,80,-27,-81,42,33,-28,-131,36,-113,46,-249,-99,-44,-53,-82,-112,-145,-44,102,-10,-76,18,108,44,-19,-20,56,-26,5,-134,50,76,-62,-38,132,68,23,30,25,-101,143,6,58,12,-17,29,180,-45,80,23,56,11,-31,100,52,181,-111,66,-168,0,-19,17,-74,86,-94,-23,54,-12,-60,-98,-199,-11,-159,-51,-96,39,-64,-7,63,51,46,-110,-12,-46,-64,43,164,0,-55
109,2,48,-72,172,-143,-13,126,-48,-44,-46,-56,-96,-111,18,12,-11,80,81,175,-93,44,-62,-69,-49,44,70,-86,-59,-13,-49,-70,54,2,127,51,-67,-28,17,9,3,-97,-35,-6,-18,23,-107,-75,-61,58,-95,24,-7,-50,85,104,30,-17,-100,-71,-53,73,5,13,24,4,67,187,80,-36,-55,85,13,9,94,5,98,-10,80,79,-45,13,45,-13,-50,20,49,35,53,-110,-40,-201,85,60,-67,-58,16,24,-24,40,45,17,-21,-216,15,-79,-6,-51,-120,29,-69,-5,100,75,-29,-38,-48,9,-25,53,48,12,84,-30,18,42,-29,-40,3,-58,-28,1,-49,-13,150,-118,-60,-81,-130,44,-45,-19,101,-153,-10,44,-50,-109,123,23
91,-5,-81,-75,-81,49,-72,-100,84,-21,23,-87,115,86,16,45,55,113,-60,-40,-49,-210,77,49,-15,-83,-222,6,-104,107,-92,-150,158,-27,92,70,-184,-4,89,-94,-17,114,-67,24,107,40,-28,-137,-72,63,-24,152,52,-79,9,-103,19,161,68,-108,47,9,27,-55,-31,-210,-39,122,55,23,218,136,-50,-70,40,-28,6,33,34,-120,139,-14,-123,42,30,-1,-88,-35,-10,60,36,73,-7,24,23,-17,-99,94,114,37,86,-28,75,70,-8,-120,40,81,-74,-47,-5,-78,-150,-1,0,-148,-102,18,1,-65,178,99,102,-24,-106,179,-36,81,27,-106,-20,59,23,-72,82,-106,-16,68,96,133,-20,100,-46,2,83,-98,-48,-83,-34,-18
11,20,68,61,-7,-91,-17,-36,75,-81,-39,-97,73,110,11,29,72,105,77,-25,-10,-14,-7,64,19,71,8,41,-44,151,64,17,26,-69,36,-27,-74,44,-103,60,49,-3,-13,5,-62,30,-9,37,-72,-16,193,-31,-31,113,-32,60,95,40,-97,-80,127,-26,-31,30,-23,-38,32,4,81,15,-20,198,-20,-2,27,-44,-133,-118,12,1,4,122,-73,31,-103,-21,64,99,164,31,31,-74,71,49,-118,-188,41,-29,47,-122,-50,69,-11,-42,6,6,44,-74,-2,-49,11,-103,-84,-34,-36,-37,-38,-7,-113,-61,0,7,7,-62,-109,-112,38,14,54,54,68,-21,104,-1,11,-52,-28,-14,37,101,-11,-14,-51,-56,117,-82,-119,-12,89,32
65,-16,54,89,27,-24,-110,-68,47,-38,8,6,6,-21,81,33,-16,-16,-87,26,60,-15,74,-17,-146,-78,91,101,-84,-51,18,10,-81,37,53,27,26,69,3,-72,-107,-62,86,-15,12,-37,-137,43,-28,-12,-60,66,-92,-25,16,59,28,12,28,-70,-35,-19,25,140,31,48,-20,-94,-36,25,-13,-35,-72,13,-27,18,18,76,39,-22,48,-11,11,20,-77,60,-56,-57,0,8,-40,-23,-203,-36,-12,41,126,58,-42,50,-11,8,-4,-2,-59,39,67,3,24,-5,-42,-57,85,-13,109,-2,-7,-45,-13,-49,36,64,45,55,117,-18,28,0,54,-19,36,55,66,-114,-4,29,96,70,29,127,1,51,-69,-1,-113,-5,-23,98,-65,-36
-70,23,-9,159,-11,44,69,41,92,-18,69,12,95,92,50,-28,-34,-54,-63,-22,-18,-59,55,-26,-19,-37,50,-61,-53,-40,-61,-64,-16,31,-73,-27,53,9,-33,-6,40,45,-11,35,59,22,6,105,-48,3,105,67,51,-7,-73,-38,-46,61,69,78,-132,-13,-82,135,-36,-102,-83,-30,32,49,129,48,-97,0,117,14,-115,72,40,-81,40,-45,32,26,42,-24,33,-9,-11,104,20,-55,-106,-32,32,34,-89,85,92,-29,2,81,16,29,-122,-14,68,22,-30,-102,79,-2,-33,-117,19,9,-47,-48,-38,-8,135,95,-34,12,-11,-104,-4,42,-10,22,43,-16,18,9,10,-47,27,6,26,73,-76,57,-24,-46,22,-23,-60,75,-71,-70
-24,-53,-75,109,35,5,82,48,23,-66,-143,43,-49,10,-32,-40,134,-7,13,-133,-168,-134,119,-21,86,52,3,54,-74,25,26,-21,64,87,-53,42,99,-120,-9,-45,-7,60,-183,-21,-61,173,-82,-8,-194,-71,27,94,0,-9,67,-102,31,144,38,140,-108,-111,-101,-12,74,41,-114,32,48,-149,-20,21,31,-56,91,-41,-139,-17,86,86,-109,-48,-137,31,-18,-71,-133,-66,-8,103,30,-161,33,-48,-58,66,-15,5,13,-56,-12,99,7,-43,-91,11,6,92,-78,-9,84,-31,21,-139,47,80,199,-126,17,73,-13,8,68,-42,34,-63,-147,-22,-75,-88,-75,-73,25,-108,98,-48,84,-79,-47,73,-29,-119,64,-86,-151,-32,-53,-60,8,35
-17,-97,109,71,-23,133,-13,-82,40,16,-12,85,-145,-47,-45,79,126,73,38,-19,-4,76,-14,-98,-133,4,105,9,-17,61,6,104,-109,56,-204,-137,138,-10,-80,100,-22,-67,-11,-77,-98,-87,100,56,-119,-102,-123,-26,20,115,13,-66,-90,-176,-122,110,5,-60,15,-93,116,-75,59,45,-37,42,-124,-149,70,95,50,-34,52,22,1,49,12,107,-4,127,52,100,80,138,-5,56,-171,-24,-34,8,176,214,1,-47,34,30,20,59,60,37,-17,-81,49,-82,-99,-173,-17,168,78,-23,46,-17,122,51,83,-88,-102,-56,123,26,-12,-102,-128,-73,-55,64,-41,26,36,37,87,-30,-26,15,-23,-195,-34,-109,-37,-114,-52,-4,54,124,-1,10
15,48,-74,-25,-59,-4,-37,-65,83,-11,-42,1,40,-6,-106,-47,95,26,56,-106,11,-7,-47,20,-98,-8,-130,-80,202,-112,-36,-101,-35,63,-103,-63,224,83,-68,51,68,-9,65,79,32,73,70,-29,30,-121,20,-83,61,-3,-61,-155,-122,-43,29,-33,113,-42,4,10,104,107,243,58,-23,-65,76,-139,-111,-34,-15,-112,-94,164,-128,-14,183,55,19,-14,68,180,88,57,21,112,-69,160,-18,-133,92,187,2,39,14,-82,-7,-111,49,103,83,36,-89,-18,-165,-91,-69,2,67,-20,82,-117,-33,80,-3,14,98,-45,-74,143,-151,56,29,-14,-110,45,-53,33,88,12,-104,-156,139,-89,-110,-101,43,-2,63,-13,103,-10,39,105,-57,-17
60,-59,-17,-76,-30,281,-68,17,56,-21,47,130,76,-142,-23,9,-137,-75,-3,-8,-92,-6,-63,-139,22,-69,-88,81,-125,-27,-126,-36,-55,-41,66,-246,18,113,-71,10,17,-1,1,-43,34,-232,74,107,93,-44,49,157,90,-119,-55,26,-19,-211,-100,93,-22,-43,108,44,40,28,14,10,-100,114,-18,87,-49,-120,-18,-44,-33,-140,-44,-29,19,-92,-56,-18,97,101,105,-1,-25,-103,137,-35,-20,33,-64,141,54,-26,1,205,79,-84,74,90,-3,-11,117,-58,142,-55,-142,99,-42,11,-106,11,53,-46,-28,-46,-58,-74,-143,-13,12,117,-63,-68,163,-58,-36,55,97,86,-78,-27,141,38,60,170,61,24,-41,128,127,-169,-117,70,-111,73
10,86,76,108,-24,-119,49,50,-67,88,6,-97,76,43,88,-63,82,-59,-115,43,101,17,-117,-2,114,-22,78,51,44,122,17,83,34,29,137,67,-46,-56,50,0,57,25,-8,-43,-38,-57,-43,69,-137,133,118,85,-83,107,54,15,-46,134,-91,16,98,-88,-111,-6,-56,27,-128,-36,111,-5,-87,-72,-96,7,-54,116,-152,13,62,-126,-7,-32,35,-61,-13,-20,-95,1,89,-63,37,-17,33,37,-104,-30,22,-2,139,60,40,-43,-25,50,81,33,-23,15,-16,126,75,70,-125,-68,-3,47,-41,99,-83,-209,28,-21,-38,13,-7,-140,58,62,0,7,12,-11,8,135,-84,-53,-18,-146,0,9,19,0,24,-127,178,-45,107,75,7,71
49,13,46,-208,22,19,-73,-161,-3,-153,-1,31,66,-27,-86,21,-34,97,1,-49,-20,-3,-103,60,17,-62,-103,-152,111,28,53,72,-24,-13,-146,16,32,58,-8,42,72,42,29,-15,94,-71,142,-94,87,21,-51,4,-39,22,0,-72,-78,2,40,-7,112,114,115,-73,-81,-69,-5,-10,-92,97,-103,-59,-66,-1,97,-121,118,71,-135,-68,103,-35,14,-11,96,164,32,3,-61,23,-103,112,15,16,60,92,26,-135,-76,-29,44,-120,15,55,-60,-73,36,-32,11,-54,-17,-103,34,-71,-73,-43,11,72,29,101,5,-3,-54,146,-118,187,84,-69,14,22,-68,106,149,72,-9,38,-8,76,-90,-44,45,168,-52,26,62,20,-48,-36,-74,3
58,-14,81,13,49,29,45,-184,90,-31,78,1,-58,-89,-42,67,-53,-58,-86,-45,-75,0,45,-22,-42,-21,-42,-10,9,-158,97,-35,4,-44,-18,-43,-12,44,5,-30,-8,23,-20,16,134,37,3,-91,102,-40,-123,83,-27,25,-148,36,-27,-64,118,116,-64,81,168,21,141,-86,-29,54,-8,41,93,-46,70,-36,89,96,43,116,1,22,-7,67,-9,23,47,145,-59,-44,76,33,-102,12,-66,31,111,-12,-72,6,-82,65,-97,49,-20,-77,-112,-112,136,52,-63,-111,-71,-69,87,53,-50,-52,-53,15,-39,111,19,58,-5,-39,-67,81,-6,3,-26,-57,48,37,22,18,64,71,-96,28,-93,-18,-145,179,0,-67,-100,75,-8,-44,-29,-60
48,102,-155,-152,-37,-46,-59,-21,-81,-10,-2,83,-16,-156,-15,-45,57,-58,144,74,-52,116,2,-33,98,-262,-44,-130,62,-97,14,-14,-144,1,37,197,3,-3,-60,84,63,164,86,-14,95,33,158,-84,68,-93,222,1,6,-24,-131,-8,41,-194,81,139,65,-28,38,-37,89,-72,-102,98,-92,111,8,-109,50,21,-54,-62,121,84,-11,-119,-142,3,20,38,-51,59,44,21,-9,-118,31,47,21,-22,10,-17,-36,-109,109,8,129,67,22,35,-34,35,-9,-208,163,23,-143,-16,-149,-70,18,41,-97,145,18,20,-13,51,-45,196,-38,-6,-58,-35,69,32,77,0,37,12,151,60,-102,98,-103,26,-135,-26,120,89,145,-104,73,71,-10,67
-126,96,-50,46,-3,-148,218,91,-143,39,-163,45,27,-18,-9,-129,69,58,42,49,-94,54,-122,142,146,27,40,-60,85,-17,25,-131,86,-2,100,122,-67,-14,15,33,-144,196,-57,65,122,-68,-20,-105,-7,84,170,-68,-122,51,-89,31,-2,-23,187,172,-118,-29,-68,-120,-78,167,-124,26,-34,-76,-28,-62,64,35,-54,41,113,-144,56,-49,-145,-83,-1,-31,0,-93,-130,23,81,31,160,-26,147,-105,-37,-93,-48,-61,-26,-85,31,-2,0,-109,29,83,-9,40,-5,267,-18,17,-152,69,-152,194,114,80,-118,0,38,50,-171,22,25,26,-39,72,-50,-74,22,-15,-20,5,-68,-5,-104,-83,-47,143,40,-95,10,31,177,112,-100,34,45,22
62,16,-84,24,-188,98,-9,80,93,37,130,-99,-4,34,-33,29,46,-71,-142,-50,64,119,9,19,-14,-7,76,95,36,-80,10,117,30,-38,-46,-13,-84,13,111,-49,-12,-40,-103,-91,12,-42,133,29,83,126,18,-64,1,49,83,-36,27,145,123,-82,63,-37,-62,79,-104,-109,-84,-19,19,41,68,57,94,-23,15,74,-98,-12,-102,51,67,37,54,-42,-29,0,-62,-15,-20,99,74,41,-77,-29,6,-71,-87,50,-14,-126,82,-113,-29,201,114,-57,-68,-57,-67,-44,51,-76,32,-173,-20,-134,-82,44,-2,30,28,3,-11,-38,3,28,214,-111,-32,19,104,-75,-82,222,23,13,-59,176,50,-17,-59,-23,59,45,-43,115,54,-58,-38,-36
177,-51,26,-1,95,61,-41,-35,-37,61,17,-193,-92,-20,-36,14,-14,-3,-86,-24,-31,-106,163,63,43,-36,-88,-45,-45,-64,-21,-24,82,-93,212,191,-168,-1,34,-136,11,71,-3,-37,-26,87,16,22,67,6,-7,71,-41,-92,-50,214,116,61,-45,27,33,65,-59,-12,31,-90,-13,-86,178,14,70,-37,13,-96,-30,6,155,-24,-86,48,-167,36,-75,38,-4,-7,-32,-128,-40,-116,-78,-2,62,-24,4,-78,24,-4,23,-110,-24,-61,-34,-58,119,-105,-77,115,20,-3,-10,-159,17,77,-1,-31,-15,80,39,122,-14,-95,91,-2,51,2,90,-27,156,-171,142,75,-17,53,-18,2,-106,0,69,71,-79,133,-14,128,14,45,-125,-126,68,43
-43,19,-3,-107,-17,-83,11,-94,59,-41,-82,-78,24,114,-56,-20,37,-110,45,-25,-90,-19,82,14,143,-54,-85,54,-27,-43,10,-90,112,65,-15,101,51,13,-51,1,-71,99,25,-16,-11,-99,-10,-44,50,73,107,41,15,-19,-56,95,-49,85,-61,30,-177,-110,-192,-228,63,45,8,-66,-1,-3,-46,-58,151,-43,-63,-162,71,-31,-156,-65,-13,-42,-110,72,-57,34,-38,-9,-135,-35,33,-49,118,-35,-10,-46,87,-24,-32,-58,12,-122,-129,106,-48,-72,94,38,-2,90,-70,15,55,-29,-123,35,166,2,2,-24,-36,-193,77,148,-10,-82,8,-39,-8,-145,33,96,-85,99,-2,-63,4,82,-18,57,-13,38,99,118,112,-48,13,28,-43,97
83,34,-6,-33,-84,42,-12,-51,-57,16,120,28,2,-100,-10,-79,-7,-125,-31,-33,56,155,-61,17,19,-31,55,-73,-86,118,-2,-84,-54,-41,94,104,33,-67,92,15,-15,-72,34,67,176,-77,-80,42,113,53,-24,57,27,17,19,-142,-73,80,39,-103,21,37,93,14,-174,-55,23,53,-21,-1,62,-71,-40,-27,36,50,-21,31,-67,171,-75,-11,91,6,85,192,-27,138,72,81,-92,40,6,85,-59,-9,-76,43,73,-58,28,70,-111,-108,17,-18,50,-114,3,21,66,71,-36,-87,124,18,-71,15,-92,-79,-4,-5,38,-41,25,-125,-65,-99,16,6,-107,-190,70,-34,23,27,9,0,-107,-63,26,-9,16,-65,10,16,95,35,15,-28
82,57,93,3,1,-4,-16,62,76,51,97,-164,82,-49,14,79,43,-9,-31,77,103,2,-97,7,23,78,0,-85,132,41,-72,39,10,-42,114,32,-14,46,-68,-43,150,0,85,51,64,-78,45,-58,86,8,-30,-76,-59,-85,30,26,-36,26,-32,-142,129,40,73,-2,-96,-19,63,49,15,-48,74,38,-37,-149,54,69,-3,-21,-69,61,82,111,-65,13,-29,108,13,66,-40,30,38,-35,-84,-20,110,-52,-74,175,139,-56,22,-9,-20,-66,87,-171,-125,-50,-83,8,49,-1,-97,149,127,-116,-137,124,-37,-50,34,96,41,4,14,-9,59,66,-33,142,20,-92,83,97,-5,-68,-113,5,-3,-6,105,101,-36,-149,6,-33,-19,86,17,-73
43,-12,27,78,-35,-106,-60,-23,-87,-73,49,33,121,-50,71,44,-8,12,81,-67,-140,18,93,29,-40,4,57,53,1,45,51,55,7,132,-92,87,52,11,23,171,-34,-37,203,-13,-19,-80,-61,57,-23,-37,166,-6,-47,142,5,-51,-6,63,28,-39,-54,138,-62,-94,-81,69,48,-79,-68,24,28,0,28,97,-3,-18,20,-9,47,-82,13,48,-19,-62,16,-139,-16,89,-37,-18,-120,-32,-22,-13,-61,-15,111,-53,42,-97,-99,3,-86,-42,-20,67,93,85,123,57,-19,61,52,-50,-71,120,-57,81,1,41,0,4,39,45,-70,-73,82,119,43,23,-9,-55,48,39,-19,45,-33,-28,-47,54,47,49,-112,-63,27,-25,9,68,-81,21
-59,-129,90,-67,-60,74,34,144,36,47,-45,114,-105,-198,-1,2,-71,47,-3,67,69,183,-62,50,5,-108,80,62,-51,17,142,96,-48,5,-117,-119,-28,70,36,-16,-20,-87,-7,-172,-33,94,66,-132,70,-140,96,143,78,69,69,-84,127,-36,57,60,-19,66,92,43,62,-68,-107,130,40,-34,55,-17,-138,148,-47,69,-61,-60,41,-10,28,-99,225,-8,-85,55,-24,-16,5,46,-127,61,57,-44,-137,63,4,-184,193,86,-121,-24,36,42,-51,129,32,2,19,18,13,90,81,-66,-40,90,158,-73,-57,-48,107,93,44,-30,-95,-2,42,39,-6,-62,-7,-90,-49,-6,7,40,-50,-110,-95,-29,27,-113,-30,-20,-63,56,99,-45,95,130
59,-76,23,167,-117,32,110,17,-151,-3,60,34,55,-40,-36,-110,97,98,-21,-40,11,65,-59,-5,186,-40,13,35,35,142,45,53,42,-77,13,120,-39,-150,52,65,126,106,-65,121,46,3,97,70,18,-2,67,-19,55,217,-80,-81,-59,-12,-140,40,106,11,-42,-154,-121,15,38,56,41,-69,-106,-128,-72,41,16,34,-80,-59,-83,57,-17,-13,-128,126,-68,27,-46,155,187,-82,10,89,80,1,-50,72,128,-132,46,-13,-48,4,3,2,87,-76,-58,-22,107,75,65,28,-132,-58,24,-5,168,143,-53,-227,-32,-77,-50,-28,-98,-101,-26,59,-23,-23,29,-71,28,194,-8,-47,-128,-128,5,-57,38,-80,-32,-163,130,37,156,86,-23,67
-76,64,103,50,-7,-182,15,59,107,47,-75,-42,-75,-63,-35,-79,97,-85,101,58,-58,84,57,6,-78,126,32,27,38,-101,-2,-6,-54,209,-58,-39,116,89,48,111,-234,-34,16,-1,-61,53,0,-50,-97,-237,194,-36,120,111,42,21,25,118,237,49,-41,52,-11,-59,25,110,-29,-9,5,-39,5,-94,-107,-35,-56,-50,-105,-5,133,58,-64,-132,80,4,-27,-28,-37,117,-171,-12,-34,-128,44,0,-72,-118,56,-32,36,0,-30,66,-61,68,-64,62,97,4,-13,128,8,-32,32,-124,10,75,37,-25,-24,-3,-93,75,-91,21,-60,-63,74,-17,-18,59,10,-140,81,17,24,51,36,40,-84,69,-44,-83,-101,51,-6,-13,-63,122,81,2
-109,-21,183,169,-13,-10,73,18,123,64,-65,-6,-18,121,-24,-21,50,19,-121,10,19,-64,-39,55,46,20,82,66,-56,34,-66,55,137,-21,-64,-124,-98,114,-44,-97,-130,55,-123,-120,-10,-29,19,39,-84,47,80,29,11,68,-83,60,-28,13,-33,56,-65,-81,-47,15,-123,-63,-132,-22,144,9,86,45,-46,-4,24,66,-66,-83,71,-22,59,85,-68,53,123,-127,-91,-29,218,30,-22,-106,102,-54,-85,-46,34,113,35,64,-129,75,-13,27,-45,40,-11,-50,-47,6,115,9,-3,46,-209,-15,106,90,-35,-133,10,20,-89,-37,-50,-89,-34,98,25,-57,191,128,50,97,-50,-25,12,-38,-41,93,39,36,-162,-60,2,-12,-112,29,-67,75
-3,85,40,88,-67,-45,-31,-10,-19,84,-31,4,-15,18,-15,177,-13,-82,-30,27,-98,-42,27,64,84,81,-66,13,10,72,-58,75,-125,58,-31,-49,31,-8,-140,99,93,53,112,40,-98,-49,34,159,49,-39,170,-98,-53,-14,-49,20,-32,63,26,25,-139,53,-190,-2,-93,174,28,-168,-64,-22,-14,-70,52,-218,-45,-47,-74,-76,-1,40,11,-75,-72,-44,-5,-97,-98,54,-72,-65,-55,97,106,-116,7,-23,116,83,-35,-54,-27,92,-27,42,-6,-15,67,49,149,14,101,31,32,-27,-2,49,45,-8,19,20,-81,-80,-134,32,47,-19,66,36,-116,66,-50,-39,-71,124,-98,94,-8,75,19,-40,-63,59,-157,-54,4,4,-66,179,-55,-4
-139,181,-36,14,38,-165,-19,72,33,81,-123,-80,-27,84,-43,172,170,50,44,12,125,21,-124,65,74,-95,8,29,-15,72,-38,15,-129,11,-40,35,60,9,-45,26,14,80,18,-107,-105,-66,-24,-88,-171,-25,69,-70,-109,107,32,-51,50,25,49,-24,49,-263,-138,-135,37,58,-185,-113,7,-30,-82,-67,166,17,-127,22,-26,-20,11,-80,-114,14,28,-98,-133,-25,-44,-19,18,-33,224,-2,56,-4,-32,-91,-145,17,125,-98,91,62,-109,8,7,98,-7,-116,15,129,-32,76,-79,-25,60,58,-43,29,-60,-62,-3,-29,-67,-28,108,-99,-87,44,-44,32,-32,-95,-50,-80,40,-32,-33,134,81,12,-99,-126,63,-37,-28,-7,13,149,84,-3
28,65,152,-73,-32,-74,119,44,149,79,21,31,-33,23,-8,30,-9,-28,154,-7,133,143,17,26,32,-16,16,-121,55,-15,19,-4,-89,-27,-31,-12,80,129,73,-94,-28,-69,92,1,156,27,26,-56,152,-133,54,32,22,28,-137,-94,49,87,141,-125,-6,40,129,31,-91,-80,23,63,77,42,161,-1,-115,-9,63,-75,-62,-53,-45,120,49,24,111,-28,70,113,40,71,77,121,-52,85,58,-15,-115,-89,-106,-10,212,-21,-33,-78,-6,-55,-85,1,16,-117,23,-26,37,-32,78,11,-5,-28,41,2,-31,23,6,-69,8,-40,-104,-62,-11,-89,41,63,13,-72,93,-83,45,12,-3,-25,-193,16,-115,-3,6,-8,-80,98,15,-3,121,-10
-119,83,-9,2,75,-215,2,-6,56,-57,-268,-23,-9,21,-2,-46,107,-27,81,23,118,19,-7,43,30,-80,-43,16,174,-136,-5,-27,-141,102,51,66,149,88,-132,17,-87,58,26,-38,-99,25,55,-38,-145,-62,86,-120,-1,79,-51,62,-52,-54,235,183,99,-160,-29,-61,72,42,56,50,2,57,23,-160,-70,-19,-86,46,-8,85,28,-100,-150,-62,50,45,20,74,-24,-27,17,17,164,99,-10,2,-49,-90,-105,11,74,8,17,-8,-23,-36,14,273,-57,-82,-32,163,-111,39,-33,36,2,97,-102,29,-93,33,-11,104,-63,103,-150,-130,-130,55,-4,21,-25,4,54,-67,-34,79,-29,-35,77,-8,-25,-62,80,6,78,-24,-7,24,64,45
64,31,-115,-93,-4,-95,62,131,1,-70,-65,-89,-70,11,62,-68,153,3,39,119,61,15,148,104,84,78,-45,-109,71,79,30,55,16,-82,143,99,-95,-35,-12,-62,27,112,-68,95,64,-39,-88,-44,107,-80,156,69,17,0,51,6,64,182,263,-22,98,144,80,-46,28,-81,88,69,-41,-95,-97,20,-117,35,-30,83,-60,-40,90,87,-13,-206,58,94,-306,121,-46,52,-108,49,71,141,-10,15,-28,-100,-92,-132,126,-57,76,-71,46,-14,-11,-90,-116,156,-20,104,-26,30,-62,-126,95,-6,179,40,70,-19,-100,154,28,120,-11,100,84,39,-65,-21,-82,-67,-34,-67,73,86,-29,-140,74,-12,9,-16,64,67,-86,8,37,110,88,27
77,-128,6,72,-70,151,19,-164,-4,-28,169,91,-39,-16,-62,-28,-33,97,-31,-104,66,91,-27,115,-1,7,47,-12,133,78,117,-5,-31,18,-215,-204,-100,113,13,72,83,50,2,-14,85,50,154,-26,48,-40,-18,-30,30,-18,-212,-76,-29,-195,-110,133,10,-10,36,127,-62,-48,-11,101,-48,-29,62,83,138,-6,100,1,80,18,-3,11,121,210,-136,101,131,122,77,-1,146,206,-153,-34,-52,-57,125,78,-40,-8,-78,-85,-46,-17,67,-79,-141,-34,42,-73,-109,-204,145,-3,0,46,-84,-25,-55,-89,-47,2,52,28,42,-16,33,-50,-106,-99,-11,84,-17,55,-16,37,87,85,-91,-13,-92,-193,17,1,-60,-55,37,19,0,-93,-107,84
78,-90,84,142,31,18,-14,-61,-42,-116,22,-96,-26,4,34,-56,-203,-18,-164,-61,12,-81,55,39,118,82,-7,122,-104,-20,60,97,63,-25,48,-26,-69,78,-68,57,69,-28,-77,-31,37,181,-114,-64,65,103,-82,70,119,67,-21,38,26,101,-45,102,50,190,-114,236,-92,64,-43,84,137,-104,-16,121,14,-29,-62,66,-138,-38,-45,-60,-9,-87,-69,-26,29,46,-90,-69,-1,104,-25,-11,-70,-70,-17,-8,48,29,-160,58,-52,3,-98,-19,-46,105,-5,1,-65,61,63,-172,42,-25,-109,-31,25,-161,-161,-92,231,110,-33,-67,-9,61,109,42,-149,-141,66,20,-57,24,-164,-70,-17,-74,16,9,-33,17,-56,-18,-13,-21,-31,-54,-140,-111
2,-37,26,-136,-15,-47,5,-177,103,5,121,12,94,16,-43,-4,14,47,-5,46,-71,-34,-94,-66,-45,123,-168,1,149,66,90,-23,59,70,-18,-88,31,0,-88,85,-7,66,52,92,153,-123,15,-175,86,-30,19,-92,-62,-22,-119,10,-126,3,-77,-24,47,2,145,-171,11,55,119,56,-86,-70,-65,-152,-82,-106,-15,-123,28,61,-80,-21,43,2,-143,23,29,69,-50,165,-177,22,-59,-27,62,-65,162,-5,142,47,-186,-65,-47,-97,70,58,71,-170,149,50,24,-62,4,-105,30,104,76,0,-58,109,-123,-73,-123,-87,-112,67,-48,33,-54,74,37,100,-14,37,53,93,-92,6,-33,-27,-84,-50,167,208,-102,-45,164,-35,-65,141,-11,-37
-60,31,-73,-39,-13,-38,-17,119,-33,-43,3,46,43,0,76,-96,12,48,82,-40,-104,-88,34,2,113,-55,-33,-63,62,-36,-110,18,118,24,-70,-106,-78,120,13,-33,35,53,-91,-35,-23,21,28,-17,-75,40,106,98,2,-113,160,50,14,15,78,30,-13,-69,-87,-22,-23,-3,-101,14,35,-23,136,104,0,-26,52,11,22,-55,111,-137,86,13,83,-33,60,-80,44,-109,24,-14,66,-111,107,8,-11,22,-67,-9,154,136,14,-80,24,-39,-128,43,-130,43,-42,99,-92,133,-20,-80,-200,-6,-65,83,108,105,0,64,-37,110,20,140,-18,125,116,-22,41,9,65,-7,64,-17,-65,-50,18,84,74,-13,46,3,75,-22,-49,-45,-98,112
-51,-3,-65,208,72,-21,127,27,-73,-76,20,171,30,-122,-149,-102,182,-118,-74,-30,-117,114,-189,-9,15,126,91,106,1,35,17,40,-72,-115,-8,122,139,-104,-39,34,110,15,-48,-49,-53,-63,77,239,3,55,150,-135,-42,45,-93,-26,-76,0,3,93,-107,-21,-15,-43,-3,139,61,2,-62,9,-22,65,-55,-43,-2,-16,22,-63,48,106,-44,-88,90,18,-89,-106,12,-12,10,-47,17,-3,-35,70,-91,-96,-36,-39,43,-155,-120,19,-83,-35,66,-7,84,52,85,38,73,76,-56,-168,16,58,-91,-19,2,87,-207,0,-90,-55,-56,-35,21,-20,-44,158,14,-91,-60,114,-43,-7,37,46,-11,16,74,-80,-1,-48,-10,111,-127,38,16,114
-61,-3,-33,-101,-149,-8,33,-88,-35,23,19,-3,102,11,50,-70,21,-93,-7,-6,-53,-26,83,22,41,-125,31,-22,110,-65,201,-16,33,-83,34,-62,51,-16,-14,-52,-36,-37,53,110,79,86,-139,-65,-45,15,45,82,-169,-67,67,31,-117,-23,20,-56,-8,-97,23,21,169,149,19,-43,-53,-116,43,-58,68,-75,39,133,-28,85,-5,22,80,107,-67,-22,-145,98,-122,-77,53,153,-61,-103,-38,-2,91,45,41,-30,-55,-84,-59,16,86,-34,-64,5,-81,108,-135,101,-41,38,-24,-18,111,129,50,-22,-6,7,-5,-18,119,100,60,-158,31,61,-108,-90,-65,-25,-1,-78,71,115,26,-116,-62,-45,76,13,130,-60,0,-33,193,-11,-89,62
-116,-177,-71,77,49,121,92,107,-6,-13,59,192,-24,15,-46,-11,86,132,-36,-68,31,40,-21,19,-14,-58,97,-23,5,86,-51,66,-52,-52,-75,-56,-14,88,-4,-42,22,24,-25,-176,-16,-65,118,36,62,-126,168,-71,1,97,-133,11,14,-73,-18,36,3,-17,97,41,-113,-28,75,26,-2,-9,29,98,-40,129,-35,20,-45,-65,-58,-73,-15,104,52,-18,22,-116,135,-104,70,-43,-5,23,17,-22,-172,8,-51,-99,-5,25,-95,-30,74,27,-25,60,35,65,100,68,36,33,46,-14,-90,124,39,-46,-48,-96,-115,38,-54,-5,-41,-49,-28,68,133,62,86,51,-86,30,51,118,54,-18,23,2,-118,-87,-80,21,-66,-42,-55,-17,-73,-23
44,-104,-3,-112,44,-40,53,-28,-128,-221,75,202,145,-58,34,62,-48,256,150,-20,-26,-10,-171,-96,-86,49,-44,-8,126,113,207,42,-37,-32,39,75,26,-226,15,140,174,-81,56,-2,24,95,47,-51,88,-5,-82,-54,-55,49,-15,-80,61,45,-133,-63,109,129,129,82,-1,-128,170,221,12,87,-96,107,-123,142,150,-114,-46,148,-92,16,69,-41,33,-97,-131,-22,152,103,-61,-23,-86,52,-50,85,43,-10,75,-102,-55,92,40,-67,7,35,-33,-130,75,-87,66,-137,14,-20,47,1,96,-119,-100,41,-11,-20,-100,79,97,-60,-133,102,12,110,107,212,-5,21,122,-81,-5,26,30,-128,63,-151,116,-37,137,-180,-47,57,53,-85,117,-125
-26,13,-27,78,67,-3,-152,92,-62,-32,20,-94,61,13,-64,-65,33,28,-95,57,26,-21,-24,-89,201,-21,8,3,-121,-23,-57,16,-7,10,39,66,-63,-52,-31,-106,38,-24,-113,30,-10,11,-100,133,-107,176,-33,-8,113,-17,69,60,-67,50,-94,-121,29,-23,-106,-7,-33,65,-24,-41,88,-13,-108,98,-79,-25,-94,-8,116,19,60,-47,-16,-82,129,-38,-119,-95,20,-32,69,-15,104,50,16,75,-53,-61,-56,-142,92,-72,16,-20,25,-71,79,153,-149,-55,94,117,-78,-13,-9,-87,28,-8,-59,18,-122,-20,195,-53,-39,-28,26,10,-44,42,4,-85,55,-13,-116,38,-51,-109,-46,40,7,-12,18,-54,69,2,89,31,-16,17,72,1
-39,17,-22,123,-26,-33,24,36,-44,-7,-12,27,-34,-72,30,-46,-40,59,-43,59,-93,21,-64,-4,80,23,62,12,-30,23,-49,-54,-17,82,-25,101,-74,-30,-61,-41,38,98,-48,0,-140,28,157,69,-58,-59,58,-7,56,-43,-28,4,78,-46,-54,55,-65,-12,-199,119,-3,68,26,93,-102,-46,25,85,47,77,60,-56,-82,27,8,-8,-13,-22,-9,31,-5,-48,58,78,35,-9,42,-73,1,-39,15,62,76,48,-133,104,78,169,75,5,-76,69,-9,-38,58,17,122,59,48,19,33,17,43,-90,-58,-85,15,28,8,-102,179,-84,-18,-138,-76,105,42,-31,-63,69,-24,79,13,-36,31,-98,-71,-83,82,-118,-24,-91,-10,-37,-6,-31
3,93,-35,113,-101,-26,-81,-46,72,-83,44,10,69,-27,-26,-48,50,-33,35,0,26,-17,57,97,97,-126,19,-9,91,-11,6,45,-37,-10,75,106,-52,16,-23,23,56,17,-36,-150,25,139,88,-20,1,25,17,34,-35,-86,-129,-128,80,-28,-114,-2,30,-43,-105,90,-66,-53,-81,178,-43,187,61,0,-87,-12,-8,-43,-63,-1,-23,-56,48,12,-130,-60,-68,7,-2,-77,90,47,-38,59,-27,-25,-63,60,-10,44,124,17,34,42,93,75,-99,56,-78,-160,-19,-2,73,-75,-27,-59,-35,-24,49,165,54,-80,2,135,43,63,-55,-49,-49,29,-32,58,-51,75,57,-5,40,25,-97,-19,-21,8,70,-90,39,39,-42,-21,12,-19,-64,-28
-33,-188,-45,65,-79,137,35,64,77,0,49,12,9,-59,-153,71,84,-99,-22,-38,-78,2,216,-51,10,6,-2,86,94,-118,33,132,68,142,-146,-51,-16,-45,53,-46,27,-123,-73,-78,5,144,-51,81,54,-78,50,70,94,-25,141,-98,-102,86,55,1,34,40,-56,44,50,-15,30,-39,49,-118,-14,-10,71,-139,-28,18,-109,-87,33,-48,31,31,-10,-65,-18,-121,27,-189,-25,28,-69,46,63,-110,-29,-31,-22,-184,67,-35,-15,-60,-43,156,-49,-23,-169,26,-54,-89,29,24,26,-187,61,-41,56,27,13,67,33,-21,9,54,-53,62,37,46,67,-60,68,-43,-68,61,132,96,16,38,-12,-6,4,-101,98,48,-194,49,-3,24,-110,48
-78,93,-28,-15,56,45,-54,154,-78,55,17,32,64,-76,13,-168,33,-138,77,87,-48,18,-88,-14,52,-73,3,-54,-107,4,-132,51,-48,8,75,29,86,69,-16,96,-115,21,25,71,28,-24,-44,108,-118,1,57,89,101,-16,-34,-35,-18,-6,81,-50,-8,8,13,-9,-119,39,-7,-34,13,-3,45,-3,-190,45,-120,-26,59,91,160,-72,3,-111,162,0,68,-65,-118,113,-121,34,-60,-41,11,-9,-19,-4,-75,33,147,-28,4,-11,57,-106,31,179,1,-51,173,54,-21,141,-132,-75,70,145,-32,120,-12,-3,24,24,-103,137,0,-53,-38,9,-13,44,19,4,53,-28,-54,63,144,-5,-186,71,-7,-143,-98,47,26,-30,-30,233,77,-8
-79,59,66,36,83,-95,129,96,109,74,55,-106,-86,32,8,7,-17,-117,9,49,50,35,15,-21,86,27,-44,1,64,-61,40,114,29,-13,-42,-26,68,-48,49,-129,115,-67,-18,28,4,-32,-127,-30,-21,-13,-83,38,-26,-80,-3,50,29,115,-13,62,-92,-151,-89,-43,117,45,-32,-35,78,-1,-66,25,62,-120,68,-7,-13,-21,59,55,-90,-12,-82,-13,-49,45,18,-33,-83,59,42,-131,55,24,-6,-64,-29,-24,131,-96,22,-45,12,4,-22,-144,-31,3,-65,19,12,22,97,-82,54,18,158,10,75,46,-129,-219,158,31,0,-27,-33,-116,-96,36,-33,-41,-86,50,109,-49,-38,-30,-48,-41,-59,-96,112,-29,-121,141,-3,-17,116,75
-10,25,-82,15,-61,49,-56,53,35,56,81,71,60,46,75,102,-24,18,29,-26,88,110,-56,-23,-69,-69,117,69,-70,86,-40,-52,-174,-65,86,-196,-10,5,52,89,122,-93,55,-19,-5,-27,33,65,71,-5,9,-139,-115,28,3,-165,33,-189,-104,-2,-18,-40,74,84,-101,-82,-32,90,-176,169,46,80,58,84,-35,105,-79,-24,-18,70,-26,118,31,-68,-24,-34,97,38,143,47,110,35,-35,27,-112,23,16,58,71,42,47,100,65,-69,31,74,0,-125,8,-109,-43,3,6,-33,-48,13,-136,36,45,-34,41,-31,-31,-121,-63,-56,-78,9,52,67,-104,15,-17,-61,11,-20,-56,60,97,-23,-13,-65,16,-61,37,-4,21,-11,-9,-44
35,-64,16,37,5,70,-16,1,182,-70,-29,62,-22,70,73,242,85,-144,31,-133,-54,-180,139,-84,-58,128,14,47,-95,64,8,121,-38,0,-20,-166,112,8,-91,88,-55,12,-34,1,8,-113,-109,133,4,-14,-10,38,-24,-18,-44,-39,-27,146,130,15,-146,52,47,-37,67,-81,83,-75,-30,55,73,58,58,-27,35,-45,-143,-55,34,40,-3,-43,-27,-27,64,-147,-94,58,-99,137,-24,52,-61,46,97,-19,-104,84,8,18,-42,40,22,-76,-107,33,112,47,56,-211,5,79,96,-61,-29,7,37,-102,71,165,-148,10,109,-81,25,-12,-47,43,-74,47,-144,-116,-5,-138,1,145,109,-9,42,26,-41,51,-73,-22,-186,-19,-28,76,-13,-17
35,-65,45,-24,-6,-10,76,-215,-102,-75,-13,193,44,-9,-76,-19,56,82,119,-26,29,116,-133,-4,-24,133,145,-6,109,-39,60,-50,-49,-47,-24,155,138,24,-123,-34,-7,-45,-2,-139,-102,1,123,-40,123,75,-63,-189,-89,-63,-37,-49,1,-158,-117,14,20,19,-24,56,17,1,23,265,-46,44,-79,-74,19,162,12,-20,13,-19,-143,36,33,140,148,97,-43,80,161,-33,127,-95,-129,129,-136,58,33,-11,-31,-2,-137,71,-19,9,-31,6,-12,-21,4,-111,-56,19,44,23,41,80,41,-110,43,-16,17,-148,-101,152,-88,-25,107,-43,41,-103,93,207,19,91,21,-43,-150,-63,-79,15,-46,-186,87,-108,134,14,-17,-13,18,14,-37,-140
-73,-17,47,-8,132,-81,25,-82,-48,-105,-7,64,-43,-60,-7,-87,-16,134,43,-76,-24,64,-161,59,-138,-45,-16,83,-81,138,136,-10,43,-62,-64,111,-21,66,75,41,11,27,13,-42,54,88,37,-96,-119,-16,9,-74,-11,168,-53,-29,102,-110,-134,29,85,-79,80,56,26,31,54,20,-16,19,-13,143,82,179,-18,-21,76,12,9,-118,-73,61,-21,3,47,-27,134,-25,91,65,39,-105,18,46,-118,-30,82,-98,-48,-60,-5,57,-66,-20,-74,84,114,-41,56,19,-15,-116,-1,-47,-58,23,-140,-116,-65,6,-34,-21,110,-81,-92,-44,0,-126,54,30,65,10,16,-77,66,21,93,7,-22,-25,-2,-65,20,-57,70,41,-39,-146,12,78
49,42,-94,101,20,-74,-20,-4,-17,-79,52,-63,8,16,56,-65,35,-21,-36,-14,-78,-90,37,48,18,47,-141,77,-11,160,-69,43,136,-32,62,106,-128,-54,31,74,76,133,-65,161,61,26,-2,43,-1,-29,104,-57,73,139,55,6,-19,73,55,16,160,6,-26,-6,-164,-67,107,-90,0,-46,-65,2,-30,-36,-14,19,-180,31,24,79,-96,-92,-142,82,52,-11,5,97,91,-123,54,51,149,30,-77,-73,195,13,-139,-10,36,83,-84,21,30,-29,-38,32,137,-18,15,-89,17,-91,-17,-78,-19,107,-24,-23,-86,-32,-112,31,-22,25,39,-19,-12,-13,30,-102,69,132,62,160,18,-68,72,47,26,102,-18,-80,44,10,-46,47,-104,64
-61,76,113,-77,-58,-12,52,-4,-30,85,72,21,8,16,-96,124,-100,-27,43,-57,60,127,-63,103,-80,58,82,-53,100,-52,84,57,-173,119,-92,-62,100,52,-34,68,45,-49,166,19,3,5,29,-62,100,-111,55,-86,-2,-2,-106,-40,54,-118,-61,-43,-29,1,81,-43,-56,97,-98,-105,11,-30,-73,-11,78,-45,-60,-25,-124,16,-64,-55,-58,86,99,-87,-55,10,68,16,15,-158,-60,46,35,-36,-57,-57,-38,11,40,14,-61,75,-81,2,-59,-46,39,-172,53,-44,44,43,-12,105,134,-21,45,-40,-9,-74,-66,3,-149,16,61,-13,27,-83,18,220,15,-79,41,-14,-19,13,-2,120,-114,46,-68,-69,-8,48,-39,-5,55,155,83,-68
156,18,-38,-184,-76,11,-60,22,-144,-25,-7,16,-12,105,102,-94,90,77,35,-11,13,-60,89,-46,153,-111,4,37,-14,82,93,73,-48,-84,166,-11,-135,-20,-18,-2,26,154,-112,43,90,-7,-61,-50,-56,1,95,-37,-60,-31,-10,63,66,-40,83,70,67,-69,45,24,-37,3,-37,72,46,-43,-94,4,-26,14,-82,17,99,53,27,41,-103,-15,-69,143,-88,38,-127,41,37,158,73,-36,-75,-33,-37,-24,90,-29,45,-7,109,-66,90,-218,100,89,-115,-101,100,117,-115,-26,-39,-86,-29,20,68,46,66,-91,-43,-86,5,154,84,-50,-80,-74,96,-121,-15,84,-6,-111,12,36,-43,-29,-18,14,20,-105,-9,-26,144,-94,27,38,63,55
-94,33,4,108,-18,-39,-104,-151,78,7,211,-67,33,-8,-67,6,-99,37,-84,-137,-12,48,-84,-21,-10,-127,-15,25,-90,-93,-1,-7,-194,23,-23,-1,118,108,8,-44,21,-132,182,-115,-46,39,99,-109,-16,-20,-40,-28,-106,39,-78,-132,-33,-63,-98,-121,56,-68,-21,9,61,60,-22,2,-106,74,97,1,12,4,-54,-103,15,97,-166,-40,-46,26,34,-214,23,65,92,-78,-55,-59,-54,1,-28,17,6,81,13,51,31,-52,4,18,-60,175,47,62,33,-37,-48,9,-62,-107,126,65,34,31,-125,58,-87,-42,108,-73,35,-84,-44,-31,39,49,-97,44,21,25,48,67,-82,-150,-3,68,-13,-10,-57,92,-32,71,14,10,-33,-32,-7,-149
-105,2,-100,108,21,-20,126,2,-69,84,-49,83,-41,114,43,-34,-65,-66,-93,98,-6,-44,5,-37,-2,-73,39,60,-175,31,-70,-82,15,51,135,65,-36,-67,-42,-75,-115,-25,-70,32,57,-2,-95,-43,18,40,-71,-9,-108,7,14,-15,-5,23,64,66,-169,-93,-14,93,-38,13,-107,49,-15,1,-5,-13,79,-58,-68,-28,13,-17,25,26,-116,-42,-58,21,119,-67,-91,-68,53,-34,57,-40,7,9,-98,-5,16,79,-171,87,119,244,1,-18,-28,40,-52,17,-38,71,74,-29,-73,18,98,71,94,-51,-24,-128,57,-11,9,17,72,-30,-116,-50,-74,-33,7,34,-87,-145,-44,66,100,28,-56,61,58,-75,-43,38,-139,-38,-42,-37,-27,-75
146,-23,-165,44,-15,-33,79,-71,-46,-75,106,-3,91,153,215,75,-65,58,63,-47,-63,-71,8,-36,3,-22,-70,88,28,21,162,-74,38,32,95,-62,-139,-51,59,153,114,-48,37,123,19,-46,-11,76,36,67,-89,35,-183,-81,-86,-53,38,-2,-43,65,-57,-23,-79,8,167,-69,107,-35,-9,19,57,40,144,-45,107,-109,35,-36,-3,-9,35,-2,-93,-39,7,-8,60,-62,16,-43,-9,75,4,-101,130,-7,100,90,-54,-20,78,-44,-2,-45,37,-52,17,142,-38,-228,-87,35,-43,48,-36,-81,-89,84,101,98,52,-117,173,35,45,12,51,87,-37,14,-106,59,-32,-59,-73,-40,-11,-177,133,11,86,152,53,-24,78,120,19,-89,2,33
30,220,-13,-32,-98,-32,-153,50,17,120,-77,-72,20,26,62,80,-21,-17,97,-42,-25,-43,42,43,-10,-97,107,25,-64,-183,86,-28,-60,93,-47,44,73,72,-18,37,-150,-10,51,-37,0,44,-143,-63,-173,-83,39,-13,-9,-52,61,-57,113,-126,81,18,-61,-41,-109,-6,111,106,-172,-128,31,90,-21,17,215,115,-84,72,61,17,117,-68,-136,97,113,-133,-82,-103,-37,-15,92,60,56,-9,-89,-21,33,-11,-56,58,120,-61,64,172,23,-68,-15,220,-64,-156,46,75,-174,40,-52,33,10,19,5,52,-1,41,198,66,-32,10,149,-64,34,4,-28,-165,-5,-106,40,-149,-25,-46,12,92,-56,69,-57,-67,41,62,11,-62,35,62,39,-26
-20,155,44,2,-29,-13,55,-122,-17,9,-83,32,-149,-125,-13,-30,26,-22,74,-88,97,74,14,140,-4,-27,-33,-55,96,88,-79,-15,-189,26,84,60,94,39,-116,-11,112,31,28,-157,-23,133,252,-9,108,-154,-1,-33,-68,27,-68,-41,71,-211,-73,143,92,-30,113,35,28,25,-70,14,-49,102,-62,-209,91,-65,-75,-26,-86,-107,-44,16,-42,-31,-1,41,58,225,147,-109,59,-117,61,176,85,-4,-52,217,23,-34,106,147,44,130,-62,112,-103,-22,-68,-66,-7,27,41,50,-18,29,7,-17,-1,18,116,-128,-108,57,-35,30,-10,31,-133,-51,26,105,2,40,90,-81,-21,18,16,-27,24,-149,-51,-97,57,37,-30,-51,32,96,-59,10
177,-95,-21,13,-87,64,146,15,-137,14,-36,178,-74,10,-66,-21,19,22,1,-134,-83,-35,48,0,42,79,60,64,39,-39,110,150,-62,0,-92,36,141,-58,-18,-81,121,29,-41,52,32,155,-30,73,15,-24,20,44,-32,-71,3,-117,-12,34,27,136,-83,93,-2,16,-34,83,-58,24,86,-107,-79,57,98,-57,85,-25,-90,-58,100,51,-24,2,17,48,-33,-60,-104,-58,71,-27,-101,101,-5,-30,-30,42,28,-60,-18,34,-24,-24,43,-1,-54,-67,-22,-3,30,-89,73,-8,11,-89,91,-89,140,-110,123,76,-27,-43,-77,24,4,171,-23,-89,2,-7,24,-22,16,-28,44,-23,52,10,-125,28,-70,-71,35,-71,-129,29,-19,-24,-41,147
-33,-142,-33,-67,15,105,-27,-97,4,89,-92,143,-48,-114,-112,-19,32,-67,-80,69,-8,135,1,-91,126,-167,-39,-18,-55,-61,-18,-115,-3,-41,7,38,32,16,-98,-164,35,-8,-8,-3,20,-29,79,25,194,-35,12,25,38,16,-12,53,-80,-84,-9,75,-96,-39,44,-44,74,-37,72,140,-89,22,122,-50,4,-54,-65,23,218,59,-163,28,22,105,84,134,21,110,-39,-10,76,111,-47,65,31,7,-61,11,-89,-101,82,82,-39,27,71,-73,-45,20,-68,14,-19,80,-75,94,-48,-29,19,46,37,-14,-100,-16,30,-76,85,61,-165,-61,-110,-41,57,-98,77,58,-85,-2,-16,46,-53,75,-109,-158,29,16,84,-20,-9,-58,104,-86,-10,70
37,200,-11,-34,-49,-30,-8,158,137,85,119,-24,-20,19,117,-27,-70,-194,44,55,196,93,-42,13,178,-61,99,-69,3,-91,-3,-9,-103,12,111,-40,71,5,-73,-80,12,-80,19,25,38,-228,-26,102,148,33,-33,15,33,-142,-91,145,138,67,46,-44,-128,-51,100,-42,25,3,5,-151,66,139,-11,42,-15,-135,47,-30,4,-82,41,96,17,-64,130,-19,-58,103,2,38,27,-12,121,56,-33,11,-58,-91,-109,112,263,-4,-26,22,-22,-3,33,-26,-1,-91,86,35,-90,157,-48,1,1,-22,84,63,-2,-57,-49,-10,68,117,-6,-15,-17,54,-38,36,-56,-85,-24,33,-41,-127,62,17,-66,56,-41,44,-40,80,-14,65,83,89,205,5
-98,101,-5,135,102,-33,16,48,109,92,170,23,85,31,11,90,-16,-103,45,4,99,-50,-19,-49,-78,-15,113,124,24,96,-46,-6,14,48,-65,-43,-34,-76,122,46,40,-16,33,-9,-61,38,29,-15,-53,12,-95,-155,-25,63,80,76,68,-59,-200,-68,-11,-127,7,-10,20,-32,-93,-166,-69,102,-26,74,51,22,-95,-52,-7,10,41,-21,81,20,-19,-122,52,-233,60,-68,-34,-32,177,-164,-54,36,45,-11,8,4,37,40,51,1,-60,28,-107,-87,-94,9,20,-131,64,-22,-47,17,-34,15,-148,-27,-23,74,-42,-28,45,-106,117,4,-37,28,-20,62,-4,-27,-27,-39,83,43,36,108,73,69,72,53,39,49,-75,141,13,-70,6,6
102,-43,187,7,-65,180,127,70,-83,80,-35,98,-51,-1,-52,39,-105,-11,-59,1,41,-143,25,-8,17,97,97,-73,5,135,31,57,-38,196,-3,61,-19,-135,-98,-6,-122,25,-58,-22,-26,-28,36,83,-126,57,14,-75,166,-133,-55,175,-46,48,-168,101,-116,110,-25,27,-108,14,33,-10,254,25,-49,-78,-84,-194,66,-71,-19,-50,35,56,-56,-118,-54,25,201,-122,-34,58,-96,-40,-141,-45,-55,-33,138,153,-15,60,-46,45,47,60,-6,139,-7,-147,-37,-36,30,-66,251,44,-70,98,77,30,76,-152,-52,-115,-37,106,87,-45,150,-105,-101,-2,-8,-82,-3,-44,-16,81,-83,21,103,-70,23,-30,55,58,-141,10,57,3,-39,-33,38,40
12,-43,91,-164,-52,167,-31,-1,44,50,10,-13,45,-43,-108,24,-9,-49,153,-5,-11,73,53,61,34,-53,72,-75,-70,36,90,-162,-197,-12,56,-121,30,80,6,-34,-18,-89,32,-70,16,-14,-59,47,33,-175,107,57,-29,-162,22,-158,12,-146,-30,-12,-70,12,140,-31,30,20,58,54,-98,6,56,55,8,-78,43,183,61,-183,63,73,-79,66,122,-44,-115,126,70,-122,73,14,17,6,-5,25,-160,-70,-112,-53,265,-14,-8,128,-14,-210,-129,-5,68,60,24,24,13,92,-148,6,96,121,27,-82,-58,33,-18,116,4,-39,-5,-160,-67,-4,214,-150,-237,-10,54,-151,45,72,12,30,33,-20,-3,-13,-84,34,-19,-84,-67,-39,70,22
105,57,23,-45,63,125,13,-18,-25,1,-129,136,11,-82,33,106,28,-29,110,14,-150,-98,55,-148,18,36,-191,38,-89,106,-21,70,-8,-137,82,2,82,-4,-132,11,75,52,59,69,90,43,-74,41,3,-174,74,124,2,18,-31,-43,-36,-69,35,-1,75,34,99,89,60,-19,80,42,-6,-20,5,-5,-91,-40,-34,13,-62,64,25,190,-16,-55,-101,10,-41,95,-34,106,-36,49,-52,29,-46,37,55,96,18,20,11,96,27,-24,37,-22,-40,-53,23,48,182,-58,-87,41,27,63,76,-4,44,27,42,68,-91,-36,-78,-52,42,-35,-87,13,25,-73,42,-39,157,-107,-22,155,95,-123,-35,6,42,90,62,-98,-133,-125,-47,138,-70,-3
-98,-12,90,-37,-38,75,125,132,-98,-64,-66,5,59,78,80,71,-179,17,72,-80,60,51,27,79,29,-77,3,1,48,47,181,211,-60,72,-235,-46,80,-45,35,199,170,-74,100,-6,39,115,-11,21,-71,-8,-27,83,66,62,-43,-107,23,45,0,161,-68,48,-92,7,-98,-55,-148,-98,120,36,-22,57,67,71,82,-8,-44,1,51,-175,-20,-20,-21,-37,18,-34,8,-11,-183,162,-54,7,-27,-79,29,55,-68,-103,141,-112,-62,-65,-21,10,-90,63,77,-48,90,-72,89,50,-21,-109,-2,132,27,-107,84,101,150,-65,155,50,-102,-107,-13,5,-66,35,-21,-44,-66,-37,50,48,-93,18,49,6,-96,-139,18,-69,-34,59,77,-26,0,46
5,25,6,-90,116,-41,-123,-28,-56,35,5,19,-33,-144,-78,40,-45,46,18,49,31,108,-204,51,40,-19,5,5,-72,63,12,-86,-32,-90,-21,-32,-34,7,11,28,26,54,119,-44,-99,-15,167,6,6,-57,-76,-30,91,121,-53,-63,99,-132,-35,45,172,50,106,-14,15,-111,-39,-37,-155,-11,-30,110,26,205,-33,26,86,103,48,95,-32,-55,42,-60,24,-50,64,73,65,49,122,-25,102,2,-62,-79,-36,-87,-42,-95,-31,79,-62,-62,135,235,-56,-85,111,-71,22,51,68,29,-73,30,-106,-4,-55,88,59,-103,-48,-208,-14,-25,-18,-87,-20,80,7,34,-65,-34,-89,-37,54,-28,20,-97,37,81,115,2,20,-57,-4,-83,134,79
-70,-120,1,13,-108,90,-4,-134,35,-142,146,-11,122,-75,-147,6,25,-13,-180,20,-37,-16,-29,65,-135,17,4,44,66,75,79,-8,-31,-14,-35,0,-47,-124,4,-26,31,-52,16,-207,68,30,78,-21,80,8,66,-44,-24,23,-15,-189,-164,-13,-53,-47,91,41,117,116,-5,-68,49,70,-55,-32,-24,5,-44,-97,66,72,-113,0,-75,58,78,-103,-99,-71,-56,30,86,-165,1,-57,-27,47,-21,-11,-45,59,82,-18,-60,-132,14,132,-107,183,23,-80,-33,28,-115,-58,211,-39,12,-44,97,-47,-40,-3,-61,-155,-17,148,9,-27,-42,-34,90,49,-79,79,-45,36,-8,78,4,44,141,-64,78,-126,209,35,0,-7,-56,-27,1,-13,-174,-32
-62,-39,-33,50,-104,-119,203,87,-1,7,82,46,161,112,49,12,-54,-11,38,100,10,-65,23,-21,27,-112,56,-19,102,-151,63,-31,44,-49,-27,-1,86,-128,18,18,42,-19,71,-18,131,91,-22,-81,169,-83,105,27,-61,46,-3,-23,-46,173,246,139,-126,82,-38,71,0,-114,-172,21,95,30,21,22,10,1,156,-13,-111,6,25,-17,65,-111,-34,-34,-87,-107,4,-106,-62,-11,109,-58,-9,-30,-44,-137,53,-56,-10,-51,18,100,-55,88,-34,-71,-65,-11,-53,52,78,-51,-23,-167,16,-25,68,50,26,-63,147,8,-23,93,-90,39,146,171,-27,16,111,2,-63,-44,32,-65,-12,1,35,112,9,-13,75,-31,-70,-9,-1,4,-81,-19
-80,-45,-18,69,122,-64,44,-94,-1,-73,22,0,-14,51,50,-31,-81,58,-96,-7,2,46,-19,-10,22,-25,24,-24,-34,23,86,-48,-79,76,-74,12,-46,-97,116,-76,53,-75,21,16,-4,68,102,32,-11,12,-191,11,-97,-20,-14,-61,-67,-2,-6,108,-71,15,57,-52,27,-135,-138,-67,-140,57,-27,5,-17,25,139,-81,167,82,47,78,-39,-124,20,-28,2,-2,54,-141,-107,-25,21,-24,31,-2,43,41,44,-65,-26,-4,-9,50,7,-7,-78,-24,-22,132,-13,-112,72,-76,84,-9,7,82,-46,-32,64,164,74,-81,169,-84,15,-3,-94,18,-63,45,-23,100,-33,-78,36,3,-82,-5,129,-19,24,201,75,-1,-87,139,-36,-208,23,25
27,-15,-28,84,-33,57,109,47,-43,-14,-15,33,45,-68,21,-117,-78,-54,34,64,-22,-8,21,-11,98,42,90,81,-1,-59,-32,-31,55,30,-85,13,21,-62,77,64,-143,-18,-19,37,15,-8,-96,59,16,-28,9,96,88,-27,74,93,-84,22,38,67,-41,152,-93,29,-97,66,-35,-92,89,-36,-86,-1,129,-10,88,-7,-62,-122,120,182,10,-18,-34,-10,42,38,-12,95,-33,-99,-46,-98,22,34,157,23,137,-70,-282,21,-13,-5,-78,114,-95,-70,134,35,27,27,50,-4,9,43,-88,99,50,-46,-84,19,76,20,-97,-37,176,51,-4,83,-25,-173,88,-62,111,117,69,134,59,7,40,60,-104,5,-6,22,-72,48,-100,-2,-178,49
55,62,91,-49,-40,98,29,20,-112,-42,4,56,108,-69,-115,-5,-59,60,-25,-22,-183,-151,-115,-46,-29,18,-122,90,63,4,176,-25,142,-28,84,82,-54,-52,-5,16,-11,113,-88,5,151,59,14,-82,-79,123,-16,-60,9,-36,-10,85,24,57,-91,19,-56,-47,-22,75,57,181,80,58,49,11,-29,97,-75,-65,-28,30,84,82,-36,-128,114,-155,-78,-150,-72,-98,-70,-92,-96,113,137,-63,-116,-39,23,49,24,-43,-81,26,105,-151,31,89,9,-102,-11,115,75,129,1,-114,-5,-43,-2,-70,-46,-59,-97,72,9,52,-21,-31,8,98,149,-39,39,-144,15,51,-94,63,-137,7,52,4,51,58,188,66,68,-49,129,61,-48,-130,-18,-15
-12,51,-56,-145,-37,85,0,-12,-70,42,-53,39,56,140,-4,-6,-115,22,-43,81,-115,-33,94,-71,-88,-8,80,32,-82,-22,17,-65,52,155,-194,-1,-8,-103,-107,46,-99,12,-29,69,-40,-41,3,-22,-61,51,-54,-102,62,84,94,83,-29,-92,-69,-29,-95,29,9,-54,16,12,-27,-156,3,-97,-124,-54,65,42,-39,-84,100,93,-14,-4,87,0,52,78,48,-80,-104,90,-67,27,9,-81,-58,-151,116,138,71,35,-212,-83,26,44,1,-1,58,-35,-48,79,-10,-101,0,18,-18,58,46,29,56,-59,-52,-5,151,-42,-101,118,96,-15,-6,-57,-83,-133,78,119,-61,4,-84,-66,132,93,-105,18,58,113,-41,43,29,-9,39,43,-17,-68
88,51,-203,-54,-80,0,144,-71,154,33,-61,127,112,44,32,2,69,-82,63,-43,-99,-34,61,-76,4,-13,33,74,84,-108,65,-102,-9,-60,-109,-24,164,-60,-45,-65,30,26,-81,3,130,76,-40,-15,86,-45,60,21,-141,-33,24,-80,-73,6,187,110,-73,-45,4,36,129,-2,-87,-6,-20,-17,41,-24,125,-28,81,-93,-80,-76,21,85,47,31,101,-17,32,15,-115,-25,61,181,139,40,-6,-73,85,9,-46,-12,-92,-125,46,-56,138,-105,-58,17,11,38,-67,-156,-41,-51,-12,-98,24,32,-56,-81,-142,193,128,-96,-143,3,69,78,-65,-69,-42,-113,5,-61,47,-153,23,15,83,24,-125,69,-82,54,199,-19,-29,75,-67,-49,-91,72
-105,5,75,73,-51,-184,56,45,59,72,-20,-64,2,23,65,-54,-34,-100,-112,85,47,-42,-9,-16,-10,6,107,10,18,-84,-34,46,37,9,-35,104,30,-122,135,-46,-30,45,-15,74,-45,30,-5,20,15,63,-89,19,-47,82,151,-43,35,227,114,-14,-48,72,-97,-61,-58,27,-97,-151,-23,-23,33,-93,-76,23,58,-60,-110,-73,-7,-42,-20,-129,38,-19,99,-182,-186,79,-45,-9,60,9,99,-56,-2,-47,128,23,-35,45,4,114,20,2,12,73,10,-14,-36,28,138,-85,-25,-63,12,13,94,-7,27,18,-12,-68,-19,-24,-61,92,119,-42,-150,92,-45,-86,65,33,-26,-12,28,46,-9,75,-21,-23,-99,-32,-28,110,52,-46,41,-15
-33,-80,-63,-52,-74,-59,-52,-64,190,89,-52,56,-4,102,-10,82,93,9,103,115,-14,17,207,-201,3,-17,-33,39,-28,-96,-53,-118,99,-33,-29,-188,-116,32,51,-121,-127,-37,-92,154,13,82,-146,-62,27,24,-36,74,14,-14,173,3,-58,11,11,-191,106,-119,-2,-19,126,-104,-31,52,-99,-136,79,-71,-75,-44,-42,30,-100,-28,13,67,121,68,-6,11,-141,-33,-73,34,156,14,101,-32,110,-86,56,-111,-6,-24,-47,194,24,-97,73,82,-87,-51,-92,-44,-104,-107,-151,-78,6,-3,3,-123,34,48,-51,16,-5,-27,-140,-80,32,56,-101,106,114,-96,69,40,62,-120,138,-45,-103,58,75,136,-6,117,163,54,-33,25,80,46,-38,-39
42,0,-9,-49,-43,123,17,138,47,111,-27,-10,-110,35,82,28,3,39,-29,-95,51,-10,170,-24,-64,-38,-57,-6,-14,5,-88,-72,23,102,101,-36,-106,24,91,-149,2,-20,-20,48,35,41,61,93,71,-168,44,16,-8,-39,63,47,97,-11,41,-134,-1,-56,139,101,-34,37,118,-230,66,-105,82,-105,-22,-127,-26,-26,-73,-61,-87,108,-11,47,-38,37,102,44,75,-95,74,-21,20,86,53,-157,-123,120,149,66,80,97,-20,-38,-40,70,77,-11,-72,93,71,-12,-66,-15,89,92,14,-65,32,-20,117,-14,-12,-120,-2,24,30,-19,-25,-3,194,-89,71,-27,49,-11,35,39,135,-46,17,65,-52,39,-82,0,-51,-5,16,24,38,-22
47,-26,174,-60,-146,153,5,-134,0,61,94,-71,8,43,-19,-27,-73,-63,2,86,95,39,104,12,10,-71,73,-51,169,38,96,37,-158,75,-105,-89,-106,-44,55,-69,-46,-133,56,-60,54,-15,46,89,27,-7,-143,22,1,-66,56,-12,-167,-45,65,-22,154,5,96,63,-26,-94,113,-139,91,-28,-41,-85,-124,-165,96,4,75,-58,76,104,122,-13,121,-35,187,167,2,-101,82,-11,-137,191,79,-116,84,21,14,-74,97,6,77,-61,46,-80,49,-21,-105,33,-39,-120,110,88,12,129,60,24,39,35,-126,10,91,-62,61,138,56,-47,-13,-99,-55,-63,-120,123,62,22,38,152,0,-53,7,-80,-54,112,-59,22,40,144,17,-135,10,9
-2,-29,79,-55,20,39,-73,-110,-57,-34,126,58,74,-13,-113,70,-114,-12,-70,-56,6,114,56,45,-7,-58,-53,-67,-47,-96,23,-77,-17,107,-47,-21,-52,90,45,-51,-5,42,100,79,133,-142,-87,-18,147,40,11,42,100,-85,-229,-3,57,1,14,26,-171,16,45,15,-68,-50,-132,100,-94,99,83,63,-70,24,-36,27,120,230,-31,-170,23,81,-14,53,-40,46,54,28,-9,88,-74,-24,-171,8,-81,-60,-110,-87,49,6,-68,-33,-13,-27,-108,-62,103,-112,98,0,-26,-20,75,-136,27,-26,15,-1,50,-46,0,-20,-11,42,-31,32,-43,-125,210,132,71,130,-81,-39,-46,-47,-123,205,-54,64,-17,-18,9,97,12,-49,-11,116,13,-76
54,56,-49,86,-18,-6,-170,91,-34,63,68,-74,50,117,133,17,-42,127,-52,50,63,1,-116,-34,48,26,72,59,-71,39,107,-14,-12,54,45,-33,-160,-41,52,129,6,62,12,138,-75,-57,89,118,-107,56,-29,-109,-40,8,-24,8,125,-36,-138,-55,-11,38,-42,-33,-59,23,-41,-188,-147,47,-98,47,-17,130,-10,25,127,37,62,-32,6,-18,-44,-39,-154,-190,-56,91,-36,-4,95,2,-100,-78,67,-61,144,98,-49,-23,-14,45,72,31,124,88,65,49,205,-59,-14,-110,-110,80,-13,-14,-97,69,18,31,98,32,-41,-93,53,-78,94,149,37,3,-10,20,-54,99,-124,-41,-91,53,163,18,84,204,-189,-32,140,-15,26,-4,121,-55
15,89,-140,-17,-56,-80,-60,-20,1,91,-45,-59,-121,126,117,69,-33,62,21,36,-31,-4,100,-9,-41,-177,-56,133,-59,-96,2,-6,-115,-38,10,-37,-51,61,-95,-37,82,7,44,-46,-172,2,58,-34,-42,-114,50,-57,-105,89,91,54,149,-98,163,121,53,-142,-77,42,198,-20,41,-74,-63,19,22,61,197,17,-62,95,28,4,53,-91,-67,58,42,16,-89,30,-12,-101,71,-62,178,77,-6,-80,-78,-84,18,73,55,72,125,99,15,24,84,65,-40,82,-1,45,-205,44,-31,-10,-17,-61,-49,25,35,1,28,-41,-2,113,-79,59,76,-7,-21,-109,41,108,-100,-23,24,-33,-15,106,158,-4,-197,29,-4,9,6,-59,14,-65,36,-11
35,74,38,-44,29,-75,-42,97,93,76,-126,-35,-56,-15,59,35,54,-49,70,80,205,70,4,16,-24,42,49,-66,85,-19,-93,-72,77,42,-8,-28,-5,34,81,133,-80,83,9,-73,28,-79,21,-33,112,-22,38,-25,82,79,-36,-6,64,17,-15,35,-12,84,-8,-46,-68,-62,-79,-8,2,81,-1,-207,-22,135,-73,46,6,-62,-50,-5,47,-3,-29,20,47,-11,-7,111,-35,40,63,27,-12,-73,22,44,0,52,55,51,-17,-75,-75,56,-5,33,59,-72,-25,20,22,-14,-39,42,-195,-18,2,79,66,-40,-1,74,-86,-5,-43,-33,25,103,70,-43,-8,3,32,18,-63,-66,-36,-33,6,-60,51,26,-67,67,74,-16,100,99,-44,-2
11,70,-39,-28,-77,5,47,-64,-41,156,32,183,48,-102,26,62,-102,-58,158,226,-36,133,-90,-66,-9,8,-3,-96,107,48,51,-112,44,-35,-66,-116,-11,-76,-73,171,77,-10,108,159,42,-61,-14,50,15,154,-31,121,-79,-105,6,38,-14,-99,-193,53,-95,-3,-66,-21,56,-12,-89,63,-141,94,14,-94,28,-36,109,51,62,-59,161,-85,129,108,-28,-28,-1,22,-34,205,34,47,-86,-52,81,31,207,-14,-111,-32,-65,46,-10,-26,161,43,-108,-157,237,-7,-13,-168,39,92,-144,39,29,59,-156,28,-49,113,-22,18,-105,-49,-16,-4,-140,63,91,93,-109,-47,-28,49,81,32,-253,32,-38,-45,49,126,53,-88,160,14,40,21,17,82
-30,-132,128,-127,13,68,-171,50,-83,51,-66,-49,-137,-32,32,19,-50,23,-31,96,140,-7,8,-40,-69,-175,45,-171,-124,43,38,4,-210,2,96,-113,14,117,-14,9,-90,-84,103,-25,26,-4,-93,-3,-57,-85,-19,76,20,-26,64,4,-26,-6,-24,-42,61,-28,54,97,50,44,77,-43,88,-64,42,-68,-145,-58,-54,30,80,10,-62,-26,-104,-76,99,-46,23,96,47,-42,-55,-3,-89,14,48,-29,-65,73,0,-53,119,35,88,142,41,-118,6,207,-57,-64,-41,112,-7,15,4,5,156,97,51,-125,-21,-81,37,-7,186,85,26,-171,16,-57,-9,-27,-168,-49,7,-200,-33,35,118,-81,28,-62,25,-71,-108,46,77,-96,104,-21,44,7
27,-9,-49,11,64,-67,-37,54,-10,-62,-187,-2,-92,-27,89,-88,-8,41,-120,95,152,134,41,4,-45,-1,113,-58,58,-88,-11,25,-6,69,-31,119,-20,-24,4,-85,43,-23,20,-75,-14,63,22,73,86,20,-25,138,-27,35,41,-35,74,44,35,-4,51,89,-40,205,-29,-72,-77,-23,40,-3,-43,-50,-84,151,18,-102,2,54,-63,37,3,3,99,44,13,109,31,58,36,113,-108,101,-23,-86,-13,111,34,-44,-18,-11,19,-48,42,4,12,181,-35,-102,-120,-75,36,-40,113,37,2,-24,44,-15,41,33,154,-6,13,69,-12,8,-8,-111,-18,88,92,27,117,-61,-35,-9,51,-106,-112,-65,37,-57,100,10,-75,-5,30,-38,22,9
59,6,25,-23,-236,248,69,-25,-150,125,3,44,97,65,-80,-114,-100,-45,-21,-54,-42,-70,15,-18,78,0,84,-69,27,-27,115,-53,75,-18,-33,-95,-42,-47,-52,-26,-90,12,-80,142,195,-42,-182,38,57,153,28,53,-40,-212,4,-5,-135,-88,-98,4,-104,67,24,-17,15,144,-9,46,70,-4,26,6,0,-16,-9,65,102,-67,79,-33,111,198,62,-66,97,-18,-96,64,181,97,-140,62,-64,1,175,131,-53,-86,-75,23,-35,-10,158,-62,33,-73,-76,34,-43,-45,24,23,-155,103,14,48,64,49,-64,43,176,3,-64,45,89,71,-48,44,36,-233,-4,62,42,-19,-163,-12,-59,-40,-98,56,136,42,-98,84,173,-31,-33,-88,-77,69
18,27,58,24,-93,3,76,178,-38,104,-52,-184,-25,31,108,-9,47,-9,-13,32,-67,-12,138,-17,66,-103,5,71,-58,-57,72,148,-36,6,-7,119,-103,29,146,-3,25,105,24,181,6,80,-50,-76,-122,-123,98,42,21,27,90,-7,89,79,194,13,21,17,-125,-115,68,40,-47,-86,86,-151,135,56,-30,-18,-68,-5,11,-29,55,-22,-86,-42,22,64,-135,-57,-173,89,-164,39,7,-24,-39,-168,106,-30,47,-24,231,-39,73,-27,77,-74,64,-28,-97,72,46,73,-93,-43,-126,-22,95,45,134,33,82,62,110,-73,168,87,44,3,153,-68,-199,-83,54,-117,31,27,91,6,-134,59,62,231,-174,-97,-54,-15,41,109,39,23,82,39
123,34,-126,-61,136,75,12,28,-105,-58,-24,67,-54,77,64,1,-16,67,20,-7,-64,-81,51,-50,145,22,-120,-64,-188,101,-72,10,37,-153,46,26,-142,-2,-62,-41,160,95,-188,60,95,-71,-48,51,96,-70,-41,-65,90,-89,-78,-1,104,-43,104,199,29,97,97,8,-33,-179,-66,117,10,54,9,142,-8,43,16,29,121,-15,120,107,-150,-17,-16,135,20,-25,100,-2,45,29,136,26,-50,15,-47,-52,-84,-39,-15,-4,23,156,55,-202,60,-8,-140,11,201,-20,-77,-52,-42,-178,-57,-52,-8,59,178,70,-47,-52,-16,-25,63,112,-95,-64,112,-40,53,77,-85,-185,-89,-48,-84,27,131,31,-17,58,4,55,-44,-66,-171,-29,-29,-2
