-42,-63,-90,83,-72,97,42,-83,-8,-2,-83,38,32,-43,44,57,-21,125,-61,-75,-31,117,-125,-67,104,-111,130,163,12,-40,81,-30,-89,-91,55,20,-36,16,-33,-23,-86,50,39,-47,33,-100,-60,-57,61,-132,-106,-157,103,-3,-50,-117,-81,-113,-20,-220,109,96,-60,14,60,47,-139,-160,68,115,-51,-1,29,-40,-52,-13,70,-81,24,-106,-129,-41,-78,34,78,-32,46,48,-27,71,70,9,-22,86,22,-86,37,58,-122,52
81,-79,-10,-56,-74,204,28,2,-40,60,-96,1,55,-54,62,-46,-76,-83,8,58,-28,96,-172,61,-37,-97,53,35,-18,99,115,68,35,-151,91,46,-36,-88,-61,-19,-88,13,145,19,-17,-86,-9,-30,52,20,76,-16,-30,-45,-17,-29,65,-61,-76,19,-41,107,169,-33,89,-14,14,-6,0,51,-31,75,40,-144,93,2,-124,-62,-44,-22,-71,-12,66,-53,113,87,-37,-40,-77,-51,78,62,-90,27,11,39,81,47,12,-21
-20,169,-11,17,-55,-19,-121,0,-31,-103,-56,-160,20,-22,6,91,-91,65,-9,-43,-65,2,11,-30,-29,-9,45,-47,87,59,24,-38,-95,33,-66,-37,35,-15,13,-8,77,-51,-132,12,58,-11,100,85,-92,23,-124,-116,-92,-10,-38,-37,-27,-65,4,88,122,-49,-129,6,-18,10,-6,-62,-48,82,-112,10,-64,179,17,-21,53,7,-25,-25,-74,162,78,90,-71,-5,42,47,40,80,-92,-29,32,-110,8,-49,-57,88,37,17
-108,-74,8,54,-56,136,14,-104,43,37,72,128,-39,68,91,-94,2,41,108,-81,-12,169,-64,2,-22,-50,-20,17,24,-27,93,26,-135,-60,98,74,-71,-115,70,-127,-47,-177,39,-31,-118,45,-58,-28,51,55,4,113,126,-114,119,-85,60,161,76,-6,-45,6,18,18,20,140,-63,-105,-100,34,-159,112,28,-9,-38,117,32,-155,-180,81,-37,1,-64,-51,107,-16,-30,0,46,-135,-49,-15,-146,-1,6,-11,112,62,-29,-78
27,29,-157,70,46,84,43,104,-47,-72,47,48,42,-180,-3,57,-68,-38,-17,17,92,-12,31,23,12,101,22,40,-43,-63,-20,-91,118,0,66,1,62,82,-16,127,3,120,-117,-109,-54,-23,47,98,-34,-79,-25,-147,-74,81,-9,-28,-38,-128,-118,-28,21,-1,-17,101,72,-75,36,11,-87,-24,95,-88,149,111,-147,-50,108,121,-125,-135,23,24,14,-28,52,-60,88,20,-1,-46,-19,-133,-29,-61,-102,-53,-16,-74,48,22
-44,-41,63,-14,122,-29,-11,8,68,-27,20,-50,14,122,-42,59,184,-44,55,78,170,112,76,-13,-47,9,-93,6,22,-42,0,-5,-20,-36,60,-77,34,-38,90,77,27,-75,62,86,28,46,12,109,95,48,51,112,46,-1,180,38,52,67,31,16,6,84,99,111,0,35,23,-49,-21,-59,54,-134,107,34,-88,9,-136,-60,-84,114,43,38,-82,-45,-49,37,45,29,51,-58,-100,-68,-31,53,30,26,-94,96,33,-46
51,8,37,-28,24,5,42,45,-24,35,19,8,-23,-20,74,30,-45,34,-48,-56,31,-65,-13,-10,43,-109,2,-42,23,-165,-50,-19,34,72,-180,37,98,-22,6,-35,-138,131,-24,-87,35,-77,-41,-9,-57,-54,-66,11,32,52,-7,-41,-4,7,98,-59,-70,-174,-57,-110,-37,15,25,51,127,17,55,-116,17,27,-67,31,60,44,22,77,-110,-124,39,-55,-53,18,-35,15,-67,55,58,-34,26,7,45,36,58,-80,-88,-102
-31,-42,43,-68,-18,-13,-34,159,-108,87,17,-9,-38,-44,-96,-43,-6,16,180,-116,-55,-63,-54,-92,-8,-133,-28,-7,103,-26,-23,-85,16,10,-25,9,69,86,-33,18,-135,62,-156,14,51,-100,-75,154,44,53,163,11,-29,3,24,-17,-40,-7,-64,-98,171,-52,44,66,39,-3,-58,-33,-81,13,193,-53,61,4,-119,34,46,-121,-74,80,-58,107,-107,26,-40,11,196,76,40,22,-9,-24,-159,-143,34,-38,3,16,6,-28
-31,-2,-5,-54,-42,-95,-16,15,52,47,25,120,39,185,1,4,-4,17,40,-42,-26,-57,49,30,-20,112,-25,11,-101,-142,-45,33,-66,-27,-109,42,19,43,-73,-63,-24,-58,79,37,12,36,-92,56,76,-23,0,-7,-84,-13,35,50,52,-5,-44,-4,15,74,54,-22,17,65,-97,-25,90,-20,15,-86,-66,-53,19,101,18,22,111,3,119,-87,-67,-54,57,40,-23,18,123,-24,-19,-163,1,216,16,64,-19,-77,-20,-24
108,211,-127,5,-46,-75,-128,-1,3,-37,26,-101,62,-93,-32,12,-31,-94,-51,14,-97,-22,17,33,-18,106,-9,20,25,-30,-47,-13,-2,29,-14,-31,22,13,-30,-52,72,-88,-9,24,41,-17,55,86,-95,-19,-7,1,-16,-6,12,40,71,-34,-15,101,-31,-51,-161,-17,-27,29,-7,-35,-78,-33,-49,-27,-10,118,-47,-6,62,15,116,-50,5,-2,-9,51,-114,-41,-21,34,133,-100,-52,-12,116,-62,0,76,-32,26,89,52
42,52,-13,77,102,-107,19,80,80,-57,181,27,19,-47,56,19,-75,34,92,-55,9,24,38,58,9,-60,27,-23,38,-82,-11,-6,-65,-54,-102,-15,-55,-76,17,-1,58,-24,0,-11,-53,11,19,62,-25,-67,-99,-154,-44,-2,16,-70,-81,-2,-31,-42,-24,-90,15,25,32,116,-43,-65,52,-49,-5,-33,79,124,-48,29,59,-9,-80,-37,-115,109,95,-82,58,-34,12,-67,0,4,95,43,-5,-73,-94,30,32,-80,73,-76
111,-30,132,83,-38,-16,-15,129,-60,42,31,74,-23,79,-2,-40,-28,11,12,-24,-36,-16,105,59,-119,-40,11,-139,-64,65,-49,23,-213,16,-86,38,-58,5,-201,-70,71,-21,-64,18,14,13,24,53,38,18,-3,33,-58,-79,-119,96,29,110,1,145,21,-126,-88,-55,-208,26,-36,50,21,-43,25,183,-13,42,175,19,84,83,-25,41,-15,81,-22,-19,27,9,-90,-74,129,55,7,-51,-22,-30,-6,-66,-7,-39,128,27
15,59,50,-46,-111,-1,-150,-73,-26,3,-47,-21,150,-33,4,-102,-3,-55,-174,10,-21,32,-43,-120,-55,74,-37,-98,-71,16,-52,92,55,58,-93,76,89,103,36,43,88,29,-10,49,23,48,68,53,108,36,-98,3,18,-15,59,-65,62,75,109,112,-66,-76,-24,59,71,-106,244,-83,-86,-58,-96,-110,26,110,-95,-100,91,9,-88,46,119,139,87,64,85,-39,26,66,-47,-88,-74,-58,128,-15,-18,34,-122,-64,7,-3
37,38,-1,-76,24,24,27,30,-16,-116,77,-47,-48,44,21,-26,-77,-32,-32,-78,21,126,72,17,2,-11,81,26,69,7,27,-7,15,-13,106,-158,-92,-57,-2,129,55,28,14,11,38,-16,-12,32,-54,60,30,-96,58,72,-34,-4,-126,-53,5,-27,36,3,-78,3,-41,-124,35,-15,71,126,1,-121,-56,-10,68,0,-27,63,-42,20,22,-14,-70,71,-99,-5,8,14,76,6,-55,24,-68,46,-117,-30,-23,11,111,6
-16,105,80,-28,-7,-94,23,55,-20,-24,21,-28,-13,-72,-48,-91,-39,89,92,-47,-11,-180,113,-42,-42,2,-120,45,37,-63,-25,-83,0,34,-179,129,63,138,-101,-110,-22,144,43,-44,69,-27,41,-109,-7,-87,123,41,-169,-69,-120,48,148,18,-86,-15,87,-41,49,-75,-126,-58,-1,44,54,-76,81,95,40,-14,17,-10,-40,-58,-68,-77,-104,53,78,-125,-13,38,-55,3,-26,125,95,-31,95,-79,104,5,45,-57,-34,-78
162,-135,-46,85,91,37,69,5,89,105,41,10,-107,113,-9,133,166,-33,42,-54,60,-42,14,-39,67,29,-59,-57,101,-68,-74,43,61,-113,15,31,112,-29,-10,43,-67,85,-54,-78,-71,-45,0,151,93,-116,-38,32,-113,9,5,25,102,16,-34,-10,94,-57,-10,-42,11,188,-66,54,-32,-43,97,7,36,116,-118,3,-96,33,47,-16,65,21,8,-69,10,-160,76,31,-2,-34,23,-86,-23,-25,18,19,-81,-93,1,125
11,-60,-75,-53,-22,57,-29,-157,-58,29,-17,-67,55,25,73,-52,65,-14,-27,151,-23,-21,-41,13,35,65,-17,-20,79,-48,-113,56,100,30,28,11,41,24,10,-36,60,64,27,-10,-120,10,-18,8,71,-3,-15,43,-41,10,49,-18,79,-20,-9,-89,39,-71,-36,-47,37,32,-1,-99,-54,67,52,45,28,53,-32,-3,-25,-29,87,59,8,78,25,-85,-103,34,77,-62,-35,-104,12,-89,8,12,60,-13,34,46,-74,6
127,-84,-41,-70,4,-12,-32,-96,39,1,5,-95,-20,95,-77,5,233,-64,-8,-8,-119,-8,-78,-61,49,-41,-23,-34,108,29,-49,10,43,-78,78,-20,72,50,48,-33,35,74,110,-4,-36,-56,4,69,-15,88,75,33,-19,50,107,-51,85,36,23,20,-5,8,-37,53,66,-42,-107,33,-11,-51,-18,-21,-93,-65,15,50,-90,-68,98,94,63,64,15,21,-48,-66,94,80,-11,13,-29,45,114,31,-8,6,-86,19,-6,101
-40,74,3,-43,56,110,-56,-23,60,-24,-20,28,13,68,-65,145,20,62,-92,35,82,-82,55,-3,-48,0,-32,-40,-12,72,33,34,3,-37,30,108,175,-31,-73,-108,111,-30,-55,-111,25,13,6,134,-55,-42,-22,-57,13,-64,9,64,75,53,61,18,-45,-28,68,-98,-146,5,14,15,-170,-121,-79,-31,22,-12,21,47,-79,9,89,-64,-60,-118,-75,-78,62,-34,10,-50,-8,85,17,-72,2,-36,23,-49,-30,-41,-9,-2
-20,29,-85,-96,-67,-50,18,-77,4,56,55,164,-42,96,105,-177,-105,36,-53,-127,-37,195,30,-49,88,36,18,23,-35,-22,18,7,-13,-20,74,9,-22,-13,31,-105,-80,-112,-67,-26,-50,57,-63,-193,39,-19,22,70,56,-62,5,-12,67,122,58,-54,-3,-50,3,-52,-53,87,6,-5,-4,24,-53,75,74,-33,-51,-23,-33,-116,-48,-34,-33,91,-32,-92,-23,-11,-19,-34,-16,-167,115,50,-118,-69,16,115,104,-112,13,-20
-171,35,13,21,32,4,6,-87,81,18,5,55,64,70,52,-55,-67,122,10,16,142,-1,24,32,-38,-21,-4,48,35,84,125,-73,-116,-97,77,-51,-32,-46,-106,-1,87,-6,20,-52,-88,33,-95,-81,58,54,-53,-101,-15,-73,-7,-8,100,112,33,-12,173,35,-44,13,-59,64,-121,-114,-40,81,-44,140,30,-96,-27,38,-59,-167,-16,-3,-38,141,28,-71,33,-11,18,-111,40,34,4,23,-114,29,54,-34,-31,20,-51,-145
-6,-17,92,-17,37,88,38,51,-11,152,-17,34,30,-51,57,82,-65,-41,26,-125,87,12,-33,-7,42,-12,112,-104,-23,-14,61,54,61,-27,-65,160,34,-67,14,3,-18,-6,31,-83,151,-63,-51,29,53,-78,39,-46,15,-7,-191,-4,-44,-144,-4,-158,-17,16,121,-59,13,-21,93,-52,2,-47,3,-102,41,-6,-55,-8,-154,45,-26,-64,-143,-86,23,82,101,-34,-64,9,-40,61,58,0,-95,-38,1,9,69,-9,-69,-24
125,-5,-130,19,46,42,-117,95,-24,-9,126,-13,-64,-48,52,62,-61,57,74,-6,-69,66,63,40,-23,-93,-42,64,105,8,-123,19,11,-39,10,-117,20,-92,9,-7,20,-109,-3,-14,33,34,-68,-35,-146,21,68,185,1,61,98,-39,42,-23,121,78,-18,-48,-26,-42,-136,34,52,31,-66,-44,-31,79,-49,115,3,32,9,-23,-74,108,-72,149,-50,-33,-74,-30,27,117,48,-105,-41,34,-31,-140,13,10,48,11,80,-73
14,79,3,75,53,-86,59,45,-58,43,58,-85,37,-157,72,-39,-90,-76,26,103,67,-38,5,-36,55,52,5,52,69,5,23,-70,26,42,84,-216,-139,-53,38,189,-74,129,-112,85,-52,-67,-13,-87,-76,144,-17,-50,84,26,-69,-150,-101,-41,56,43,-6,-79,-119,32,47,-33,139,17,15,108,122,19,84,22,-77,-142,45,1,-148,-13,15,-35,129,139,-19,-27,19,20,-5,-83,-119,133,-25,-119,20,13,-36,51,29,-60
-26,11,-83,-130,-62,32,96,-63,-90,-9,40,20,-104,82,-59,5,69,-12,87,-230,3,27,-33,-14,61,22,13,7,59,-3,45,-93,28,-4,25,-9,-38,67,41,-48,52,-21,-106,34,-8,18,51,115,-54,45,46,-184,-58,106,56,-19,-122,-37,-25,82,-14,72,-1,2,156,5,20,45,36,83,-108,-86,-223,81,-22,-78,-93,7,65,-48,89,90,-43,37,-55,-113,57,158,-23,109,-4,30,-21,1,-76,14,-86,-184,-15,54
40,57,64,-62,-84,-5,-68,-209,-35,-107,-56,-102,-24,-45,4,-34,-42,153,-117,-5,74,69,55,32,-33,102,29,64,2,25,19,128,-150,16,-24,-1,-24,7,4,-78,64,27,52,84,25,158,10,-4,133,-82,-178,-66,-38,-39,-59,39,41,-39,-3,6,-2,32,-4,26,33,-50,76,-142,4,31,-66,123,-24,119,31,-98,41,-86,-77,-48,96,153,-22,56,83,123,-35,-49,10,-10,-55,-62,22,119,99,-9,-89,48,-50,118
202,51,-41,-37,10,74,-124,108,-45,95,33,-67,116,34,49,60,21,-105,46,39,-38,14,13,64,-16,-37,-63,-191,80,100,59,81,-69,-61,54,-96,65,-86,-70,-147,144,-101,34,45,-11,-40,-59,264,-15,142,57,-59,18,-34,41,18,18,-101,132,163,-4,16,-40,70,-144,71,-20,-58,-137,21,-42,55,-20,-38,27,31,-56,-47,96,126,-45,127,-87,57,-109,-63,12,-45,164,52,-5,32,-16,51,72,94,7,69,166,-64
-51,29,32,-24,-28,-48,101,-164,-56,-19,6,-12,49,83,38,-51,60,-31,72,11,84,-9,-49,67,26,-1,15,34,-65,-12,61,13,-13,-60,95,-23,-52,-77,129,29,9,41,260,102,18,-9,26,-152,-57,31,35,-15,93,-71,-1,-79,38,-71,-76,-13,-102,177,75,-27,43,2,-33,-47,103,53,-84,-135,-82,-91,48,-14,-79,-25,99,-6,-111,-96,98,36,6,152,-137,39,-42,7,-137,63,45,24,82,7,-82,96,-27,23
-5,-26,84,107,66,63,31,81,52,2,-46,-30,-151,33,-50,99,-59,-55,-5,-90,-46,71,-109,-42,-120,-175,0,-27,59,-5,53,15,30,-95,-31,78,11,-15,-21,-75,13,-38,-90,-69,34,-29,130,65,4,-63,99,109,-21,39,26,52,17,108,-64,92,66,-101,-112,-17,-31,41,-43,84,7,-41,25,13,-57,94,-73,42,-30,-51,-3,-21,-9,95,-5,-50,-178,-59,-2,51,-16,88,72,-77,159,-70,-90,9,-22,-65,32,-17
-51,42,-84,-30,22,-35,-34,-44,-5,-108,135,-77,70,-140,20,-7,-17,89,-19,53,60,-126,128,35,-53,94,-6,-42,-84,-62,-61,-20,-56,58,-234,88,-40,-68,48,-58,13,-4,-25,-20,73,18,9,-84,-27,-70,-36,-50,22,26,-5,-50,99,47,29,-4,-73,-176,-23,8,34,-100,98,12,23,76,1,-8,-2,42,11,-113,64,82,-27,20,5,128,58,-67,45,54,-56,68,47,11,41,105,-10,-73,-43,-38,65,20,-134,-156
-28,-66,-7,93,-37,61,69,60,49,-90,13,-17,-70,24,-93,-66,-33,30,94,23,43,95,174,-5,39,14,-10,-47,57,-93,-35,-18,48,132,-74,48,-226,49,72,69,-38,-9,-119,1,-10,0,47,-81,25,-13,87,16,4,2,-73,15,-83,68,-126,-129,69,-128,-48,-62,108,-15,53,52,20,24,123,29,35,75,82,-44,11,150,-8,49,96,-37,-169,-28,-53,8,-48,-44,73,2,-10,-42,-98,-42,-105,-15,69,26,-53,22
18,-110,-152,-20,-97,42,-35,38,-4,8,-8,91,9,28,14,-131,60,42,-11,44,-7,-5,-68,89,13,-44,-35,135,-49,20,-34,-96,-18,-75,29,-39,-8,54,-60,-14,6,-9,85,-10,78,33,-54,-37,32,47,82,79,-101,82,93,-176,57,-13,51,75,15,35,-81,97,-10,-34,-21,-88,59,-6,6,95,-111,-53,-5,-32,56,-46,57,131,96,160,-30,-78,-29,26,87,147,50,-124,-188,-99,45,89,21,25,-39,-62,-32,-109
107,-49,100,-83,55,-37,60,-73,14,24,159,23,-53,48,-1,-36,42,-40,-55,-121,82,-9,133,129,-51,-14,-41,-101,33,131,-14,57,-178,-117,62,-51,54,-83,-36,-9,31,-38,34,-51,32,67,75,25,79,-68,109,55,-11,62,86,29,52,115,-4,93,40,-82,-75,-62,-98,24,-55,22,31,90,42,67,-48,-33,88,83,30,-41,48,-80,19,-2,-1,32,-6,-97,-89,91,129,-55,-60,112,-93,-16,-71,2,-88,-36,122,139
60,100,-146,-109,-169,33,-100,-101,-89,52,-36,69,130,-159,64,-94,-64,-71,-121,33,-104,51,-80,-31,-2,-23,4,81,41,37,-62,-56,26,-43,54,-10,94,200,-116,-44,-49,16,12,-82,-32,-7,-130,-11,-68,37,-43,-25,-28,55,97,2,82,-84,47,-15,-2,-91,-119,-130,-3,9,39,-136,-115,27,-93,84,4,16,-48,21,119,-150,78,15,-67,39,-56,46,-31,-38,25,-24,5,-148,29,-34,16,20,97,35,-7,-84,-9,72
-159,-11,-67,81,-10,-29,42,-70,145,-25,42,79,-87,112,-140,-19,-7,60,6,28,5,-7,-16,24,48,-11,-76,35,-47,15,-98,-60,52,-82,90,47,-89,-47,72,74,-87,-3,-53,-9,-20,-44,-70,-80,14,17,-8,41,43,-103,59,-115,37,208,-32,-118,75,-37,-136,-39,135,105,-144,-60,-48,20,-27,-126,13,-25,-78,9,75,52,71,86,17,-76,36,-67,23,-17,47,110,85,-68,-130,-31,-123,-49,-112,-25,-14,-25,-115,-59
89,-1,28,-23,-161,-64,-41,-28,50,-80,-58,45,94,47,61,-100,-116,-11,-146,-69,-79,54,54,19,-19,-31,-17,-19,63,15,52,89,-128,-81,-85,-55,-30,82,5,-13,-5,13,76,89,46,70,122,-11,44,-41,-48,-40,-59,4,9,-138,-17,37,-32,124,8,-60,-1,-53,-75,25,76,-31,52,42,7,63,-79,35,119,76,96,-3,110,-54,36,35,38,-16,107,44,-39,-31,49,-95,-77,-21,127,17,-15,23,-151,-59,153,99
-52,90,-5,25,83,-47,81,-40,129,7,88,-32,7,37,30,-14,48,-63,76,-76,112,61,67,49,-5,48,-16,4,190,-61,68,-95,50,-48,9,-19,-55,-17,22,126,134,-55,91,33,-35,-9,64,29,-69,-24,-3,-38,-71,-34,-31,49,-1,33,-51,-12,43,68,38,-37,-11,90,-9,-44,-15,-48,-67,-102,-29,102,-24,63,-245,20,56,54,-45,28,80,-66,-53,-52,-70,-96,8,-3,6,-42,42,-54,28,-7,-82,17,42,-114
8,72,-145,53,59,36,-71,-8,67,54,70,9,57,-88,6,34,26,-65,-72,130,-74,-100,-175,-26,41,122,-38,-5,-111,2,19,-53,148,-50,91,-21,65,-92,71,127,27,5,-79,-61,-95,-58,-69,85,-61,50,12,-50,20,-13,123,-82,12,-54,-7,33,-105,31,15,35,151,-45,29,-62,-147,43,-30,-68,55,-90,-48,-43,4,14,-35,16,32,-61,142,-5,20,-35,95,72,-55,-102,-36,21,27,0,-64,-26,64,36,-77,-139
-1,-103,14,-48,-75,171,-4,-58,-55,-73,-27,106,-114,41,26,-95,-36,82,-46,-70,-55,126,-19,74,38,-59,61,-63,-27,83,21,43,-15,72,125,12,-91,5,57,-130,94,-9,16,-95,-61,100,-124,-16,17,106,30,-41,76,36,-20,-30,-125,2,96,-35,-79,-16,-44,78,-45,-111,-40,-42,-21,28,-88,122,-96,-66,94,76,56,-23,-9,116,11,20,-152,6,-2,50,7,-45,24,24,-46,-66,-110,139,-85,-7,80,-61,-12,-15
-118,-22,39,122,-57,3,-43,24,84,-105,12,-43,-95,-41,-104,-48,27,-9,-53,-9,-68,-17,-37,-31,-1,22,-64,-44,40,1,104,142,113,-9,110,-29,-172,-105,164,68,37,-60,-88,76,-6,10,157,76,-55,69,-2,31,130,26,47,-119,-128,196,-89,88,-36,-94,45,37,42,18,27,36,-103,-51,29,14,-18,-17,78,28,38,35,-26,28,68,-98,29,71,31,16,30,-16,-12,-10,-109,41,128,-114,-142,4,19,19,88,6
-222,33,-48,-76,-12,-49,-113,2,48,-105,20,5,-40,97,-42,-8,72,169,165,-40,20,-14,53,-4,110,75,-37,-11,31,-71,-54,43,101,104,13,62,-81,-43,70,-174,33,-127,-35,-14,-7,46,7,12,-52,128,-74,1,-35,0,5,-121,17,123,29,-70,-4,-39,48,7,26,36,-86,32,36,-104,-113,-35,-44,-25,42,56,-18,21,-123,-25,35,-22,-12,-14,53,10,110,14,-1,91,2,36,-21,-63,-92,42,128,-54,-133,-16
-10,-64,-56,46,33,5,102,71,117,-118,76,112,-159,54,-68,47,-1,-41,21,48,37,75,-22,70,35,-90,2,13,-153,-25,-15,17,-36,-114,22,74,-83,-62,4,-58,-82,-21,-71,-19,28,-38,22,138,-1,-67,-35,-45,-15,38,52,33,-120,78,-65,-45,-108,-46,36,-51,104,32,-87,33,60,-68,-19,-98,65,45,21,-78,47,90,-12,55,-29,-80,-53,-151,85,-31,32,41,22,-15,85,-106,-38,76,-106,-20,66,-144,38,-31
37,21,-56,-44,-36,-87,27,1,59,155,66,2,77,2,-12,-142,150,-35,54,48,73,-29,-33,100,78,16,-31,-52,-99,-45,59,-30,-69,66,-16,65,50,-42,99,8,-44,-93,56,-8,131,-33,-4,81,48,14,13,16,119,-26,64,-36,55,34,95,-45,-108,-20,6,17,127,56,4,6,65,-109,48,-119,91,-68,-76,-71,63,15,64,23,14,-99,-32,-7,64,-32,-49,86,-44,-95,-181,114,-77,46,-7,127,-46,58,-121,161
-163,-35,-1,35,7,-33,82,-32,-39,-36,11,-18,59,-73,118,-11,-14,-86,74,52,-13,-129,47,-18,66,18,2,53,27,-41,-61,12,30,-34,-71,96,64,62,-22,-143,-57,75,101,-99,15,-68,89,-69,96,-102,81,102,35,72,-17,-124,116,-11,-47,-45,85,-32,-75,-26,-41,16,-52,111,116,60,61,-62,0,-28,-72,73,82,28,31,-185,13,-52,50,-86,-29,-45,-15,95,38,-71,33,19,83,-16,-51,-7,30,-71,39,5
31,133,-55,79,56,-14,-121,-40,-42,-23,2,-157,-47,-35,-82,193,19,30,-54,51,-80,-41,-46,-74,37,-49,-21,-5,98,11,-112,-28,-15,51,-58,-30,105,-46,69,-141,67,-33,-89,52,-26,26,-45,102,-60,62,-100,52,79,39,122,-151,11,24,82,47,9,-79,-222,16,51,71,-19,-42,-125,-4,-96,-5,-113,137,-61,-1,111,-83,33,71,41,91,-5,110,-167,-33,63,107,81,3,-62,18,108,-75,17,-3,-11,27,-46,-76
-11,-49,89,44,55,-144,157,33,60,27,6,4,-76,35,-119,51,141,-92,102,-82,-43,-23,43,-24,52,56,-49,148,23,-62,-12,13,19,-9,-66,-12,-37,76,-54,-2,-57,-17,54,94,31,18,10,49,59,-88,-17,85,-18,17,-1,127,-115,-52,-11,45,-29,72,85,-41,131,190,74,-4,91,-94,20,37,-22,52,-130,-89,-87,-84,7,-57,111,-49,26,129,-57,-109,6,1,-46,35,18,105,140,128,60,131,-46,-71,154,155
18,49,102,-35,7,-20,-8,33,93,-42,133,22,-14,-15,-7,-122,-63,-26,-73,-11,-25,-4,17,-29,3,38,-45,15,-52,-51,-9,62,73,-100,-20,81,-8,-103,-32,12,-102,-13,-7,-110,66,-35,77,-62,23,-41,61,53,-14,-89,21,-14,93,70,-27,-71,-121,-112,-19,-180,-8,-19,93,-33,14,-14,-40,-44,118,-103,26,-25,4,100,-132,-95,-30,-113,116,-46,-22,2,-47,-47,-44,-73,87,90,19,-88,-127,19,209,-73,64,7
-61,77,7,63,9,-83,-72,106,28,-71,-1,-96,-91,94,-84,88,-32,55,97,-138,-145,52,-115,-100,-78,-70,-7,82,23,-153,69,-50,-31,-64,-55,-46,-78,-82,62,-91,48,-134,-18,188,30,16,18,164,-38,106,-43,-47,71,-17,107,-20,-50,39,-28,56,-8,198,32,88,21,37,-100,0,-20,-38,-66,-117,-88,70,-86,16,-5,4,-41,13,-53,137,-21,-33,-89,52,82,-17,5,112,74,-17,95,-38,-96,-33,31,10,86,-61
13,2,116,17,37,-9,18,47,-13,39,73,49,29,58,-63,68,-24,83,67,-98,75,-54,138,-10,-96,62,-85,-73,48,37,49,67,-8,-31,20,-64,-66,-77,62,58,6,-71,34,68,-51,81,-12,-116,-34,6,40,-69,23,-132,-41,18,28,14,-67,-6,12,103,95,64,-117,79,5,-8,-80,44,-16,42,-45,-147,106,91,-62,33,-20,-53,34,-90,-40,67,28,45,-131,-88,94,166,37,110,-106,-41,-24,27,80,36,13,-84
67,-1,-92,27,-53,-35,-12,44,43,-27,-78,70,-43,79,-56,-13,-33,-21,7,-39,-37,56,-133,-26,66,-74,-66,71,-21,-129,20,53,48,3,7,-5,-31,38,35,-136,-88,15,37,85,52,-41,26,31,-28,-29,50,83,-8,-40,-11,11,-67,-6,-20,-36,-56,26,-49,-38,16,29,-50,-68,33,-14,-12,-51,-32,0,-83,-62,52,-73,97,59,-22,-78,-70,-9,-82,-29,66,77,29,20,48,-90,190,65,90,48,33,-17,-23,7
43,-2,-123,-39,96,-79,29,-103,112,-40,37,90,-93,96,-11,31,61,15,-83,6,17,101,-15,-29,5,22,105,93,-41,-2,15,-148,-111,16,76,-47,1,12,-1,97,-57,-67,-81,-10,-93,98,-99,-83,-57,-56,-73,-53,-68,-46,47,48,-39,19,-54,-103,9,-39,-43,79,26,37,-124,-64,1,31,-19,53,-26,27,48,66,-10,-97,44,72,91,-41,-123,-44,23,48,32,-82,28,-151,32,-67,-93,35,46,-67,-52,42,-138,-25
31,-41,82,67,73,87,-45,45,-60,31,22,-44,-81,62,-100,120,106,80,-43,-19,-12,10,19,22,-48,-37,-11,-72,78,15,-115,39,-34,44,-31,33,115,-56,-11,-59,103,10,-25,-49,21,-40,10,160,29,-28,-25,119,96,6,2,43,38,143,103,19,9,-87,-126,49,-73,-4,-58,22,-57,-93,-8,-41,10,54,-10,57,10,44,-61,93,36,65,-3,16,-84,-47,61,76,84,119,-52,-42,22,-20,-47,-73,10,51,-2,-18
85,23,-72,-47,81,63,145,35,34,11,75,53,35,47,66,-100,-35,-80,-18,80,77,84,63,-23,-87,29,14,-2,68,63,42,-116,51,0,67,-16,1,49,-54,87,58,52,101,-26,-76,-33,-131,-65,-41,107,34,-76,29,-33,-105,39,8,-27,84,-22,17,-71,-57,-29,-103,-106,135,37,-37,50,-20,-7,-2,-74,25,-86,-68,-41,30,60,79,59,-41,14,-75,-46,-75,-152,-15,-29,-4,31,-21,69,39,26,-113,15,-9,41
117,68,175,-82,-61,46,-128,-104,-65,-43,35,-44,-4,-20,67,-38,-49,-64,17,-149,-11,119,42,113,-20,5,91,-120,92,72,-25,218,-124,-8,-19,15,48,-112,6,-114,40,-91,130,-54,7,-20,92,54,7,-83,45,145,14,-13,-62,155,72,30,14,123,-107,-72,-10,-60,-54,-14,-8,-29,-8,-25,-136,-4,-15,93,79,133,-71,-78,-9,34,-34,13,18,120,6,35,-90,15,158,-82,-17,-8,4,-35,100,58,-15,73,199,23
-4,-64,8,87,-21,85,124,18,45,-51,15,17,-33,51,-10,-53,-84,-34,16,61,44,-39,-14,54,-79,-25,-61,30,124,101,77,10,-55,-80,110,-61,-146,-117,36,60,-87,1,59,65,-83,-25,62,-34,22,91,-15,-127,-13,-75,-18,-125,-70,105,-42,5,94,-51,-111,-5,-15,114,-68,-13,-37,172,-28,69,-39,-46,68,58,113,27,87,-55,64,-133,37,24,64,-46,-47,-82,83,-57,-106,57,-111,-57,-89,-1,-28,23,40,108
12,-3,62,-95,-88,19,107,-53,-23,-68,3,-162,14,-78,61,-45,-94,-113,2,-41,-61,-11,128,-23,-151,57,-60,-30,122,-55,50,51,-8,-50,-113,1,-31,81,40,-98,51,14,127,100,-24,49,63,13,35,38,26,-10,-5,151,20,126,32,-33,8,79,39,128,86,-17,-33,-108,99,96,-36,78,21,42,-57,42,-40,-26,-55,25,52,-15,0,100,-8,-40,-67,-57,-144,-109,6,61,121,-55,47,142,10,65,22,-22,200,12
-49,54,-86,10,-46,25,-58,-4,45,-58,-86,-84,172,-84,123,37,-121,-22,-31,216,-22,32,-2,25,25,-47,46,-42,66,150,18,51,-91,-21,-46,29,10,-9,17,-165,10,-62,3,46,-37,-29,46,-50,35,77,-84,-56,-11,-30,9,-195,74,40,62,43,25,-40,10,33,35,36,2,88,-52,5,-83,56,27,-16,74,10,56,-36,45,-45,23,73,76,-91,124,37,-21,-8,10,-105,3,54,-9,-24,-17,64,-11,10,7,-63
16,-15,52,-48,-69,99,-9,-77,-38,-44,-57,-135,5,-18,54,-56,21,-5,81,152,16,-92,-14,61,-85,-28,-45,-21,80,11,12,75,-7,112,-104,20,-24,-72,104,-44,-23,-6,191,22,16,-38,8,8,-72,72,-48,33,71,-3,-48,88,14,-34,160,40,-116,-45,-16,-52,-35,-64,92,39,39,49,-90,-23,-76,29,49,-21,11,54,116,140,-2,-91,-28,19,-4,50,-94,-77,-32,44,-81,22,8,64,132,24,-23,151,-79,55
89,-73,-13,-26,-55,16,-65,111,-92,136,-27,9,-18,-43,8,-111,-92,-18,48,-77,-31,-76,-119,-49,48,-51,-7,-42,-73,15,85,76,53,-8,77,-49,-62,-19,-87,15,-64,103,-34,37,120,-72,-88,21,36,108,161,9,9,-15,-130,20,-53,-123,30,-3,74,49,-28,35,-32,-139,7,-3,19,80,113,34,-55,-123,-44,-110,44,-2,-18,61,7,76,-67,132,-8,-26,66,91,8,49,3,49,-13,-6,57,-24,24,18,-26,34
49,-28,-44,43,88,-40,-69,4,17,-47,82,25,-25,-130,50,74,73,77,-137,-120,46,-3,-75,-19,112,59,86,-58,-34,-28,11,42,-44,15,69,-17,53,-66,45,17,4,56,-175,-64,29,18,12,75,34,-79,-65,-87,-40,-17,-5,-75,-82,-38,-30,-92,-36,-59,7,129,2,-40,-88,-95,-62,32,-1,-5,48,16,-33,3,62,-20,-117,-5,-30,24,70,43,77,8,110,109,-11,-38,22,-28,26,-46,-54,-111,69,-26,-45,-55
5,-152,84,78,69,15,-40,-42,-51,42,5,-26,29,-92,26,28,111,120,-61,8,76,-200,-18,77,24,-28,30,17,19,-62,-22,76,-83,67,-53,-28,55,-55,-91,37,2,137,-29,-99,-50,0,76,51,90,-116,-74,-63,31,34,49,33,12,64,44,-7,-7,-75,-15,74,-28,56,-146,52,81,-36,149,49,69,27,-63,134,118,78,56,-84,11,-77,20,-67,129,10,63,-39,-65,22,21,33,-6,-52,-26,-95,-34,-22,-47,77
-43,-26,-125,-8,-74,9,-66,31,-25,-41,-32,-59,-136,-1,-93,-8,129,41,71,-19,-38,82,-32,4,44,-132,70,36,22,64,1,-104,-99,80,63,-64,-46,-36,35,-23,-43,-150,-92,7,61,-45,-48,118,-67,49,-65,52,105,174,49,7,-95,93,32,-28,129,-74,-141,66,20,5,-165,-13,17,35,0,72,-45,38,58,-26,101,-104,32,146,-20,45,-227,97,-85,-86,113,71,108,6,-57,50,-134,-18,24,-23,16,117,-54,45
-23,66,3,-95,-71,-53,-104,61,-147,75,65,-76,128,-188,61,-116,-24,-19,103,92,6,-92,137,56,-54,91,-78,-57,99,95,2,109,-20,49,41,-77,-79,48,-118,-91,124,-39,-17,115,32,-2,6,70,-55,154,46,0,29,3,-86,27,15,-1,130,151,-2,-55,75,66,-171,-35,121,46,-103,-100,56,129,43,10,26,-62,-28,-26,-65,45,-2,144,-20,58,58,8,-11,-56,66,21,-32,73,7,-89,118,69,-16,17,123,-37
13,-83,97,-36,22,34,-88,3,41,87,-62,179,-68,158,14,49,140,-6,13,-202,-48,42,-209,-95,48,2,65,27,-7,-35,24,57,49,-9,68,15,111,5,-54,-25,-39,-64,-8,-175,-47,-33,6,111,40,-91,31,87,-67,24,-20,128,-22,4,-5,-30,-43,18,1,-26,-50,10,-98,-83,61,-2,-98,14,-50,-107,15,138,-85,-132,-71,-91,55,-191,-43,83,-1,-161,158,55,-9,67,134,-38,85,92,7,-38,89,-54,-58,44
-77,70,-45,-2,-147,-48,-40,-45,-17,-66,-222,28,69,88,-47,-13,27,-146,-68,83,-171,73,-104,-84,72,-2,1,-36,-114,103,34,-71,38,-87,10,60,12,168,85,-1,-31,42,83,29,129,-89,-14,53,25,29,67,-13,-7,-65,-27,14,31,-94,-132,6,34,66,23,-69,71,-48,-14,-47,7,64,-67,-98,-9,-60,89,-29,-97,1,141,14,-103,79,68,-17,-27,108,67,50,15,-25,-23,-4,80,25,-6,-64,-93,37,23,98
-192,33,70,123,19,-77,33,14,104,-75,-17,97,30,15,-5,50,-91,48,-47,65,-21,5,3,-85,-71,-68,-17,11,15,17,-58,-52,-81,-40,-155,115,18,69,-9,8,-64,-10,-72,-7,-28,-70,89,-60,5,-109,-102,39,-23,-47,-19,-55,-32,193,-50,-52,78,-157,-33,-111,-21,47,-14,-16,-4,4,-50,-47,75,69,45,34,98,-30,-32,-38,-65,-31,134,-74,101,-32,13,-6,5,22,92,-61,102,-94,6,-125,-37,-1,-48,-91
-35,-84,35,99,-129,157,46,-82,-45,-61,-102,38,-170,-6,-117,-38,142,82,-5,-17,-4,-25,-84,-121,-30,-20,-2,163,-73,4,55,36,62,-2,46,109,-3,-2,30,10,-133,60,62,-57,-85,-6,-26,-76,33,-93,-118,18,53,18,-14,4,55,75,-89,29,10,-6,47,65,73,66,-9,-23,-12,-59,-69,157,-2,-20,11,-57,31,-153,-71,18,109,-77,-98,59,66,33,-21,-43,-74,25,-37,-69,17,65,116,76,26,-35,-62,15
-121,47,-118,59,-63,3,32,-18,111,-140,-32,157,-92,112,-92,30,-154,114,39,7,-48,158,-24,-43,-69,-57,-57,78,-18,28,-136,-99,56,-81,27,33,-132,97,46,-45,-77,-74,-138,-10,-157,26,-37,-92,-22,0,-113,-44,-31,-15,45,-102,12,200,-84,-36,67,-103,-159,-109,74,74,-32,-4,-26,69,-86,-6,-15,72,-7,-56,165,-31,-24,-105,34,38,-32,-111,-7,-61,80,17,48,31,70,-43,-51,-39,-171,3,-44,-149,-116,37
-58,34,-145,104,-65,96,-14,41,69,62,-23,-33,-30,-9,14,-112,41,62,80,134,-101,29,-95,-17,91,59,-30,68,-55,-67,18,-90,68,86,31,96,-72,-48,-13,-50,-61,-91,-22,-83,-30,-134,-102,-35,19,86,-8,38,70,-92,-9,36,85,21,91,-90,12,68,-108,-30,102,24,-108,51,8,-1,-94,8,76,-101,-27,-80,33,92,-22,52,42,-51,-41,-79,-68,-38,-19,1,-47,-18,10,8,-66,99,-26,48,186,77,-169,7
-65,-96,97,-63,-68,37,-97,-24,15,-101,4,-11,-116,-40,43,-94,-25,1,23,-166,-91,30,-80,-66,-31,-102,18,123,-5,-79,60,142,43,-50,28,-59,-157,-105,-70,-111,-10,-72,51,59,31,41,-11,61,13,2,0,120,157,61,4,41,-96,41,112,54,-117,44,54,-7,-163,-63,76,-83,34,42,-36,55,-89,-5,-58,-8,-6,-56,-63,74,-68,-35,-158,20,-28,-10,76,-80,1,7,158,46,78,22,19,-35,120,-37,161,-127
-24,-27,-27,46,47,64,51,90,-6,50,-6,-100,100,-1,31,-6,47,-111,0,203,40,-69,3,-77,-93,-23,-23,-7,-110,43,93,-54,-19,-10,40,10,23,-36,-47,62,74,31,54,61,69,-59,-76,9,43,156,78,-41,75,-19,41,31,32,-59,94,8,70,129,87,87,-42,-89,50,19,-83,6,35,-16,85,-84,-58,-126,-48,5,-1,108,-59,40,-35,-44,-7,-23,-62,1,-52,-22,-63,-33,-59,82,33,0,16,87,48,-83
42,21,-11,-83,-110,-5,75,-84,-92,132,3,39,3,39,24,-28,-1,-45,107,-50,-124,68,20,65,-11,44,-65,-72,74,44,-19,47,-11,16,63,-39,-36,56,116,-49,-57,-55,4,10,-88,-16,-1,-100,-105,47,62,35,33,-68,16,87,66,41,60,84,-72,17,35,7,63,131,-23,110,-8,-6,-55,41,-5,-30,0,62,-80,-23,-5,11,-21,-41,60,-29,3,-21,-99,79,-1,42,-42,81,-116,18,-2,158,41,-13,-3,62
22,3,105,-50,-42,2,-146,-64,-53,63,-29,-9,41,99,33,-87,-132,-88,68,47,-61,-10,-44,7,-58,-8,25,-157,-47,-16,31,191,-30,-37,7,25,-56,-143,16,-50,-55,-5,76,43,-41,-65,8,58,16,64,89,92,126,-124,-81,87,121,109,-32,49,-56,-116,25,-46,-44,-35,-39,43,-28,-2,98,-59,91,-14,29,117,-24,27,25,41,-55,-13,-18,-11,105,134,20,-138,112,-99,43,27,-86,-169,49,-38,-30,149,33,36
57,40,-95,-45,8,-142,82,45,57,51,-23,206,32,111,16,-80,53,14,-44,-39,44,139,-44,130,113,98,-13,16,-90,41,-21,-129,24,-41,162,-116,-21,66,46,107,-58,30,38,-30,55,-44,-86,-67,-28,0,-8,-27,-62,-94,-118,-43,-34,-56,29,-35,-57,9,-82,60,-33,30,-46,-115,126,18,10,-69,87,-133,-36,-75,-55,-24,2,6,-47,-14,149,23,-46,30,73,67,33,2,-148,29,-2,104,3,88,-82,1,-56,61
92,24,18,110,4,-25,-56,29,-51,81,-45,-80,-55,-88,7,-13,63,-35,-96,141,49,-55,-65,-73,-23,55,-119,96,-15,-35,35,-25,-73,-7,-37,-91,-16,-58,42,-22,-77,23,-73,78,83,26,-18,71,103,64,19,88,57,-5,83,31,89,42,110,122,-79,-33,-77,2,-36,31,117,-9,-62,12,69,148,94,72,-112,-164,-13,-46,-51,26,41,88,16,-40,-52,5,32,35,-5,-140,-36,23,46,-56,79,16,14,-21,-11,6
93,-36,-34,-2,-17,125,30,12,-33,90,-58,-67,68,-43,-46,156,111,-233,-83,-54,45,-85,29,-123,110,40,32,-115,22,-4,49,68,89,88,-39,42,104,31,42,54,-36,105,-59,-49,69,-43,-26,105,28,6,49,-55,19,77,21,39,-9,-72,2,-20,26,-21,69,-20,169,35,100,59,-112,26,-6,-41,-34,-2,-53,5,-109,25,51,34,83,-199,-75,114,62,-202,-37,159,22,-56,-14,37,-97,45,-50,65,70,-105,38,-7
-61,23,43,-42,199,-164,99,26,109,94,24,-94,-52,-5,-106,45,-30,-98,15,47,-26,26,-28,-13,9,12,-89,54,-70,77,60,-60,41,-101,111,-43,-35,-43,-17,97,-46,-11,-39,183,51,52,-49,-31,77,105,60,21,-65,-80,96,-72,-107,-33,26,24,96,122,103,172,196,93,21,-39,14,-59,100,-44,91,1,-209,-78,-99,-109,-160,23,28,117,171,83,4,21,37,44,-93,-52,-64,100,-28,3,-15,128,-87,57,18,-13
152,-3,35,62,24,-6,136,50,44,10,46,98,-41,131,-31,-19,86,4,2,-71,59,64,5,63,42,-30,-94,-78,20,36,-12,-58,2,-70,-7,23,86,14,104,-5,59,4,175,17,33,-5,19,67,46,-87,10,17,-1,-54,-53,-31,-45,-81,-23,-29,-60,123,-60,-65,-89,15,31,-78,37,33,-93,-98,-78,-67,83,-71,-10,54,112,13,-25,9,40,22,-133,-48,-80,4,24,127,-30,10,112,111,28,-14,-63,6,42,81
-60,-32,226,39,4,15,-11,32,-27,-51,17,-168,-33,-75,12,11,101,20,121,8,71,-101,124,30,-11,-15,-16,11,98,19,63,61,-73,-19,-13,-101,-18,-62,-40,42,35,0,17,-44,-11,-52,102,119,24,45,16,-22,76,104,67,205,10,-14,63,123,-30,174,102,-14,-53,-27,-49,181,38,-64,24,-19,46,-3,13,42,-93,134,13,-42,-9,-37,-52,-8,-1,-10,-53,-102,-33,117,31,44,-39,31,21,-21,-7,0,236,55
67,52,160,-46,36,-58,37,44,69,94,4,-51,-66,-4,0,-71,-19,0,-47,-91,47,46,-18,57,-12,-21,-43,-137,10,56,95,-44,-41,-38,11,11,-2,-38,20,-11,-17,-79,-20,-32,145,-15,45,60,63,12,78,33,38,-37,-83,65,-25,-51,55,-21,-27,35,-152,-56,-113,-94,17,4,77,71,25,-69,-33,-116,30,-52,-12,103,55,-37,-22,-20,-10,96,-182,-2,-102,-52,10,149,16,87,41,55,-23,-8,-18,85,-49,127
108,-45,-63,-18,102,89,-17,8,-111,116,93,8,76,1,5,81,79,68,49,92,126,-95,62,67,60,-4,3,-45,110,88,-136,45,4,62,35,-38,123,-40,-46,-100,48,64,-8,-87,-92,-47,-109,-85,-32,95,105,15,29,-7,41,-35,133,33,149,15,-52,-76,-57,5,2,33,-38,137,-87,-77,-14,30,-35,-79,-15,17,-32,-47,112,40,119,30,-27,15,-25,-38,-6,113,41,-10,-63,89,-71,-53,58,81,-21,-76,-67,-31
-7,48,-119,-53,35,-95,22,-43,-4,-32,-3,-47,53,-102,8,106,-56,-146,34,172,-50,38,-21,62,125,-42,44,-83,-74,96,-140,-60,81,-36,96,-58,-14,11,106,-34,-97,-25,-155,39,-106,-14,38,-66,-114,43,-22,35,39,40,88,-189,-21,-52,-54,-21,-123,-20,-65,23,153,28,-11,85,-27,16,56,-100,58,7,-30,-47,85,97,28,-26,-63,-58,67,-27,-49,48,47,38,10,-100,32,97,-73,-126,-83,26,43,4,18,-75
-42,24,-43,-42,-98,16,-121,-25,-33,-19,-93,128,86,71,35,-121,-41,54,57,-83,89,192,-89,-62,131,15,4,97,0,-88,-11,37,134,77,56,-96,-98,77,16,119,-24,44,33,70,-23,14,-72,-34,66,16,-33,4,-32,-69,-37,-47,-57,-50,-24,-68,5,61,59,-17,110,-8,129,-206,62,58,-63,-93,19,32,-43,-68,-54,-101,-157,58,41,41,-37,49,47,38,149,66,-13,-69,-22,-34,-13,27,62,11,-32,-30,-82,-77
-106,-77,40,-71,96,-79,83,-21,36,142,10,53,12,5,-6,36,-66,-75,133,-2,21,-5,-46,33,-60,-86,-10,52,-46,110,71,-2,-47,-77,114,-46,-44,-1,-19,11,17,-77,46,97,24,52,-7,-93,-43,44,117,92,23,17,-5,9,-108,-20,83,3,18,164,119,108,14,-16,8,-10,8,-58,48,31,-10,-49,-116,-4,-65,-123,-77,-18,-67,-28,11,51,119,-110,11,73,-37,37,4,78,-51,-4,57,2,-42,77,-7,-50
151,-2,36,36,92,92,26,10,96,57,3,25,19,-38,98,-46,27,16,-60,-56,226,116,-107,169,17,31,101,-106,46,68,140,45,-22,58,77,-33,67,-150,63,69,101,-90,66,-1,-100,41,-28,76,110,-36,-35,2,18,-12,-46,61,-46,-38,-26,45,-95,98,81,32,31,-33,24,-19,-56,28,-31,-3,-40,-80,71,-9,-62,-109,120,40,132,-20,-12,99,-33,64,-91,-114,-35,-80,-67,0,14,146,95,67,-139,96,-4,23
21,-35,14,19,29,-21,11,-6,19,83,-80,79,52,48,75,-31,82,-116,7,0,42,31,-58,28,72,-1,-36,-97,46,27,-44,0,64,-36,37,63,60,75,-28,-48,35,81,59,-34,-12,-54,61,92,113,-66,19,71,-73,-89,-108,-34,82,50,2,4,23,-58,-28,31,-107,82,-28,-34,25,-58,41,-42,92,55,-84,45,-108,0,12,-9,-80,43,113,-126,22,-50,84,-8,18,-53,37,-60,54,-76,19,-8,-81,-58,12,-13
-122,0,-120,24,33,-70,101,37,33,76,-47,102,42,93,21,-47,17,-112,95,122,24,149,-9,45,42,200,-102,-9,-2,-15,-59,-25,185,-6,79,19,-82,80,64,-4,55,-117,-47,129,-81,-11,132,105,63,11,-54,88,-1,-19,-74,-86,-71,61,31,100,-34,-29,-7,60,64,117,182,25,13,-92,54,-107,129,145,-173,-176,-76,79,-76,-112,131,127,146,-28,-29,-96,133,-38,-28,-58,-43,-18,132,-65,-30,102,-150,-7,12,117
16,63,200,58,37,-101,-142,-100,68,-6,57,-98,4,-112,77,-60,-45,-52,-41,72,-79,-146,4,-103,60,78,-37,16,-13,-12,-48,190,104,-40,-1,-77,-80,-98,-42,18,19,98,22,-82,-45,-13,-43,-108,18,26,39,126,66,-28,-51,70,70,-25,92,43,-123,-78,-29,-161,-81,-50,134,-52,-17,-6,11,118,71,-38,-46,-47,-67,-34,-62,-33,-59,-86,118,79,-37,-28,-13,-84,-41,-74,98,114,141,-41,60,31,115,-33,129,-80
74,-53,-18,-56,-66,-1,-6,-74,-107,11,68,-1,-74,41,-33,65,-42,16,-86,-78,-168,41,120,-61,-28,-14,61,-119,-5,-9,-122,79,-79,95,-86,-6,-8,-6,50,-25,-36,-41,-139,-7,-37,88,-90,-49,-82,-8,-121,-1,84,58,36,107,-58,62,56,-73,17,-192,-55,-85,23,67,10,13,-71,68,-25,126,-34,95,67,38,114,36,-17,93,-42,34,-82,71,-14,-60,-43,-35,34,5,96,77,-189,-44,-72,-23,161,-21,22,86
12,-47,70,-22,-81,-27,-28,-51,-33,-96,-44,-119,-80,-70,-10,-90,39,24,-43,-74,9,-118,56,-13,9,37,9,28,-45,-7,11,92,87,69,44,-31,-58,-14,13,107,77,89,132,114,113,97,2,-94,-23,27,-5,80,-13,39,-94,112,-36,-103,-50,-11,0,229,174,-61,-119,-172,57,25,-10,-15,-6,38,-137,-10,102,-58,-47,110,65,79,-74,-41,-20,70,23,94,-105,-53,-108,6,-37,-30,46,19,77,-96,4,29,122,67
89,-43,-33,-36,1,52,-92,95,-38,-8,-89,11,73,34,-12,92,130,-75,3,77,31,29,-33,-24,17,-41,-5,-66,-8,-67,-93,7,-1,96,-119,54,80,39,8,-80,-81,1,-16,13,66,-52,-80,119,21,48,25,38,-77,-57,70,135,52,-14,44,-53,-100,-65,117,-35,21,48,-7,-22,-71,-63,-36,-57,83,55,-21,19,-96,-4,67,195,-82,-25,-63,-96,10,63,66,19,22,-74,71,-96,-64,2,71,13,86,-31,-18,-63
15,11,31,17,41,-36,110,53,-127,37,22,45,-81,-17,-87,20,93,34,-43,-169,74,-47,-24,-21,-95,-56,4,-66,-50,41,-4,-166,-42,58,-54,67,127,95,37,37,56,44,-71,29,57,78,-67,24,55,-39,34,-70,-27,-3,39,81,-8,-1,-113,-11,85,40,19,63,-25,1,-37,-5,-66,45,12,-22,-104,24,-20,-42,35,-88,86,47,-38,179,-19,9,-140,68,-58,60,-45,83,-19,-20,-46,-26,-13,-46,-97,-99,-35,18
5,-56,-7,13,49,6,-13,-18,-27,71,-36,74,-28,1,-127,103,140,-70,-10,101,-12,14,-114,8,8,-88,-64,90,77,-39,-148,17,96,11,119,-74,86,138,-79,0,-14,76,-45,-13,-118,-35,-51,186,-24,-31,-10,141,71,46,139,97,-39,92,15,-48,-54,-58,-85,-23,49,86,-78,-56,-69,-119,80,-58,57,15,-102,80,55,-100,23,95,59,-163,-113,-16,-87,-80,171,30,34,9,31,-97,86,84,36,-35,-20,-42,-24,4
29,-15,-43,68,181,-100,215,70,3,108,96,125,16,93,-49,132,56,-172,48,-11,122,-118,40,173,-47,68,-47,-120,-110,16,-5,-203,-109,37,-47,-30,14,-65,73,14,39,-82,46,66,-29,118,-52,15,-22,29,58,-15,-63,30,70,-7,-87,-19,-89,30,-19,30,-77,30,53,141,-90,-43,1,132,30,44,-99,-42,4,64,41,9,136,-5,-10,-102,92,59,-87,-90,-108,27,147,-18,-67,88,-106,39,-82,-1,20,8,-12,-37
-164,18,0,-30,-110,60,-95,-105,6,-66,-79,25,54,79,8,-156,11,90,-83,-68,-46,32,-18,-55,-8,64,-72,113,40,-135,117,2,-5,61,-71,-9,-30,25,32,-50,76,-71,102,10,-60,26,62,51,121,-23,10,-64,82,88,159,37,-24,142,24,43,64,63,56,25,15,-6,-45,-77,44,69,-26,-9,26,-6,-26,121,-15,-94,83,-76,36,-9,-84,-91,18,-22,62,-72,2,-19,74,-45,62,79,-7,30,-14,-4,-5,-24
-3,-105,-93,-61,-84,64,-5,-67,-72,47,-38,49,33,-31,-17,-31,90,-93,59,-1,52,32,-119,33,64,-106,11,-40,39,136,-22,18,54,-38,172,-10,-55,68,-5,-47,58,12,19,59,0,38,-3,53,-10,85,8,-3,-39,28,-4,-137,-56,-22,-18,-50,15,21,-36,37,44,14,-2,-138,-82,24,-74,72,-120,-8,20,-47,12,-73,9,99,-30,52,-49,58,36,-94,95,87,22,-15,-37,28,-44,-48,0,-62,14,-47,-43,-17
-7,-15,23,-11,-67,32,-128,-12,-53,-48,-24,14,105,-24,29,28,-5,45,-30,-61,68,-8,140,-47,-60,36,54,-110,37,86,-22,33,-134,64,-82,-10,13,70,-17,-4,74,-1,-45,-21,11,78,-38,-23,27,61,-24,-25,-43,52,-30,-23,81,62,17,85,90,-105,10,41,-70,-82,57,8,-98,27,-28,137,-64,49,98,57,29,-65,-49,34,69,136,-68,82,144,-19,-2,48,129,-35,-74,-13,-83,-51,9,-59,-88,-18,19,-30
3,116,-1,-24,52,-83,63,-17,23,95,2,-81,128,31,67,83,-27,-37,-16,92,139,3,52,63,-28,-35,90,-70,46,139,47,-75,-110,-111,3,-47,106,-22,-84,35,107,-8,78,-8,68,-57,-12,-10,-35,-8,-93,-44,-30,74,-126,-50,78,-75,-16,-14,169,-6,-114,-79,-69,-3,-14,-60,43,51,4,25,-19,-66,80,-84,-77,-98,71,-39,-80,109,103,108,-99,-64,-78,-26,57,102,-58,61,22,52,116,6,-104,126,-15,-15
-47,8,11,-69,96,-24,-49,78,-18,10,-19,91,27,26,6,106,-59,-21,67,-2,78,45,80,-58,40,134,-50,-179,-73,31,-52,48,91,85,-12,38,22,14,70,-17,-70,-77,-132,68,-56,45,-64,16,9,91,26,27,-75,-47,-20,79,-74,-50,-20,-4,-36,23,198,-13,33,-42,94,87,-103,9,-19,-84,53,5,27,-17,-67,48,-102,-1,45,-3,3,94,101,34,28,-33,11,10,130,0,-93,-64,44,-11,9,3,-39,3
16,144,-24,-4,-76,14,-55,-7,-4,-80,70,-6,70,-74,21,-80,-41,-38,-160,-37,72,-86,162,45,69,79,-5,14,34,-19,-39,5,97,42,-45,-7,66,-5,-43,1,102,2,43,-124,89,57,47,-97,-75,-56,20,50,-7,56,-6,-49,101,-14,-10,21,-47,-78,-126,-177,-135,-6,120,-51,-58,-13,-87,25,-74,-21,64,20,6,88,137,-24,-1,-91,-3,22,-168,-24,-129,-19,74,-108,-75,1,84,-55,-23,58,113,-136,157,-110
