-16,176,38,69,-127,-7,-53,74,27,-70,-96,179,54,98,-100,-74,-13,-111,-182,43,28,-52,-19,-19,181,91,151,20,70,-53,50,60,-99,-27,-151,14,114,-233,-54,40,1,-45,-11,-276,-121,49,80,148,-174,-277,-18,81,77,110,-1,-44,33,71,10,-7,83,-101,112,-137,-9,32,-174,-65,-59,37,-168,86,-19,141,-23,-150,89,84,-9,-222,-93,97,-13,-79,-109,183,-53,176,-128,11,63,60,215,-141,78,-108,-206,-34,51,-140
185,72,44,54,-88,-12,-125,53,111,-18,-3,-64,-56,219,-18,120,-77,-35,-91,244,21,32,-78,105,-80,92,73,76,107,18,12,44,-2,-66,48,-10,168,15,-27,-111,110,-98,-108,-6,-38,9,3,-14,179,-145,41,99,58,-50,78,-79,93,5,47,132,181,-4,-31,-111,82,196,67,-60,-11,75,-26,13,-64,134,-65,125,107,-9,202,-105,-16,-6,134,-139,-163,4,-265,147,128,190,91,125,45,-152,-86,-146,-120,71,24,-34
-162,161,46,149,-190,-13,50,41,4,181,11,-44,-1,31,77,-6,-45,-209,25,-116,20,-23,-35,-33,-37,-51,-38,53,2,-132,148,-39,77,73,-18,94,-19,252,154,5,28,-4,-110,-43,28,-40,31,-194,-161,-82,-8,-23,90,78,-139,-17,-117,220,-204,-72,-25,-94,-138,60,116,-95,-183,67,42,-67,159,-136,65,-53,-207,-186,-84,22,-45,-39,90,-13,-25,94,56,-70,-31,-18,11,35,17,41,41,-126,91,-191,118,146,-182,-132
17,-27,-83,-38,-82,-111,103,88,-120,-33,254,126,91,95,-41,-40,-53,118,54,28,-110,48,-102,223,-29,95,90,43,126,-120,24,44,10,-143,-70,27,-70,13,57,58,-120,14,-11,102,-53,124,54,6,100,124,-14,69,-9,186,-7,-46,26,141,47,86,216,68,-22,83,57,3,65,9,136,-103,179,95,18,-15,249,100,-198,-36,93,59,87,-177,-93,128,-58,-203,-13,163,-58,-11,114,-4,-135,73,-63,-74,33,-2,173,91
-52,-51,34,89,-118,31,76,-61,-25,80,-180,-48,-8,35,114,129,-49,-58,48,-66,2,57,-24,36,23,17,-14,-10,-16,16,28,12,-84,-114,139,-47,-27,135,3,38,160,32,30,-77,61,-145,-104,24,-211,-22,136,-147,111,84,-60,48,-65,51,86,-36,-117,65,69,-5,167,-90,-19,-18,-28,293,123,-158,-61,84,-109,-231,-43,9,14,-57,-54,-34,-196,-60,119,19,213,166,56,32,42,-149,-74,48,-204,57,-72,30,10,133
14,77,-9,116,125,4,14,9,-15,343,-41,-233,51,15,42,-93,50,28,198,13,-127,-28,-117,-63,-64,-152,-36,-44,-12,39,31,-35,33,-74,50,3,19,-3,-57,40,-15,-55,43,8,42,-29,45,-103,-194,172,40,35,-181,173,38,162,16,-59,-113,27,103,98,80,164,-30,46,-180,160,-186,44,-16,18,-111,-11,65,-44,-245,26,21,-26,10,99,-30,149,109,78,174,-12,214,-175,-256,52,92,-50,-3,-44,36,205,139,221
-43,52,60,-20,-143,98,126,-193,-94,-75,-51,117,-88,-73,-19,73,72,25,194,-24,-118,-20,18,-140,234,-120,197,-85,11,-53,-190,-51,-92,-42,-64,-148,66,77,184,97,-98,43,-97,-117,121,-43,-20,22,43,119,-33,-100,37,-3,-14,-8,180,113,162,-70,-32,-21,-86,-28,131,134,87,-228,35,-136,-185,-10,-23,166,-102,53,151,-87,-33,-104,89,20,-29,-147,12,119,36,69,241,6,60,3,-62,89,-84,18,-101,-110,-88,-85
40,34,79,-37,182,-90,53,21,-46,-122,-43,32,182,80,32,-18,158,-144,157,96,61,23,-52,3,119,-98,8,7,48,94,34,10,-8,-22,271,30,140,-168,80,37,-37,38,-87,-52,-1,-50,110,1,19,-83,170,-187,30,-165,107,108,210,-8,-88,2,-49,-17,-76,-46,-65,-161,-73,135,-39,46,-81,69,180,-141,-36,-104,-114,-9,64,37,112,2,-90,-44,-69,-66,-28,-5,79,-174,4,74,150,95,-43,97,-21,55,80,304
-169,106,136,-78,86,-366,-126,-93,-120,-18,-99,-3,63,-62,-67,-177,154,152,44,-118,135,28,-25,-180,285,-118,251,97,142,24,6,-188,55,43,50,-69,-251,-125,-125,-62,-81,-156,120,-50,-29,132,-1,2,-30,23,-226,-178,3,140,99,10,-127,211,-48,13,-43,-68,24,-22,-26,-64,-25,25,58,-38,-296,109,104,-39,164,-201,-70,55,-201,-30,17,21,93,84,-51,100,169,-21,15,-174,119,25,130,-51,58,180,-57,-186,-7,-61
-128,-59,-50,-121,266,-36,-128,-63,97,-2,28,3,26,-27,-50,38,44,85,-120,27,-277,-206,42,-38,-64,-42,-4,-89,-191,24,36,118,95,201,65,-13,108,-82,-9,-97,15,96,-77,92,-5,136,82,60,29,-55,76,-2,40,-129,49,-54,-192,-87,207,-177,-165,-81,-50,-153,206,24,41,98,-122,157,-16,-209,54,-15,-54,25,99,-114,-29,38,-14,-20,-6,-54,63,-79,66,-7,-15,-45,-7,73,-149,-12,-72,-89,54,20,27,13
134,21,-111,4,-70,-7,30,74,-85,-48,57,131,102,-6,-153,60,-155,-72,26,60,99,54,47,-8,65,-164,90,21,136,135,-3,-28,-227,-14,-33,-32,146,163,42,-139,5,-2,156,69,-130,-4,-46,-43,42,22,84,62,-51,155,-188,78,52,-46,60,187,71,-93,46,-114,130,160,143,64,190,-155,110,7,112,67,21,-31,50,-155,-44,-99,71,-48,94,-91,-46,29,-37,-67,32,23,203,213,-50,47,-68,-162,-41,24,-15,-50
0,9,104,16,-18,50,94,113,81,-17,46,-32,-11,68,-149,-71,-202,60,-192,39,-81,63,71,-82,-97,127,35,-111,23,25,149,-27,-39,10,-138,29,24,-148,27,-40,4,134,191,80,-149,186,92,-131,180,-24,-68,315,44,-7,-37,-31,35,108,-150,14,-43,50,-67,-21,-67,89,111,326,56,-98,-42,-69,-16,12,85,-92,-57,36,-17,82,-23,-46,-21,-178,2,-109,-1,27,-7,200,-86,-39,17,-53,69,12,-78,-11,13,-9
-1,24,36,106,-247,-35,-75,94,74,-29,-127,121,-16,-19,131,-35,-102,-243,15,81,0,-69,103,70,64,8,124,-38,278,-27,-3,141,-139,19,20,-178,-24,29,-13,-53,123,-53,-97,-212,55,-84,-40,112,55,-53,73,-101,32,-124,66,-7,24,-18,-5,124,-172,109,-63,-136,154,14,-72,-31,33,-148,35,15,-32,-108,-122,-50,-30,116,-20,-96,-2,51,-137,142,-51,-57,19,-107,145,-77,46,-110,28,-88,-36,-50,-44,88,-122,-66
-75,33,6,7,60,-115,-56,-151,12,-10,-128,-2,14,-24,98,94,23,21,-15,-43,-58,-10,3,-26,83,-108,153,36,0,48,-232,-88,29,164,-87,151,46,-59,-133,108,-84,18,-62,149,-123,42,-137,-51,-43,220,47,-57,80,-154,33,-49,-88,-88,92,-5,5,154,-135,128,-121,-74,50,-25,-61,22,-112,6,-26,38,-47,-106,146,-70,-81,42,-77,-19,175,-35,-75,57,14,21,-56,50,-73,2,-172,109,-86,116,78,-38,17,14
-1,16,-193,187,-24,7,-115,-22,9,35,73,100,-40,68,-46,-116,39,-113,30,-92,50,52,-47,-47,-47,32,-90,78,91,-26,90,-19,72,-23,-75,-32,66,-189,-181,91,-1,33,-78,17,6,85,52,48,32,-61,-91,-23,61,-50,52,-115,130,-30,102,-31,118,-68,215,-43,-57,-24,87,42,189,66,53,149,12,35,68,-160,-24,-149,-63,-281,80,60,-75,38,39,142,-118,-35,11,-31,-101,125,-58,3,-28,-62,98,18,-16,-292
40,152,-140,-154,-145,0,153,-8,44,9,22,52,-80,-101,192,-59,43,154,75,9,39,-78,29,103,103,239,-115,45,2,68,55,-4,29,-79,11,-64,-195,-39,-153,92,37,-62,-42,-237,44,67,-77,151,-50,-50,46,-281,-106,-191,94,109,89,-66,134,135,-122,-191,30,17,-66,-101,-179,-16,-128,162,40,-51,-28,-168,-26,55,142,141,40,110,-83,79,-25,79,48,-64,-10,-66,33,7,47,7,-65,-2,-25,150,-79,74,-152,86
-73,-93,35,84,-11,-137,-156,-200,-239,119,-70,52,132,105,31,83,14,10,211,31,44,-12,38,151,-141,-65,-78,78,-85,230,-137,30,138,-15,-22,8,67,116,-115,60,-74,278,-67,198,37,-47,14,-110,12,70,-139,-120,-35,31,39,72,-9,26,-50,13,32,253,-25,3,-5,-25,133,-20,-151,8,191,-111,42,-268,88,109,-121,74,-41,-23,60,164,-54,-83,33,-16,-28,39,-166,53,-45,-1,-236,109,-19,64,185,1,-30,43
64,-93,248,13,104,24,-40,-56,-29,-131,101,19,114,-70,61,-49,57,-207,50,-3,51,-68,51,52,-49,87,-180,-38,-81,133,-40,70,43,0,206,174,45,-74,-36,-222,-110,22,58,-70,48,46,-85,-40,-70,116,-14,-75,-45,-157,30,-86,214,-28,-159,-6,-40,76,18,41,-137,-30,185,46,-44,-95,-43,25,137,-108,97,5,-135,-14,84,172,-99,4,-133,12,245,-45,-196,-134,-44,-39,-44,136,30,50,37,247,52,-11,-18,66
-20,-128,116,135,133,-41,-14,-81,164,-57,-142,27,42,138,-107,124,102,20,-3,-78,-96,-162,65,-19,59,-147,-222,48,-194,-5,60,-140,-126,56,14,83,97,167,1,32,43,-109,107,-42,-131,-113,-184,-33,-45,-48,-55,-30,10,-61,-39,96,-129,-35,-84,-91,187,18,22,-18,-3,-49,59,-110,11,-119,99,26,-66,-93,-61,-186,113,-70,78,68,-88,-35,80,-95,88,3,-138,-134,-206,-35,-64,54,-114,41,-106,49,-36,201,94,-159
-179,36,-93,-35,21,-22,-27,92,60,48,-19,143,-52,157,95,76,56,41,78,25,-70,-120,-153,104,156,-1,-141,14,118,115,182,125,95,21,6,169,9,-42,1,98,-264,-84,47,-93,-197,7,22,-34,-64,74,176,77,73,93,73,79,23,229,-12,15,100,27,173,-36,-82,-125,-77,-48,-145,69,302,-62,118,205,93,-96,-123,-191,78,-60,99,-98,-49,-19,85,49,122,-24,-197,-92,-95,30,-64,-14,-31,26,102,-6,75,71
1,114,5,27,-153,20,27,-101,-26,4,-153,-186,15,-148,-50,114,87,-58,94,-90,-94,204,0,18,-139,-35,23,-83,-52,40,-22,-126,-30,66,159,82,40,65,-12,-60,-17,59,80,-59,120,-51,45,-47,35,-69,-50,84,-61,-227,-41,245,166,-107,-34,55,183,-109,-42,-14,1,-64,99,7,199,79,100,134,72,-82,-285,197,-200,-115,-102,52,22,-65,48,-161,-84,60,51,44,27,84,42,98,-19,-92,-52,128,-40,25,-110,-55
32,42,41,-121,79,-9,80,-109,-91,72,47,67,4,84,-60,-33,84,-52,48,4,8,-87,150,-17,119,38,-83,178,135,-205,6,-90,23,-131,-123,-288,-80,77,58,-31,-104,105,66,-12,177,39,5,58,-51,-84,-35,-40,-165,140,-12,-74,23,0,-43,-123,75,59,-24,-165,189,113,-203,1,-97,-105,-83,-69,51,-95,80,-47,70,65,199,-116,-52,-31,16,62,64,-194,-178,13,-74,-20,-39,80,9,-165,-69,-21,-8,37,161,140
13,53,-19,107,-3,34,0,87,-65,-41,-110,3,-114,-115,114,113,74,-50,41,96,-4,-25,-81,-38,36,221,31,59,6,126,280,109,44,10,33,167,132,-183,5,151,-44,-112,35,2,-145,-147,26,-4,-158,-153,162,23,-46,7,15,-48,22,75,77,-6,-158,-156,195,18,25,-103,-41,223,52,-7,-44,169,56,143,166,-55,-125,-35,77,170,-41,66,-90,63,14,-17,163,-96,69,161,2,-6,79,26,30,-15,-138,24,46,85
-26,-146,18,135,-44,-23,184,-34,65,-5,127,172,-29,31,-24,-121,-119,13,-32,-37,111,110,9,7,58,-3,24,5,96,82,-74,-180,153,253,-231,94,23,69,-55,-85,-123,-164,228,44,115,228,23,212,111,53,-40,-66,-162,-22,187,118,152,157,8,-108,37,92,84,-9,-6,114,46,-107,116,-107,102,-16,88,-30,-48,-267,3,-10,138,-27,2,-158,-64,41,130,12,-72,-201,-36,-148,90,207,-55,27,52,145,-120,-17,-125,52
-160,-64,-182,48,31,-64,-8,-34,-7,50,207,-59,36,199,112,104,4,-18,-76,-66,106,28,12,94,82,-81,68,-109,53,-85,-69,-44,-147,-174,88,17,126,48,-49,-17,165,-149,-188,141,-84,-95,92,-41,7,228,111,-28,-3,203,-363,-13,-216,-54,125,98,48,122,-123,26,-56,-17,113,279,-135,-36,78,-105,-82,-23,100,-68,-16,-92,-50,-36,140,95,52,-48,7,-10,-12,224,-1,-66,-211,82,-42,-61,-61,-211,44,-34,150,-11
115,199,36,-14,-282,-69,-83,186,-96,38,19,-182,-105,110,13,69,-60,-115,-17,66,241,-20,20,-76,-95,125,-43,50,227,20,75,-74,-13,55,-101,112,-43,44,-57,-113,-103,-49,85,-90,106,60,-2,29,59,-106,-42,45,-68,79,150,-53,-16,-38,-120,-36,100,-100,25,156,23,11,72,2,128,70,-137,147,-14,-63,45,-105,-153,143,-100,-114,99,62,38,91,83,-54,-97,28,-139,3,1,114,-55,-87,68,-65,-47,216,-29,99
-99,-20,87,-82,122,-47,176,-82,119,92,40,-112,-64,-100,-124,63,113,-23,143,-91,-115,128,5,-108,175,-65,20,-132,-2,-106,-96,-137,-231,-64,-18,-193,-132,-258,77,256,-156,-82,-102,73,-221,141,-175,-50,-105,154,24,191,-82,2,52,24,-152,-160,-35,3,51,-104,120,-7,-177,-79,-6,93,-28,119,-94,-11,-132,-18,-20,-28,42,201,-63,16,-69,-58,102,-173,57,-28,154,167,-69,58,30,-26,-5,25,-26,46,-17,8,35,68
-22,48,-10,-84,17,78,151,-158,-16,-112,95,157,49,-56,237,34,204,51,18,67,218,65,58,46,158,110,-43,-74,167,65,-43,-15,34,91,-227,-10,74,-48,-148,32,-40,9,-14,87,-50,83,75,69,182,-19,-101,-66,-154,-127,-79,-20,146,139,205,173,-83,-87,24,-153,31,69,-87,48,-17,-343,-52,-83,56,49,-130,-30,-39,-26,-36,-59,-70,59,76,113,3,-74,-107,-60,79,11,146,127,80,-26,192,62,-69,103,-21,-70
117,48,-48,-86,-29,-52,58,-9,-134,11,-64,-63,-27,-128,-213,106,-51,20,133,55,132,-4,2,-244,51,-92,-18,-101,20,-9,-125,44,-52,129,-160,91,-8,1,119,86,-153,42,186,16,-14,64,135,-20,61,138,-126,261,15,113,43,34,71,93,-3,27,-65,66,-16,248,-95,123,-124,-117,25,-230,-135,19,99,63,79,77,-260,-17,-44,25,-111,-8,86,88,121,-12,-28,-21,-55,-11,1,-142,249,-57,320,44,-191,21,33,49
96,-83,39,-60,58,-53,-7,-18,52,-137,-80,-63,12,11,40,67,-43,22,65,72,164,-149,-38,-14,38,-60,-4,-2,16,-49,-15,-87,-154,30,79,-41,-49,175,29,-272,-31,-104,117,76,-70,36,-138,56,87,181,-21,-96,-212,-80,40,37,-8,-103,-99,-4,-15,98,-57,-152,-57,-3,4,-195,-32,-42,36,-113,-38,-19,34,-77,28,-89,123,210,-57,-122,99,-16,131,-120,4,-179,-116,-51,-69,-7,49,-7,108,-4,-89,-49,-81,40
-77,159,23,-3,9,-41,-20,-16,-171,171,-62,-162,44,-120,-121,-1,165,-23,-24,-36,-156,63,-121,-33,127,17,168,-21,-19,-109,-57,60,-126,44,-46,-126,-63,-1,-115,22,-17,208,-24,-32,155,26,-37,-36,-71,-77,-72,72,62,27,200,-2,28,36,168,152,-27,-76,140,-267,130,191,77,-145,130,-14,7,74,-106,221,-51,-46,-147,19,-67,-277,-64,17,5,2,-112,95,10,-80,46,51,41,50,-37,-69,-21,-29,91,-122,106,-80
27,-15,-52,241,150,187,-57,-3,60,-11,81,154,-102,-101,-278,-124,-16,-113,99,68,-48,-91,85,-26,-236,9,-153,24,-254,-146,56,102,105,-54,-201,-144,38,-156,-91,54,20,314,52,-116,49,21,-48,-42,-43,-98,-105,21,-30,-44,78,-175,-26,-104,44,170,-101,160,93,13,-5,-63,-16,-37,29,138,127,-142,-135,-187,24,86,-51,88,154,-196,-118,92,-144,-32,220,146,38,-32,-153,-123,25,-68,-26,-70,-52,224,5,-16,27,-83
143,-150,-10,-86,74,-1,-63,90,103,202,2,-311,57,-49,13,65,99,114,114,-42,-178,-171,-269,-120,-87,-124,-217,-181,50,-126,-46,-130,-11,-37,38,-107,-183,-187,-14,32,-8,177,-119,101,-109,31,-152,-101,178,-44,-162,13,-168,27,237,-72,30,-243,134,42,-66,138,35,64,36,-79,-44,-26,2,94,-59,71,-170,40,45,142,-131,103,-67,114,-152,51,134,179,-34,-35,52,94,146,53,-15,-60,57,-17,-155,-80,33,-31,-55,81
-83,-88,-163,16,37,-74,6,167,36,-85,129,27,-27,-40,65,-33,-243,-16,92,79,75,-77,-37,60,168,-170,-51,34,-36,50,-90,-19,-124,116,-29,53,145,-21,-24,-29,-85,-138,65,199,-115,-4,80,186,7,-118,-141,-222,-146,-205,86,170,170,19,-176,56,44,-48,34,-68,-54,-5,-116,278,-73,47,11,181,297,-50,71,54,47,-43,-130,25,80,-139,6,106,-110,-142,52,12,22,-9,126,300,-31,125,154,-31,-32,71,-19,18
32,50,30,-98,84,53,-166,63,-49,-15,11,14,34,59,-90,50,-107,-8,-2,61,-25,79,88,91,-72,-8,-20,96,7,88,94,102,49,-66,42,119,-9,161,-171,-71,-85,113,-20,201,-120,-17,175,0,-25,157,27,111,-7,18,-115,42,-86,2,-205,-66,114,8,25,28,106,-40,35,4,-138,108,-24,71,18,-18,-6,4,-52,-156,-64,-5,-13,-182,-45,75,62,27,102,111,-196,56,22,-127,42,41,165,85,-49,92,18,-37
0,15,108,-59,136,74,-68,61,79,-137,97,228,-34,-97,129,-124,-126,16,-143,88,68,-154,-64,-91,-94,-36,-5,-167,-249,-108,-7,62,-11,74,-94,-14,41,-13,-175,-132,67,207,80,-63,20,11,96,71,70,146,-198,-62,38,-75,47,78,1,6,60,2,-98,-117,-86,41,24,42,124,-9,-27,21,-85,109,57,-32,-21,-105,-16,-53,-149,114,-132,-19,74,51,29,108,141,-69,-46,-127,-109,130,-210,132,21,187,-14,-38,25,-238
-20,29,66,-33,89,61,-122,49,48,24,41,-55,-80,-99,68,127,147,-31,-6,-23,-103,-25,-64,107,-55,66,-103,-108,-81,15,46,82,-60,16,-54,41,89,-222,17,29,-145,21,13,-84,-48,23,-119,-53,173,113,46,165,-170,-83,31,24,114,-209,222,183,58,-98,10,-30,172,47,105,127,38,83,-5,-62,-71,48,-41,72,-126,-45,61,-117,-39,-66,129,35,-9,2,164,117,197,-70,151,-51,-24,7,-135,51,-59,-50,91,-44
-70,33,107,60,76,116,-135,-14,45,-69,-24,40,61,-49,-19,-16,8,65,44,-110,-48,-6,222,183,-99,-22,79,-23,-49,222,76,-42,36,-23,-3,-149,-106,-109,9,-51,192,-315,16,30,45,-31,-94,31,62,7,-139,-25,-89,-144,33,168,-107,-9,-144,202,62,-99,-21,-2,-6,-29,55,-55,-55,139,58,8,-54,-167,-75,-66,145,70,-109,54,-25,106,19,193,1,88,109,-175,142,88,28,-102,109,184,-12,-108,-94,55,-176,-81
38,-37,-148,53,-32,79,-67,-34,-80,-34,83,59,38,3,-78,35,77,-132,-33,-118,-47,-82,113,24,53,-77,21,65,-48,-183,-140,-13,-91,9,-83,-136,-45,-76,0,-131,-37,64,18,49,-70,-34,-9,79,48,-48,-68,186,10,31,33,132,155,105,136,75,167,-35,-38,-31,-80,57,-115,-132,191,-141,119,197,45,69,51,6,-165,-177,-64,57,42,-44,93,-30,-69,-21,-34,-156,-264,-183,-68,15,18,27,60,-170,-105,-8,139,-354
231,-55,-64,-35,42,138,81,79,56,30,145,-26,-158,-67,141,46,-203,110,61,-41,-204,4,64,13,-85,123,19,35,-54,57,-7,67,116,18,2,61,-48,204,14,-121,139,-182,59,96,-122,-5,-63,123,-28,85,50,29,-39,56,-147,201,-86,-75,105,-95,59,-88,146,250,18,64,63,122,-27,-3,43,84,32,-1,180,40,198,-116,131,147,-119,51,113,-53,123,-142,-96,-53,112,13,-154,4,-142,-3,-163,-114,-7,71,-100,-104
126,-13,-124,53,-244,-3,41,-102,12,-55,-69,45,-55,-170,-74,-154,-108,-58,-76,-131,-114,83,-84,-90,-51,-121,98,-66,147,88,69,-61,-52,-45,-74,99,-37,153,67,-10,-50,22,-44,79,9,-8,159,-109,31,-57,33,87,-193,7,-162,-25,3,-199,-281,-147,29,158,4,20,0,2,84,-104,-24,-140,104,26,246,-72,29,-63,81,-100,34,-132,141,104,3,-70,6,80,21,-99,-127,-121,-87,15,90,58,100,-116,2,-10,-187,-97
51,-87,64,-68,-190,-126,-131,38,-64,-12,-10,-45,116,-44,-114,82,204,-1,80,-129,-70,-200,-19,-181,65,-119,-212,-91,-58,12,175,-85,200,-67,208,48,35,-42,102,-108,-264,-26,-24,68,-50,141,-191,-235,23,133,-197,158,99,-19,127,-94,121,49,-11,-224,101,136,66,56,-194,-123,-43,43,-146,-7,126,36,32,-29,200,1,-117,-37,-65,105,34,-141,-19,-60,-80,106,61,33,-40,105,-140,8,-52,143,-62,67,86,-101,187,-120
-70,-37,-163,224,2,-53,-111,100,65,38,-31,-115,234,-45,-32,7,-53,-22,-249,-31,14,-36,119,185,-285,104,14,27,-12,-38,100,144,68,54,-126,313,-58,6,56,151,83,23,-2,-68,-32,-178,-96,163,-20,-116,178,-88,-58,10,78,-36,-59,-134,59,-24,-91,-52,-23,114,109,-44,14,17,-75,89,18,-39,-96,-143,-60,-67,8,-127,-20,80,38,61,-101,-23,-56,61,105,20,-48,55,129,-121,-92,49,44,-40,99,-39,-67,62
-47,108,196,-71,-131,2,-51,39,-113,85,-166,25,87,187,-164,65,58,104,11,-28,208,-23,102,9,-178,-23,-55,144,-44,50,188,-63,-68,-145,221,29,-46,183,46,-129,-105,133,132,67,161,51,44,-157,-185,136,86,72,126,263,-102,-194,-103,96,-54,-160,45,139,-72,16,-5,-242,24,-3,2,84,58,154,-174,-111,-10,-67,9,197,-180,86,-7,9,-47,-112,13,-48,-46,60,-202,123,-32,277,15,-29,72,42,-4,-100,33,-51
-46,58,60,-120,-24,-70,145,-313,21,-107,-6,-105,246,118,-59,-147,131,220,19,-57,-95,229,-22,98,-76,-89,288,-24,2,69,-101,-209,135,16,66,-45,12,182,8,-163,87,64,-17,136,-114,84,89,-27,-14,-68,30,-143,-89,192,-102,-25,-106,148,52,-77,-44,115,-67,-190,115,168,-119,82,-108,-225,-56,-64,-10,-84,-173,-75,41,-3,-6,107,-8,42,43,-68,-168,50,51,-6,168,-101,-11,131,2,-113,110,63,-2,-118,-1,-116
152,57,-53,-135,-144,58,-31,162,17,199,-185,-214,-82,0,258,-21,60,-52,82,-5,66,-97,-80,-23,80,158,-76,-30,209,-170,163,-62,82,-27,152,21,-169,98,121,-132,34,98,-217,87,136,110,-116,-141,13,155,76,83,119,-27,47,-39,0,-108,-102,-128,-51,55,-91,81,39,-150,-149,7,-141,96,75,-33,-71,14,49,100,-120,118,-88,60,30,108,-19,78,-34,-256,-64,58,89,224,-48,-37,21,52,-122,-136,162,112,-14,136
-57,-70,121,-116,-8,-106,-39,72,-73,-104,-90,-228,219,0,-18,72,146,16,48,-32,-13,80,-40,12,-136,-37,-134,120,-32,202,120,94,14,89,322,-4,-124,80,-16,-80,-50,28,24,80,-47,46,-88,123,98,18,-73,-9,58,2,125,-138,-65,-77,-121,-109,-35,9,90,-30,-130,-4,125,10,-66,21,-188,51,64,18,22,-11,-104,-2,-5,212,-95,-92,-99,19,-91,-72,12,-6,-6,165,-43,-219,19,42,54,130,234,-143,-40,101
282,-185,94,162,60,62,-37,-38,-4,73,10,-131,36,-60,-69,-103,-29,-4,165,78,-202,-28,8,-109,-102,-156,-24,-11,57,17,102,-13,0,-153,141,-123,-214,145,0,22,-132,107,-108,56,31,56,-99,-96,54,-22,139,49,-81,91,24,-102,-44,-13,-130,67,169,70,-23,91,-105,-171,133,-2,16,55,-102,151,-80,84,26,23,81,33,-24,-91,23,91,-151,148,25,9,127,-39,-102,-42,-102,59,-119,73,-95,-70,18,-58,-149,-105
-109,-186,-3,11,-131,131,-72,-62,19,-32,-4,36,-7,-6,-80,222,-12,-15,-330,-31,-100,-16,-18,-10,-393,-143,-88,-87,-169,181,-41,-14,75,17,-8,44,84,-71,147,-25,204,129,-75,59,-74,10,-101,-44,63,106,-68,139,33,-42,-99,-16,-73,-57,20,20,-188,23,-50,-7,-122,-25,43,-202,-1,-2,159,-246,-135,-106,-14,-26,23,68,72,156,27,-109,-139,-64,82,55,-97,-28,102,-3,57,-164,-47,164,32,75,69,22,69,-69
54,79,-82,-249,-63,52,-105,-74,-158,-71,-46,96,-49,-158,303,17,31,-97,166,-78,204,40,192,71,385,240,48,85,154,15,-258,11,-50,-22,45,-160,-205,-53,117,-232,19,-118,-131,-82,154,-100,-211,103,-83,37,32,-126,180,-280,0,130,156,269,-90,11,-114,-357,20,-34,-24,25,183,28,118,73,-53,3,153,-38,42,-58,204,31,-114,69,59,12,-27,10,72,-13,-200,-46,-38,105,84,123,-15,79,-61,84,10,52,-227,129
-24,7,297,162,-1,-201,-114,-34,-5,84,-51,-139,52,176,137,78,-66,131,-11,50,260,-45,-78,47,24,-132,-21,-28,-60,127,-2,-170,124,-36,38,106,118,157,-26,-177,195,-215,58,145,77,78,-40,-138,-5,-75,31,-114,94,99,-11,-41,-187,25,1,-52,155,146,-68,-9,-71,-134,-8,100,15,16,175,-25,73,72,-120,88,-74,128,-35,-103,-42,70,179,0,-196,8,-65,75,86,95,38,217,92,-104,-49,-98,-43,-127,-94,-5
-120,-62,16,-15,47,-191,-70,-30,-88,-116,-14,13,88,5,109,141,13,23,65,-97,10,103,247,39,145,-8,170,-13,89,42,32,37,69,32,89,54,77,28,123,-148,89,-138,-96,-97,-3,-29,-118,123,39,41,170,-7,306,-63,-102,85,-25,163,39,7,8,-89,15,-34,-64,-154,46,95,-12,-136,-64,-53,62,210,-39,-97,32,-64,-30,-28,-93,-132,-16,108,25,-5,81,-1,138,-48,-3,53,97,6,-6,7,-66,-90,12,-70
-97,-104,-141,-21,73,121,59,175,100,16,3,-127,-47,153,80,150,-95,71,-37,-2,67,-53,55,75,-44,-55,-61,-56,133,92,79,64,-207,84,42,34,19,-2,34,17,144,46,-93,144,-188,-57,33,105,191,6,247,-32,-122,27,-78,-35,-66,-45,94,-102,7,-116,65,22,103,11,54,-78,77,-47,-17,153,63,105,-27,10,137,-226,-20,-31,-7,17,140,-116,178,-93,-18,-103,119,25,-13,185,66,-11,14,-135,-28,53,-53,-12
79,-168,-140,272,-31,-215,-170,-103,17,229,21,61,72,-53,-103,-14,-68,-144,-2,-10,64,31,-50,13,-74,-53,27,222,-108,-81,25,120,11,74,39,10,-76,21,-41,-126,82,-139,65,-124,8,-63,-213,167,-105,-85,66,24,0,22,266,-58,-81,5,78,-135,-81,-46,156,-67,103,47,89,-11,77,-85,96,93,24,106,218,-81,-74,16,104,69,-166,8,-72,20,58,53,79,-31,-91,35,-85,71,-16,16,-172,-52,-32,-154,58,-47
-86,6,-161,-59,-123,-157,36,159,38,62,120,-41,-54,-87,-30,235,72,-33,127,-15,22,136,-120,41,-5,-244,63,-50,-77,1,-99,72,-107,57,-29,-91,74,-53,110,17,-286,-155,-96,37,-136,-59,-42,98,-39,-23,76,255,-33,139,-47,109,43,-142,78,-48,-122,-51,14,22,-52,21,23,149,4,0,-107,-36,78,37,-65,143,-261,-46,-94,-35,67,78,38,16,-154,-183,84,14,-11,-7,46,-51,-28,-95,76,-105,90,-115,-10,113
171,-65,-7,-45,-10,-14,-205,4,-228,-20,0,-37,46,13,3,54,58,-118,-41,108,3,143,-74,20,-146,155,1,66,-90,146,74,25,-70,-53,151,114,2,74,189,-38,-192,52,17,-42,132,-122,-95,-64,24,72,4,73,-141,-82,-26,-176,42,-117,-130,-33,100,-21,-80,-103,9,-19,-47,-156,-11,-15,-24,0,-15,186,5,214,192,4,73,-38,10,-50,-88,-67,117,-25,26,45,-68,31,-2,44,83,-55,94,-4,60,34,36,120
-183,208,34,15,-9,79,-28,140,65,-59,-20,15,-97,60,51,-14,-55,56,132,-119,103,-29,84,55,124,-38,-94,65,43,-54,43,-117,39,-42,-37,-21,-136,11,-26,-75,-46,-37,-40,54,-18,2,-145,-50,93,21,-15,74,-6,-27,49,-128,78,66,-94,-118,135,-104,-108,-18,19,-86,21,16,-52,102,-112,6,112,-1,-114,-46,45,-144,-111,-213,28,-179,116,30,-34,-119,-9,-10,-8,145,174,-32,-47,40,-135,135,82,-135,-164,-73
-66,-79,97,-77,99,145,64,34,-68,30,42,-3,27,139,-38,36,-57,35,2,-128,-30,169,-33,196,-70,-185,-133,24,8,106,-138,-88,-58,-139,-13,8,150,-29,-103,133,-178,-4,137,13,-32,-94,-103,-87,126,224,84,142,-159,-20,-89,106,-44,-98,-20,63,316,193,-211,139,-32,-33,-13,-197,20,-18,-59,73,-178,-13,-156,-117,173,-29,-10,-94,-82,-238,100,-74,-63,48,12,73,-93,-42,-160,-204,-120,-9,-46,192,-40,94,62,-17
-73,-32,2,156,61,-47,-199,134,-21,215,94,-71,-196,-6,-13,-1,-72,-4,52,-11,28,102,-63,25,-190,-117,-77,44,-49,-100,43,-82,8,62,54,-41,-84,187,29,-76,-157,39,33,11,253,-100,-62,98,83,151,6,200,-125,51,46,-18,5,59,-180,-74,64,-39,-123,-3,165,-94,285,25,23,299,72,-1,96,-2,15,143,-156,-10,88,-95,110,-91,-18,110,-19,-2,169,-4,-21,-24,-79,-34,-151,128,-178,20,83,-109,-41,85
-41,-89,32,264,57,-54,-34,-90,34,-8,-52,-39,45,-5,18,-170,210,-60,-52,-82,-139,52,-1,-11,-7,280,52,38,-52,82,305,-9,119,27,141,147,23,-190,58,112,-20,112,5,-74,88,100,-44,-79,16,-144,105,21,87,-111,69,-173,58,-80,-95,164,88,0,139,-134,26,16,39,29,55,53,63,10,-53,-40,-131,20,212,-29,-104,-64,119,127,57,118,72,64,93,-89,131,-75,104,70,34,-1,65,-27,59,49,7,-37
35,23,-17,199,247,-29,-19,93,217,55,185,-162,-2,144,-76,-82,-144,-66,99,140,38,104,-47,2,6,76,90,-12,-153,-197,165,25,-88,6,156,-95,77,-115,-62,29,-1,-56,82,-62,44,106,40,-24,165,51,-10,30,-86,-23,5,-48,-49,-37,-57,131,30,-123,53,-172,24,-54,49,139,68,93,-4,153,28,-56,-71,211,-83,46,-10,-213,-160,-51,84,-51,-57,-111,41,-29,32,158,-18,130,26,-223,-54,-85,-60,-74,13,-161
-34,-81,-134,21,13,67,34,-87,83,-113,-202,64,-13,-25,76,-62,-8,7,50,-212,52,-28,94,34,45,225,-110,138,306,29,-72,-41,21,3,-29,-1,-193,54,-44,-85,224,-3,31,103,36,-92,10,14,94,-137,-11,-1,65,-73,44,-31,57,186,28,-17,-150,-6,-75,15,146,-53,-41,-4,135,-26,116,-78,1,-148,71,-161,35,-70,-113,25,-74,250,-112,-57,-6,-49,-83,14,-107,104,94,0,142,64,-107,-55,-129,132,-120,27
70,-40,52,-131,-20,188,10,69,13,3,-59,-28,105,16,-178,157,84,-111,130,54,88,-73,30,-32,213,-35,-36,53,109,3,56,43,-78,-186,29,-156,-47,-163,13,-24,-77,126,-84,6,-109,-24,-55,-79,210,27,-25,25,-49,139,-45,-132,92,-58,169,-30,61,-53,68,-12,-118,33,81,-31,20,-245,-42,62,-44,242,-51,66,46,105,36,-131,-165,66,162,-39,54,-45,-104,25,61,19,-63,-62,71,-9,-84,68,30,-119,23,-103
-39,77,62,-75,-67,-74,5,-132,-48,-19,-95,-94,43,47,115,26,87,110,32,-177,-65,-2,33,23,-13,-69,-182,-29,189,136,-52,69,114,100,-75,79,-101,233,35,87,79,170,-73,27,67,-11,190,97,51,-50,61,-75,70,27,52,11,-9,186,-77,-70,75,139,38,199,150,-34,80,-90,14,-132,-22,-148,140,62,16,71,-177,-6,11,-140,202,103,24,86,35,24,-34,57,45,-121,-1,33,20,116,19,-26,-93,81,-30,234
63,65,-20,-36,-1,18,7,-87,67,-25,-22,-30,19,44,65,49,1,97,26,37,88,101,-45,7,89,57,51,39,-186,-36,-100,51,-123,-79,23,88,-7,-13,-12,-102,41,-192,40,-10,-43,-66,64,-53,-166,-104,-85,-152,-11,-2,-145,-12,-67,-144,165,27,-73,-122,38,-45,59,65,41,95,55,81,-101,-72,-113,117,2,56,68,63,-126,2,88,66,-36,-197,27,38,22,105,-63,82,164,151,-36,-160,-8,-29,-189,156,-67,-7
57,-51,99,10,-31,-33,-42,98,-174,-19,-129,-85,241,-1,-75,9,50,75,33,28,-11,-17,30,-48,85,67,-12,87,1,-57,14,61,40,-109,-8,-105,-162,1,-6,-11,-96,-9,106,155,42,-50,-102,-4,-103,-129,-92,-139,13,73,101,-47,-139,14,-2,-21,130,33,235,19,65,57,60,79,194,-148,-86,118,-76,-4,193,2,-121,-20,-132,44,29,-160,-46,258,15,-4,90,-88,75,34,-56,-55,-63,-72,65,148,-58,-23,41,27
-156,131,52,18,-108,20,88,-81,-16,-35,16,55,-33,-37,-16,-82,106,10,-20,-54,-180,80,-191,0,188,23,123,69,-10,28,-31,-55,-58,-53,-68,44,15,-28,70,163,-170,20,-61,-104,-130,-83,58,-110,-136,-112,106,126,-33,17,-29,-139,-71,175,-81,167,42,-101,54,99,-42,-112,-90,-27,202,43,-59,-33,50,4,-130,-193,-8,-161,-81,-17,66,115,-3,-44,-27,-22,136,128,-225,-91,-89,-54,5,-23,106,1,-59,67,-69,29
-43,-11,-111,-80,191,160,-106,99,-41,-170,-34,-112,-9,69,-3,190,26,132,-66,-67,-12,-53,143,119,-238,-72,-136,66,-179,7,44,48,-2,37,199,9,103,-79,22,170,26,160,14,-76,1,-81,110,108,112,-47,143,129,89,62,-71,-1,32,-133,-95,13,9,-21,-3,60,-87,-137,15,-104,-29,161,-109,82,-65,-24,99,54,8,-147,-118,77,-13,-63,-101,-62,60,-44,-126,-79,-164,28,135,-23,-56,97,16,20,-13,-54,177,-55
151,-59,32,-89,-68,-60,32,192,13,57,56,-116,55,-86,-12,12,51,59,0,-1,-89,-129,-57,-28,6,28,-237,200,86,-6,46,59,-7,38,-92,27,-60,141,66,154,-84,-136,165,-56,-16,-60,23,-6,-256,-188,-4,-78,-73,91,17,30,-23,11,41,1,-51,48,75,-69,-20,-1,-243,-119,62,-34,-31,-1,-219,104,74,68,121,3,-6,69,52,63,74,19,-24,-27,-21,2,45,36,-85,57,27,74,-97,-5,-65,-68,-65,233
-55,114,2,-160,97,-75,-109,7,-124,40,43,89,-113,113,174,-146,-16,87,59,88,89,81,-108,85,149,126,114,-29,-79,-132,-116,-53,-42,73,132,-78,121,133,-11,-64,54,-84,-33,103,57,74,17,-95,-116,87,128,-135,237,-111,-53,-3,-65,292,-56,3,-34,51,-150,-257,82,-60,-15,-133,-63,97,120,-71,-35,-4,91,-52,112,-35,220,19,100,-217,30,-189,-18,113,52,96,-104,-193,-123,-4,18,-109,-41,31,-6,98,171,131
65,-32,131,-93,-13,66,-36,75,115,25,22,-115,66,-344,-43,-34,-30,-122,29,97,-102,238,-97,-60,20,-221,38,61,83,-7,-28,-26,-10,-105,-28,-189,-146,52,-81,156,23,76,68,89,31,55,-100,-174,27,21,52,138,-5,21,-54,7,-73,-28,-149,-72,102,-22,-92,-19,-105,-49,152,-144,75,159,35,81,35,98,-172,89,-79,-87,-20,-149,-187,-155,-65,-207,-238,121,54,13,-4,120,54,-200,-200,84,-192,58,108,-77,-61,3
-68,138,58,51,249,140,29,12,-102,-101,11,215,-107,25,36,-2,110,-84,69,-11,88,214,51,134,-25,185,-2,73,-157,74,66,23,74,-60,-104,-16,35,-43,-167,86,-122,40,96,-10,71,-44,25,-98,-57,-72,62,46,-16,-85,-128,3,8,126,-6,193,131,-114,71,-101,51,-108,11,-28,114,-86,-143,-55,-50,-182,2,-21,142,-10,-1,-107,-67,12,-47,-49,171,87,62,-43,-262,36,197,-48,-17,-193,20,193,141,169,37,78
42,106,-9,-109,-175,28,-2,69,-76,-13,112,157,-45,-56,298,-42,-17,-29,33,30,59,139,-102,17,-39,208,-9,144,254,284,41,119,119,62,-156,78,-151,17,-79,140,39,-254,1,-3,88,-39,-92,-22,118,-25,55,-193,-25,-71,-44,-145,-95,106,-71,-9,-125,-233,-8,75,-24,-36,-96,-134,180,-114,-142,-113,-34,60,-119,-174,107,-59,-1,-3,20,-12,-90,137,26,-64,67,-79,-37,-44,133,-99,-66,-98,115,87,64,238,-169,154
-30,76,113,-15,4,208,-78,190,77,-66,-170,8,-96,22,-72,-171,-26,-38,43,-42,26,-100,98,-31,212,53,-217,43,6,44,126,14,62,171,-98,133,47,160,-79,200,-90,7,75,5,-160,-161,-115,64,-176,-45,105,-205,-62,-86,-7,-60,-196,40,-124,-217,-31,-13,42,50,51,-107,-31,-45,98,-6,60,34,69,6,-33,-86,76,-129,60,-15,64,-71,-101,-106,-14,95,199,-47,-86,122,69,-166,-99,79,-29,232,17,138,-241,76
127,83,66,90,-45,129,-62,-95,36,147,-60,-107,70,86,-201,-144,-54,-29,-109,59,-27,44,-38,118,-159,-78,-43,-59,20,-64,67,-39,-21,-72,-42,61,-35,138,-151,58,204,269,-53,48,-26,-11,-12,-140,37,8,-22,35,-22,-84,24,-11,195,-252,-51,183,214,46,-127,-62,111,93,142,-128,-9,-46,83,13,76,147,3,98,-38,-31,109,-265,22,-61,42,-160,44,79,-152,-152,97,33,41,-42,-11,21,-251,108,33,124,-116,35
175,77,9,-247,-160,131,-76,104,38,25,-16,87,-145,-51,248,5,28,41,52,-2,-10,-118,11,75,30,100,-85,-15,107,57,-132,135,34,18,-129,-81,40,-77,-11,-3,104,16,-133,108,-107,-25,80,-23,52,3,-82,-23,-64,44,-81,22,-82,-84,42,-95,-199,115,18,60,68,122,73,68,136,-95,-35,-19,6,-143,112,190,-76,46,18,106,119,281,134,72,-20,-143,-25,-12,135,2,12,-175,-69,-28,38,-157,-36,45,28,-8
-63,-92,86,66,126,-83,34,-85,25,-127,-90,-109,-44,93,201,4,126,92,-66,-138,8,121,65,2,-47,-55,170,-118,82,-49,59,-194,77,-170,97,43,8,-71,-72,137,-35,-165,-73,103,167,-11,-16,-9,-37,127,145,-21,-25,66,-199,43,-171,-109,81,-28,259,11,33,-106,27,-233,24,-70,-119,-33,-118,-50,-134,65,-61,11,105,-53,-1,-28,70,13,136,1,-56,7,61,70,103,107,-144,109,-113,-52,-106,-48,135,-23,-65,14
5,-221,86,114,103,-12,-163,18,-78,-61,82,-118,-40,-190,20,-124,1,-27,-14,-147,87,-20,194,-17,-83,-35,-172,-53,-27,11,192,-62,116,-12,44,65,64,-8,-139,-17,33,11,3,50,48,59,-33,-47,-61,-94,97,-98,-9,8,-40,-280,3,-84,23,-172,10,88,-55,38,82,-101,74,77,-32,73,-41,-49,-58,-202,112,-43,-18,-80,26,112,-38,33,-141,-191,69,83,165,-31,24,73,-18,46,-26,66,23,-1,61,-38,-40,-67
-22,1,152,17,34,20,-24,212,-16,35,-56,35,77,70,-152,26,88,64,-106,-50,-4,-167,23,17,-90,31,-271,-54,20,194,178,-33,305,-90,38,-193,18,-24,-11,-121,18,30,-64,46,119,153,-44,-90,156,-173,-44,62,-92,104,106,-127,44,-35,-42,-215,15,62,67,101,-106,-92,-145,-125,-70,-100,-85,-213,-89,-159,-46,-63,44,191,150,-19,-180,-80,11,11,-27,-89,-17,49,-104,150,43,-88,-22,17,-121,219,-9,-135,-40,131
135,-21,16,4,66,83,-136,-84,-92,110,-17,-143,-8,-35,217,-56,102,16,96,-28,162,92,-27,36,28,-2,-23,-160,-131,30,-41,-89,33,56,-12,-62,-44,-77,-130,-53,84,-195,-84,145,31,-36,-117,-90,-44,-7,-16,-188,-7,-190,54,79,-70,-43,4,33,106,-11,-137,102,-159,-112,-60,-2,-17,26,-25,-7,-140,12,-22,-83,-45,31,14,9,-95,37,-19,15,56,163,71,-234,-97,-109,-184,-42,35,-97,132,-15,-134,245,-86,6
-78,107,147,-34,35,158,42,127,80,-135,-41,161,114,1,-109,-74,-54,-79,-152,98,-9,20,32,5,161,55,93,-21,158,80,-7,97,-188,56,-165,218,110,71,-112,315,-41,-67,-82,-115,-109,-149,192,-111,-190,-115,27,-139,-116,2,-85,-279,-10,-84,57,64,136,-123,65,14,201,150,153,-146,43,-16,-177,40,26,7,-93,-75,126,-134,-69,-208,66,77,49,-20,-37,239,-136,22,72,121,228,-34,77,-13,123,-36,48,21,-92,11
60,15,-54,7,92,-12,16,-79,19,70,103,29,63,-101,-2,-88,-171,-121,-3,52,-50,236,-62,3,-73,-77,230,-10,-12,-150,-200,-90,-100,52,-17,-49,-83,77,-97,-207,-15,181,-103,44,202,158,-66,42,73,42,2,83,68,-92,36,-77,134,15,-169,6,104,-16,-159,-105,94,75,173,59,-5,-6,-117,16,1,55,-107,-7,-26,157,110,35,-49,-60,37,149,6,-21,-77,103,80,93,7,113,73,38,3,-52,55,22,69,13
20,-97,191,20,-16,100,83,-69,-39,-103,45,-30,126,-149,3,45,20,-39,-36,-134,-109,92,196,6,-220,-203,-21,-47,-21,-60,81,138,-125,47,-49,28,0,49,-54,101,-26,74,51,11,-267,-15,-22,15,-136,10,113,229,-39,110,-138,-14,-33,-129,-42,-48,77,100,-44,111,-21,17,-101,-90,-9,26,-38,9,13,81,0,-116,-120,-240,-88,118,-94,-79,-89,-51,-61,-5,71,-145,-81,14,122,-134,-5,28,23,-3,26,-58,-121,-51
31,79,2,164,-39,-84,74,10,-24,60,68,142,79,-24,-112,-48,-75,82,-175,14,-127,102,-45,62,-26,18,66,-86,-63,58,-42,82,-155,98,-76,179,64,51,21,-26,-63,-72,77,-11,-120,25,28,-15,-125,26,16,5,-92,-53,-120,89,-72,-12,-90,84,3,-17,6,-56,30,74,132,-56,231,161,178,71,47,115,-132,-145,67,-85,-113,-2,-28,-208,-32,-110,-43,263,158,89,-171,-37,133,77,-62,140,-81,-26,-191,13,67,-88
-142,-108,-37,191,58,-52,-44,-89,12,74,-80,98,-54,129,108,-49,-80,-46,149,-84,-101,-206,-5,-47,-77,123,-139,-24,-9,-4,42,89,138,45,-23,78,-64,-90,-56,-52,-9,64,-54,12,-122,-56,-77,143,-29,-55,-29,31,36,-41,165,-195,59,194,-68,-5,43,92,147,-37,-12,-12,33,76,21,-23,82,-59,58,17,119,-68,-169,-16,-28,-47,-1,111,0,180,100,35,145,-43,32,-3,-67,43,-17,22,26,16,-82,-18,-112,-11
-40,-53,-21,-12,-2,14,91,61,-136,90,-73,-162,-56,-269,-36,-76,63,-199,-92,58,-35,81,-75,-81,-19,-128,-8,-41,135,-100,50,-22,7,100,161,-86,189,74,64,96,104,100,-112,-92,102,-10,134,-8,10,-77,46,-11,-182,-3,66,103,-123,-63,-104,72,-163,-124,19,6,162,81,-13,74,182,25,-34,69,203,-34,44,-52,-297,-112,-53,-28,-129,14,-318,52,-170,75,18,79,175,54,162,-10,-2,-21,36,-2,154,-41,-47,19
-48,49,-153,-109,-88,41,-95,-88,-138,-10,10,180,-194,121,-6,93,-21,57,71,30,239,16,-47,135,-90,20,-62,133,-41,12,-68,104,46,39,-1,9,18,-29,-98,22,-81,4,98,-87,105,-119,10,98,41,135,28,-42,144,93,-16,-49,-123,267,138,69,-107,-71,-101,46,123,-18,85,-47,-33,80,55,-104,-46,-45,-11,-110,94,-9,76,-54,-22,3,-189,2,6,52,-27,76,-192,28,116,15,-108,-21,80,143,45,-83,-62,-93
-18,-184,-28,-54,0,42,29,89,130,-62,98,-50,-267,-72,-37,-63,-114,-44,51,-101,-31,-51,-48,-72,-24,-58,-119,-158,-136,-78,-17,67,-100,-32,112,-47,-123,28,-86,-29,-112,-51,280,-171,-175,-193,-75,65,-61,-104,98,52,-194,-9,-97,129,-163,55,-190,145,26,-18,89,92,78,-55,151,64,92,73,111,-20,76,-117,-2,-192,37,52,50,35,7,-147,-209,126,138,-104,325,36,-194,-201,123,64,-256,60,-19,56,-59,76,24,-83
18,13,168,51,-17,131,-55,45,167,60,106,92,-137,307,-178,-45,18,-183,-123,50,16,58,9,8,-83,113,-120,-63,87,49,202,45,-1,-65,170,-61,59,-66,-69,-76,-60,-3,-163,-14,63,17,136,-145,19,-75,-51,-84,27,-85,85,-45,-42,-121,-158,-64,-64,66,153,-135,-12,-113,69,35,110,91,78,89,-13,-29,-34,-33,-81,73,22,-89,124,45,5,-89,41,106,-31,-88,-123,-27,-97,97,84,-47,-46,55,-20,68,-64,-62
1,30,-137,70,-46,75,7,-105,-112,14,-77,-45,-19,-73,-85,153,80,39,146,-184,-112,16,53,-56,-49,56,-48,-78,-176,4,-76,4,-35,-3,-64,-35,-20,-52,49,-48,-152,101,31,14,33,-51,-193,30,79,-47,12,262,119,-11,78,-32,145,23,-34,-53,33,41,2,72,-22,145,93,65,63,-142,-138,-43,-26,-36,-1,-88,-142,-168,-41,57,-164,62,11,72,48,55,121,-10,-21,15,-8,-180,-27,-7,64,94,43,53,98,34
-17,-10,83,-99,-3,196,-85,0,71,105,-123,-35,-78,-26,15,106,51,3,-18,-105,-57,-192,-44,-97,-12,-36,34,-152,-69,-76,-21,27,105,-28,-8,8,-70,20,-21,-94,-92,106,-98,59,-27,-18,-137,-130,61,12,-33,110,-37,-54,-59,118,-45,-57,-76,-194,5,38,37,29,-67,-237,-147,-185,-193,-45,21,-10,-93,-48,-65,-47,-4,-54,149,-10,-91,-5,56,107,-16,-36,-40,-42,-112,184,-71,-23,-65,-110,-7,-86,145,102,4,-50
80,32,-100,-95,-14,19,-102,-230,241,52,-99,74,36,-109,-81,125,32,-27,1,92,-20,-196,-66,-106,-157,-61,-40,-118,-49,-186,-48,-35,-82,72,-12,-93,-53,166,5,-156,67,110,6,-115,83,101,-61,46,93,-2,-54,155,27,32,115,32,-21,-2,98,49,-134,-19,-108,-133,92,0,97,142,-228,82,57,-151,-86,-142,-92,63,-133,150,-58,17,-64,187,-11,190,-67,27,123,206,-85,-30,52,-11,22,-76,30,-163,-54,-56,78,-117
-8,-58,35,76,-96,-54,-37,-16,-34,14,-1,-49,-152,177,-74,-68,66,80,91,188,140,-54,-11,12,-42,126,15,86,65,73,172,-211,191,-91,85,-43,77,113,130,-211,16,-233,6,26,231,159,-81,93,-45,129,-57,-72,103,80,94,-31,34,8,-92,-20,86,-12,79,44,9,26,-65,90,-128,68,227,-193,-48,-72,-73,-23,55,277,45,129,-22,-160,-245,99,84,-129,-21,-49,130,-86,4,149,-70,-81,6,58,44,-28,-55,-12
-47,158,137,-31,-29,-45,211,-136,88,-28,-15,-34,-54,-135,46,-27,213,-30,54,-57,13,158,73,-10,-22,235,47,-72,-68,5,-94,89,-79,23,-30,54,-94,47,42,234,-67,-17,-80,-122,-36,-58,-125,-54,-165,-9,148,51,48,-254,23,-77,-18,89,-37,54,-86,-184,-24,-68,36,-79,29,-143,77,-14,-2,-59,43,-221,-187,24,66,84,-17,-88,-12,56,26,-246,114,84,36,51,-73,-35,145,-29,42,-106,76,205,-3,159,26,157
-49,-13,-97,87,68,-58,36,-33,242,99,-39,13,307,65,-37,-158,-65,-40,-97,-15,-180,58,-113,109,48,198,185,90,-90,-202,103,146,-46,-11,15,-36,-197,-55,29,37,-12,81,-65,-188,-55,2,-56,25,5,-135,68,-48,102,-68,170,-12,52,-125,94,14,31,-183,0,-91,183,36,15,264,85,98,43,-45,-31,14,-50,-37,-28,-29,-111,-59,34,159,-39,19,-115,-25,204,107,96,47,-106,-126,-53,-52,-77,-90,96,12,10,-22
-4,59,-94,25,173,-27,-73,-71,-56,131,-41,-28,-39,63,-65,79,31,-228,165,103,-3,19,-148,-12,91,280,78,47,8,82,-51,44,25,8,57,-107,-213,-116,85,60,99,-39,88,-143,23,-111,-94,41,-46,-1,143,-160,145,-86,159,60,-21,-39,151,285,-60,-84,9,-26,19,42,36,-7,-17,15,83,-145,-189,-105,-6,98,-139,-15,68,18,-54,-44,-208,-10,107,24,18,-49,-18,-161,26,-94,116,-162,75,-142,-79,137,96,53
-74,184,44,0,-55,-180,140,-36,-75,40,-1,-85,-62,-135,37,-37,74,114,84,-148,16,49,92,-61,-61,-7,-18,57,-44,-134,-21,-92,57,46,-141,-63,-90,5,51,105,-62,-50,242,-188,83,92,-207,123,57,-51,-22,177,-70,11,147,-27,-111,17,63,117,-43,-17,24,-140,153,55,-93,135,146,22,-8,-118,-17,-115,-4,92,-55,17,-163,97,-51,51,184,33,-90,67,13,-93,155,136,114,-130,-49,-258,63,20,111,-169,-55,88
-46,230,-50,-28,-179,-5,6,-63,-162,136,33,-56,-61,29,30,-239,4,94,136,-6,-13,314,-6,-108,-43,-24,44,24,117,-22,57,-16,72,-64,88,45,-109,11,-323,66,-3,117,13,27,105,17,-20,-103,60,-33,-228,-2,45,-11,83,-110,-173,217,-51,110,165,13,-22,-47,84,6,208,251,89,102,68,85,100,165,46,-13,-92,139,33,-70,157,-46,25,-14,-73,117,101,164,76,134,-114,-78,-26,-141,-71,2,41,118,4,-80
19,8,-4,-62,105,-3,100,-54,168,-167,47,-157,17,-56,-49,28,138,97,38,-17,24,49,67,36,-145,-130,-51,-24,-91,48,-106,-150,-34,232,-150,95,124,177,-68,126,-102,-22,81,66,-77,10,-82,55,-12,185,-81,149,-130,-31,-114,15,-92,-59,43,76,-57,113,-67,-55,93,125,213,-14,-34,41,18,-97,19,-91,-71,-4,-34,75,12,13,57,14,37,-35,105,-37,-81,-59,102,-70,118,-91,97,97,-1,-6,53,24,43,-19
6,-253,136,102,100,2,-126,4,262,-24,-54,-45,-118,155,25,310,123,-112,-167,37,14,-177,154,19,-88,126,-47,10,-86,6,21,-95,107,126,2,-8,136,22,198,-6,-130,-315,-67,-80,17,37,-341,103,-86,86,37,-56,-3,-139,116,60,-19,-188,197,-48,-90,-92,72,-29,57,-42,-84,-100,-218,101,-235,-125,-275,-123,-10,-47,332,34,16,71,14,63,115,13,136,-103,-88,-29,151,43,-19,71,-39,6,-20,49,-28,148,-36,-64
